Loaded environment variables from /rsstu/users/k/kanarde/NASA-Sunnyverse/rmccune/poseidon/poseidon_deploy/hpc_submission_scripts/../hpc_paths.env
Activating conda environment...
Starting image rectifier Python script...
[2025-12-31 07:19:29] [MainThread  ] --- Starting Depth Calculation Pipeline ---
[2025-12-31 07:19:29] [MainThread  ] Loading LiDAR data from: /rsstu/users/k/kanarde/NASA-Sunnyverse/rmccune/poseidon/data/lidar/combined_point_cloud_down_east.laz
[2025-12-31 07:19:31] [MainThread  ] Creating point array from LiDAR data...
[2025-12-31 07:19:32] [MainThread  ] Generating grid at 0.05m resolution...

--- Starting grid generation for 'down_east' at 0.05m ---
  [IO] Using existing directory: /rsstu/users/k/kanarde/NASA-Sunnyverse/rmccune/poseidon/data/grids
  [GRID] Generating grid coordinates...
    X Extent: 847809.69 to 847973.87
    Y Extent: 127254.63 to 127450.14
    Initial grid shape (before transpose): (3284, 3911)
  [GRID] Interpolating Z grid from 205550 input points...
    [WARN] 8834 grid points were outside the interpolation area (set to NaN).
  [GRID] Transposing grids to (Y, X) convention.
    Final grid shape: (3911, 3284)
  [IO] Saving compressed Zarr arrays (mode='w', overwriting)...
    X -> /rsstu/users/k/kanarde/NASA-Sunnyverse/rmccune/poseidon/data/grids/down_east_grid_x_0.05m.zarr
    Y -> /rsstu/users/k/kanarde/NASA-Sunnyverse/rmccune/poseidon/data/grids/down_east_grid_y_0.05m.zarr
    Z -> /rsstu/users/k/kanarde/NASA-Sunnyverse/rmccune/poseidon/data/grids/down_east_grid_z_0.05m.zarr
--- Grid generation successful in 5.84 seconds. ---
[2025-12-31 07:19:38] [MainThread  ] Initializing DepthMapProcessor... 
[2025-12-31 07:19:38] [MainThread  ] Iterating through event folders in: /rsstu/users/k/kanarde/NASA-Sunnyverse/rmccune/poseidon/data/down_east/flood_events using 4 workers
[2025-12-31 07:19:38] [MainThread  ] Found 56 potential event directories.
[2025-12-31 07:19:38] [EventWorker_0] --- Processing event: DE_01_20240808134219_20240808214722 ---
[2025-12-31 07:19:38] [EventWorker_1] --- Processing event: DE_01_20240603210426_20240604041626 ---
[2025-12-31 07:19:38] [EventWorker_2] --- Processing event: DE_01_20240808122019_20240808185919 ---
[2025-12-31 07:19:38] [EventWorker_3] --- Processing event: DE_01_20240727152730_20240727234946 ---
[2025-12-31 07:19:38] [EventWorker_3] [DE_01_20240727152730_20240727234946] Calculating depths from: labels_rects
[2025-12-31 07:19:38] [EventWorker_3] 
=== Starting Depth Map Generation ===
[2025-12-31 07:19:38] [EventWorker_3]   Source Zarr directory: /rsstu/users/k/kanarde/NASA-Sunnyverse/rmccune/poseidon/data/down_east/flood_events/DE_01_20240727152730_20240727234946/zarr/labels_rects
[2025-12-31 07:19:38] [EventWorker_3]   Output Zarr directory: /rsstu/users/k/kanarde/NASA-Sunnyverse/rmccune/poseidon/data/down_east/flood_events/DE_01_20240727152730_20240727234946/zarr/depth_maps
[2025-12-31 07:19:38] [EventWorker_1] [DE_01_20240603210426_20240604041626] Calculating depths from: labels_rects
[2025-12-31 07:19:38] [EventWorker_1] 
=== Starting Depth Map Generation ===
[2025-12-31 07:19:38] [EventWorker_1]   Source Zarr directory: /rsstu/users/k/kanarde/NASA-Sunnyverse/rmccune/poseidon/data/down_east/flood_events/DE_01_20240603210426_20240604041626/zarr/labels_rects
[2025-12-31 07:19:38] [EventWorker_1]   Output Zarr directory: /rsstu/users/k/kanarde/NASA-Sunnyverse/rmccune/poseidon/data/down_east/flood_events/DE_01_20240603210426_20240604041626/zarr/depth_maps
[2025-12-31 07:19:38] [EventWorker_2] [DE_01_20240808122019_20240808185919] Calculating depths from: labels_rects
[2025-12-31 07:19:38] [EventWorker_2] 
=== Starting Depth Map Generation ===
[2025-12-31 07:19:38] [EventWorker_2]   Source Zarr directory: /rsstu/users/k/kanarde/NASA-Sunnyverse/rmccune/poseidon/data/down_east/flood_events/DE_01_20240808122019_20240808185919/zarr/labels_rects
[2025-12-31 07:19:38] [EventWorker_2]   Output Zarr directory: /rsstu/users/k/kanarde/NASA-Sunnyverse/rmccune/poseidon/data/down_east/flood_events/DE_01_20240808122019_20240808185919/zarr/depth_maps
[2025-12-31 07:19:38] [EventWorker_0] [DE_01_20240808134219_20240808214722] Calculating depths from: labels_rects
[2025-12-31 07:19:38] [EventWorker_0] 
=== Starting Depth Map Generation ===
[2025-12-31 07:19:38] [EventWorker_0]   Source Zarr directory: /rsstu/users/k/kanarde/NASA-Sunnyverse/rmccune/poseidon/data/down_east/flood_events/DE_01_20240808134219_20240808214722/zarr/labels_rects
[2025-12-31 07:19:38] [EventWorker_0]   Output Zarr directory: /rsstu/users/k/kanarde/NASA-Sunnyverse/rmccune/poseidon/data/down_east/flood_events/DE_01_20240808134219_20240808214722/zarr/depth_maps
[2025-12-31 07:19:38] [EventWorker_2]   Found 65 rectified label arrays to process.
[2025-12-31 07:19:38] [EventWorker_2]   Processing file 1/65: CAM_DE_01_20240808150626_predseg_labels_rectified
[2025-12-31 07:19:38] [EventWorker_1]   Found 28 rectified label arrays to process.
[2025-12-31 07:19:38] [EventWorker_1]   Processing file 1/28: CAM_DE_01_20240603225426_predseg_labels_rectified
[2025-12-31 07:19:38] [EventWorker_3]   Found 84 rectified label arrays to process.
[2025-12-31 07:19:38] [EventWorker_3]   Processing file 1/84: CAM_DE_01_20240727162425_predseg_labels_rectified
[2025-12-31 07:19:38] [EventWorker_0]   Found 81 rectified label arrays to process.
[2025-12-31 07:19:38] [EventWorker_0]   Processing file 1/81: CAM_DE_01_20240808140625_predseg_labels_rectified
[2025-12-31 07:19:56] [EventWorker_1]   Processing file 2/28: CAM_DE_01_20240603213625_predseg_labels_rectified
[2025-12-31 07:20:27] [EventWorker_1]   Processing file 4/28: CAM_DE_01_20240603214226_predseg_labels_rectified
[2025-12-31 07:20:57] [EventWorker_2]   Processing file 6/65: CAM_DE_01_20240808183625_predseg_labels_rectified
[2025-12-31 07:20:58] [EventWorker_1]   Processing file 6/28: CAM_DE_01_20240603223626_predseg_labels_rectified
[2025-12-31 07:21:25] [EventWorker_0]   Processing file 8/81: CAM_DE_01_20240808154225_predseg_labels_rectified
[2025-12-31 07:21:30] [EventWorker_1]   Processing file 8/28: CAM_DE_01_20240603221226_predseg_labels_rectified
[2025-12-31 07:21:30] [EventWorker_3]   Processing file 8/84: CAM_DE_01_20240727181226_predseg_labels_rectified
[2025-12-31 07:22:01] [EventWorker_1]   Processing file 10/28: CAM_DE_01_20240603230026_predseg_labels_rectified
[2025-12-31 07:22:25] [EventWorker_2]   Processing file 12/65: CAM_DE_01_20240808185426_predseg_labels_rectified
[2025-12-31 07:22:32] [EventWorker_1]   Processing file 12/28: CAM_DE_01_20240603223026_predseg_labels_rectified
[2025-12-31 07:22:58] [EventWorker_1]   Processing file 14/28: CAM_DE_01_20240603231826_predseg_labels_rectified
[2025-12-31 07:23:23] [EventWorker_0]   Processing file 16/81: CAM_DE_01_20240808194825_predseg_labels_rectified
[2025-12-31 07:23:29] [EventWorker_1]   Processing file 16/28: CAM_DE_01_20240603221825_predseg_labels_rectified
[2025-12-31 07:23:29] [EventWorker_3]   Processing file 16/84: CAM_DE_01_20240727155426_predseg_labels_rectified
[2025-12-31 07:23:52] [EventWorker_2]   Processing file 18/65: CAM_DE_01_20240808160026_predseg_labels_rectified
[2025-12-31 07:23:57] [EventWorker_1]   Processing file 18/28: CAM_DE_01_20240603234226_predseg_labels_rectified
[2025-12-31 07:24:29] [EventWorker_1]   Processing file 20/28: CAM_DE_01_20240603233025_predseg_labels_rectified
[2025-12-31 07:24:57] [EventWorker_1]   Processing file 22/28: CAM_DE_01_20240603210626_predseg_labels_rectified
[2025-12-31 07:25:20] [EventWorker_2]   Processing file 24/65: CAM_DE_01_20240808183025_predseg_labels_rectified
[2025-12-31 07:25:20] [EventWorker_0]   Processing file 24/81: CAM_DE_01_20240808161826_predseg_labels_rectified
[2025-12-31 07:25:25] [EventWorker_3]   Processing file 24/84: CAM_DE_01_20240727203625_predseg_labels_rectified
[2025-12-31 07:25:25] [EventWorker_1]   Processing file 24/28: CAM_DE_01_20240603213025_predseg_labels_rectified
[2025-12-31 07:25:55] [EventWorker_1]   Processing file 26/28: CAM_DE_01_20240603232425_predseg_labels_rectified
[2025-12-31 07:26:24] [EventWorker_1]   Processing file 28/28: CAM_DE_01_20240603215425_predseg_labels_rectified
[2025-12-31 07:26:39] [EventWorker_1]   Successfully processed 28/28 files.
[2025-12-31 07:26:39] [EventWorker_1] === Depth Map Generation Complete ===
[2025-12-31 07:26:39] [EventWorker_1] +++ Successfully processed event DE_01_20240603210426_20240604041626 +++
[2025-12-31 07:26:39] [EventWorker_1] --- Processing event: DE_01_20240728171958_20240729002658 ---
[2025-12-31 07:26:39] [EventWorker_1] [DE_01_20240728171958_20240729002658] Calculating depths from: labels_rects
[2025-12-31 07:26:39] [EventWorker_1] 
=== Starting Depth Map Generation ===
[2025-12-31 07:26:39] [EventWorker_1]   Source Zarr directory: /rsstu/users/k/kanarde/NASA-Sunnyverse/rmccune/poseidon/data/down_east/flood_events/DE_01_20240728171958_20240729002658/zarr/labels_rects
[2025-12-31 07:26:39] [EventWorker_1]   Output Zarr directory: /rsstu/users/k/kanarde/NASA-Sunnyverse/rmccune/poseidon/data/down_east/flood_events/DE_01_20240728171958_20240729002658/zarr/depth_maps
[2025-12-31 07:26:39] [EventWorker_1]   Found 66 rectified label arrays to process.
[2025-12-31 07:26:39] [EventWorker_1]   Processing file 1/66: CAM_DE_01_20240728184226_predseg_labels_rectified
[2025-12-31 07:26:48] [EventWorker_2]   Processing file 30/65: CAM_DE_01_20240808132426_predseg_labels_rectified
[2025-12-31 07:27:16] [EventWorker_0]   Processing file 32/81: CAM_DE_01_20240808150626_predseg_labels_rectified
[2025-12-31 07:27:21] [EventWorker_3]   Processing file 32/84: CAM_DE_01_20240727202426_predseg_labels_rectified
[2025-12-31 07:27:49] [EventWorker_1]   Processing file 6/66: CAM_DE_01_20240728181226_predseg_labels_rectified
[2025-12-31 07:28:05] [EventWorker_1] No pond edge elevations found for CAM_DE_01_20240728221226_predseg_labels_rectified. Skipping all histograms.
[2025-12-31 07:28:12] [EventWorker_2]   Processing file 36/65: CAM_DE_01_20240808172425_predseg_labels_rectified
[2025-12-31 07:29:09] [EventWorker_0]   Processing file 40/81: CAM_DE_01_20240808194225_predseg_labels_rectified
[2025-12-31 07:29:13] [EventWorker_1]   Processing file 12/66: CAM_DE_01_20240728214825_predseg_labels_rectified
[2025-12-31 07:29:15] [EventWorker_3]   Processing file 40/84: CAM_DE_01_20240727163025_predseg_labels_rectified
[2025-12-31 07:29:41] [EventWorker_2]   Processing file 42/65: CAM_DE_01_20240808151226_predseg_labels_rectified
[2025-12-31 07:30:43] [EventWorker_1]   Processing file 18/66: CAM_DE_01_20240728233025_predseg_labels_rectified
[2025-12-31 07:31:10] [EventWorker_0]   Processing file 48/81: CAM_DE_01_20240808201826_predseg_labels_rectified
[2025-12-31 07:31:10] [EventWorker_2]   Processing file 48/65: CAM_DE_01_20240808133026_predseg_labels_rectified
[2025-12-31 07:31:15] [EventWorker_3]   Processing file 48/84: CAM_DE_01_20240727203026_predseg_labels_rectified
[2025-12-31 07:32:10] [EventWorker_1]   Processing file 24/66: CAM_DE_01_20240728193625_predseg_labels_rectified
[2025-12-31 07:32:10] [EventWorker_1] No pond edge elevations found for CAM_DE_01_20240728193625_predseg_labels_rectified. Skipping all histograms.
[2025-12-31 07:32:35] [EventWorker_2]   Processing file 54/65: CAM_DE_01_20240808125425_predseg_labels_rectified
[2025-12-31 07:33:01] [EventWorker_0]   Processing file 56/81: CAM_DE_01_20240808134225_predseg_labels_rectified
[2025-12-31 07:33:08] [EventWorker_3]   Processing file 56/84: CAM_DE_01_20240727160626_predseg_labels_rectified
[2025-12-31 07:33:32] [EventWorker_1]   Processing file 30/66: CAM_DE_01_20240728191826_predseg_labels_rectified
[2025-12-31 07:33:32] [EventWorker_1] No pond edge elevations found for CAM_DE_01_20240728191826_predseg_labels_rectified. Skipping all histograms.
[2025-12-31 07:33:58] [EventWorker_2]   Processing file 60/65: CAM_DE_01_20240808150025_predseg_labels_rectified
[2025-12-31 07:34:52] [EventWorker_0]   Processing file 64/81: CAM_DE_01_20240808203026_predseg_labels_rectified
[2025-12-31 07:34:56] [EventWorker_1]   Processing file 36/66: CAM_DE_01_20240728214226_predseg_labels_rectified
[2025-12-31 07:34:56] [EventWorker_1] No pond edge elevations found for CAM_DE_01_20240728214226_predseg_labels_rectified. Skipping all histograms.
[2025-12-31 07:34:57] [EventWorker_3]   Processing file 64/84: CAM_DE_01_20240727191226_predseg_labels_rectified
[2025-12-31 07:35:06] [EventWorker_2]   Processing file 65/65: CAM_DE_01_20240808170026_predseg_labels_rectified
[2025-12-31 07:35:19] [EventWorker_2]   Successfully processed 65/65 files.
[2025-12-31 07:35:19] [EventWorker_2] === Depth Map Generation Complete ===
[2025-12-31 07:35:19] [EventWorker_2] +++ Successfully processed event DE_01_20240808122019_20240808185919 +++
[2025-12-31 07:35:19] [EventWorker_2] --- Processing event: DE_01_20240604210426_20240605061026 ---
[2025-12-31 07:35:19] [EventWorker_2] [DE_01_20240604210426_20240605061026] Calculating depths from: labels_rects
[2025-12-31 07:35:19] [EventWorker_2] 
=== Starting Depth Map Generation ===
[2025-12-31 07:35:19] [EventWorker_2]   Source Zarr directory: /rsstu/users/k/kanarde/NASA-Sunnyverse/rmccune/poseidon/data/down_east/flood_events/DE_01_20240604210426_20240605061026/zarr/labels_rects
[2025-12-31 07:35:19] [EventWorker_2]   Output Zarr directory: /rsstu/users/k/kanarde/NASA-Sunnyverse/rmccune/poseidon/data/down_east/flood_events/DE_01_20240604210426_20240605061026/zarr/depth_maps
[2025-12-31 07:35:19] [EventWorker_2]   Found 29 rectified label arrays to process.
[2025-12-31 07:35:19] [EventWorker_2]   Processing file 1/29: CAM_DE_01_20240604221826_predseg_labels_rectified
[2025-12-31 07:35:34] [EventWorker_2]   Processing file 2/29: CAM_DE_01_20240604220026_predseg_labels_rectified
[2025-12-31 07:36:06] [EventWorker_2]   Processing file 4/29: CAM_DE_01_20240604233025_predseg_labels_rectified
[2025-12-31 07:36:07] [EventWorker_1] No pond edge elevations found for CAM_DE_01_20240728195426_predseg_labels_rectified. Skipping all histograms.
[2025-12-31 07:36:19] [EventWorker_1]   Processing file 42/66: CAM_DE_01_20240728215425_predseg_labels_rectified
[2025-12-31 07:36:35] [EventWorker_2]   Processing file 6/29: CAM_DE_01_20240604232426_predseg_labels_rectified
[2025-12-31 07:36:45] [EventWorker_0]   Processing file 72/81: CAM_DE_01_20240808200625_predseg_labels_rectified
[2025-12-31 07:36:53] [EventWorker_3]   Processing file 72/84: CAM_DE_01_20240727224226_predseg_labels_rectified
[2025-12-31 07:37:04] [EventWorker_2]   Processing file 8/29: CAM_DE_01_20240604221225_predseg_labels_rectified
[2025-12-31 07:37:19] [EventWorker_1] No pond edge elevations found for CAM_DE_01_20240728193025_predseg_labels_rectified. Skipping all histograms.
[2025-12-31 07:37:33] [EventWorker_2]   Processing file 10/29: CAM_DE_01_20240604230026_predseg_labels_rectified
[2025-12-31 07:37:46] [EventWorker_1]   Processing file 48/66: CAM_DE_01_20240728211826_predseg_labels_rectified
[2025-12-31 07:38:01] [EventWorker_1] No pond edge elevations found for CAM_DE_01_20240728200026_predseg_labels_rectified. Skipping all histograms.
[2025-12-31 07:38:02] [EventWorker_2]   Processing file 12/29: CAM_DE_01_20240604224826_predseg_labels_rectified
[2025-12-31 07:38:34] [EventWorker_2]   Processing file 14/29: CAM_DE_01_20240604231826_predseg_labels_rectified
[2025-12-31 07:38:41] [EventWorker_0]   Processing file 80/81: CAM_DE_01_20240808161226_predseg_labels_rectified
[2025-12-31 07:38:48] [EventWorker_3]   Processing file 80/84: CAM_DE_01_20240727185426_predseg_labels_rectified
[2025-12-31 07:38:54] [EventWorker_0]   Processing file 81/81: CAM_DE_01_20240808141825_predseg_labels_rectified
[2025-12-31 07:39:01] [EventWorker_2]   Processing file 16/29: CAM_DE_01_20240604225426_predseg_labels_rectified
[2025-12-31 07:39:10] [EventWorker_0]   Successfully processed 81/81 files.
[2025-12-31 07:39:10] [EventWorker_0] === Depth Map Generation Complete ===
[2025-12-31 07:39:10] [EventWorker_0] +++ Successfully processed event DE_01_20240808134219_20240808214722 +++
[2025-12-31 07:39:10] [EventWorker_0] --- Processing event: DE_01_20240521210240_20240522064440 ---
[2025-12-31 07:39:10] [EventWorker_0] [DE_01_20240521210240_20240522064440] Calculating depths from: labels_rects
[2025-12-31 07:39:10] [EventWorker_0] 
=== Starting Depth Map Generation ===
[2025-12-31 07:39:10] [EventWorker_0]   Source Zarr directory: /rsstu/users/k/kanarde/NASA-Sunnyverse/rmccune/poseidon/data/down_east/flood_events/DE_01_20240521210240_20240522064440/zarr/labels_rects
[2025-12-31 07:39:10] [EventWorker_0]   Output Zarr directory: /rsstu/users/k/kanarde/NASA-Sunnyverse/rmccune/poseidon/data/down_east/flood_events/DE_01_20240521210240_20240522064440/zarr/depth_maps
[2025-12-31 07:39:10] [EventWorker_0]   Found 29 rectified label arrays to process.
[2025-12-31 07:39:10] [EventWorker_0]   Processing file 1/29: CAM_DE_01_20240521232426_predseg_labels_rectified
[2025-12-31 07:39:13] [EventWorker_1]   Processing file 54/66: CAM_DE_01_20240728192425_predseg_labels_rectified
[2025-12-31 07:39:13] [EventWorker_1] No pond edge elevations found for CAM_DE_01_20240728192425_predseg_labels_rectified. Skipping all histograms.
[2025-12-31 07:39:23] [EventWorker_0]   Processing file 2/29: CAM_DE_01_20240521224226_predseg_labels_rectified
[2025-12-31 07:39:31] [EventWorker_2]   Processing file 18/29: CAM_DE_01_20240604220626_predseg_labels_rectified
[2025-12-31 07:39:49] [EventWorker_3]   Processing file 84/84: CAM_DE_01_20240727164226_predseg_labels_rectified
[2025-12-31 07:39:55] [EventWorker_0]   Processing file 4/29: CAM_DE_01_20240521214226_predseg_labels_rectified
[2025-12-31 07:40:03] [EventWorker_3]   Successfully processed 84/84 files.
[2025-12-31 07:40:03] [EventWorker_3] === Depth Map Generation Complete ===
[2025-12-31 07:40:03] [EventWorker_3] +++ Successfully processed event DE_01_20240727152730_20240727234946 +++
[2025-12-31 07:40:03] [EventWorker_3] --- Processing event: DE_01_20240821123141_20240821191541 ---
[2025-12-31 07:40:03] [EventWorker_3] [DE_01_20240821123141_20240821191541] Calculating depths from: labels_rects
[2025-12-31 07:40:03] [EventWorker_3] 
=== Starting Depth Map Generation ===
[2025-12-31 07:40:03] [EventWorker_3]   Source Zarr directory: /rsstu/users/k/kanarde/NASA-Sunnyverse/rmccune/poseidon/data/down_east/flood_events/DE_01_20240821123141_20240821191541/zarr/labels_rects
[2025-12-31 07:40:03] [EventWorker_3]   Output Zarr directory: /rsstu/users/k/kanarde/NASA-Sunnyverse/rmccune/poseidon/data/down_east/flood_events/DE_01_20240821123141_20240821191541/zarr/depth_maps
[2025-12-31 07:40:03] [EventWorker_3]   Found 67 rectified label arrays to process.
[2025-12-31 07:40:03] [EventWorker_3]   Processing file 1/67: CAM_DE_01_20240821154226_predseg_labels_rectified
[2025-12-31 07:40:03] [EventWorker_2]   Processing file 20/29: CAM_DE_01_20240604211225_predseg_labels_rectified
[2025-12-31 07:40:13] [EventWorker_1] No pond edge elevations found for CAM_DE_01_20240728220626_predseg_labels_rectified. Skipping all histograms.
[2025-12-31 07:40:26] [EventWorker_0]   Processing file 6/29: CAM_DE_01_20240521212426_predseg_labels_rectified
[2025-12-31 07:40:33] [EventWorker_2]   Processing file 22/29: CAM_DE_01_20240604222426_predseg_labels_rectified
[2025-12-31 07:40:43] [EventWorker_1]   Processing file 60/66: CAM_DE_01_20240728203625_predseg_labels_rectified
[2025-12-31 07:40:58] [EventWorker_0]   Processing file 8/29: CAM_DE_01_20240521213626_predseg_labels_rectified
[2025-12-31 07:41:05] [EventWorker_2]   Processing file 24/29: CAM_DE_01_20240604224226_predseg_labels_rectified
[2025-12-31 07:41:22] [EventWorker_3]   Processing file 6/67: CAM_DE_01_20240821190626_predseg_labels_rectified
[2025-12-31 07:41:30] [EventWorker_0]   Processing file 10/29: CAM_DE_01_20240521231225_predseg_labels_rectified
[2025-12-31 07:41:37] [EventWorker_2]   Processing file 26/29: CAM_DE_01_20240604235426_predseg_labels_rectified
[2025-12-31 07:41:56] [EventWorker_1] No pond edge elevations found for CAM_DE_01_20240728191226_predseg_labels_rectified. Skipping all histograms.
[2025-12-31 07:41:56] [EventWorker_0]   Processing file 12/29: CAM_DE_01_20240521214826_predseg_labels_rectified
[2025-12-31 07:42:05] [EventWorker_2]   Processing file 28/29: CAM_DE_01_20240604212425_predseg_labels_rectified
[2025-12-31 07:42:10] [EventWorker_1]   Processing file 66/66: CAM_DE_01_20240728234226_predseg_labels_rectified
[2025-12-31 07:42:21] [EventWorker_2]   Processing file 29/29: CAM_DE_01_20240604234826_predseg_labels_rectified
[2025-12-31 07:42:25] [EventWorker_1]   Successfully processed 66/66 files.
[2025-12-31 07:42:25] [EventWorker_1] === Depth Map Generation Complete ===
[2025-12-31 07:42:25] [EventWorker_1] +++ Successfully processed event DE_01_20240728171958_20240729002658 +++
[2025-12-31 07:42:25] [EventWorker_1] --- Processing event: DE_01_20240904110947_20240904192647 ---
[2025-12-31 07:42:25] [EventWorker_1] [DE_01_20240904110947_20240904192647] Calculating depths from: labels_rects
[2025-12-31 07:42:25] [EventWorker_1] 
=== Starting Depth Map Generation ===
[2025-12-31 07:42:25] [EventWorker_1]   Source Zarr directory: /rsstu/users/k/kanarde/NASA-Sunnyverse/rmccune/poseidon/data/down_east/flood_events/DE_01_20240904110947_20240904192647/zarr/labels_rects
[2025-12-31 07:42:25] [EventWorker_1]   Output Zarr directory: /rsstu/users/k/kanarde/NASA-Sunnyverse/rmccune/poseidon/data/down_east/flood_events/DE_01_20240904110947_20240904192647/zarr/depth_maps
[2025-12-31 07:42:25] [EventWorker_1]   Found 83 rectified label arrays to process.
[2025-12-31 07:42:25] [EventWorker_1]   Processing file 1/83: CAM_DE_01_20240904163026_predseg_labels_rectified
[2025-12-31 07:42:27] [EventWorker_0]   Processing file 14/29: CAM_DE_01_20240521221826_predseg_labels_rectified
[2025-12-31 07:42:36] [EventWorker_2]   Successfully processed 29/29 files.
[2025-12-31 07:42:36] [EventWorker_2] === Depth Map Generation Complete ===
[2025-12-31 07:42:36] [EventWorker_2] +++ Successfully processed event DE_01_20240604210426_20240605061026 +++
[2025-12-31 07:42:36] [EventWorker_2] --- Processing event: DE_01_20240905121152_20240905195452 ---
[2025-12-31 07:42:36] [EventWorker_2] [DE_01_20240905121152_20240905195452] Calculating depths from: labels_rects
[2025-12-31 07:42:36] [EventWorker_2] 
=== Starting Depth Map Generation ===
[2025-12-31 07:42:36] [EventWorker_2]   Source Zarr directory: /rsstu/users/k/kanarde/NASA-Sunnyverse/rmccune/poseidon/data/down_east/flood_events/DE_01_20240905121152_20240905195452/zarr/labels_rects
[2025-12-31 07:42:36] [EventWorker_2]   Output Zarr directory: /rsstu/users/k/kanarde/NASA-Sunnyverse/rmccune/poseidon/data/down_east/flood_events/DE_01_20240905121152_20240905195452/zarr/depth_maps
[2025-12-31 07:42:36] [EventWorker_2]   Found 77 rectified label arrays to process.
[2025-12-31 07:42:36] [EventWorker_2]   Processing file 1/77: CAM_DE_01_20240905141225_predseg_labels_rectified
[2025-12-31 07:42:48] [EventWorker_3]   Processing file 12/67: CAM_DE_01_20240821150626_predseg_labels_rectified
[2025-12-31 07:42:55] [EventWorker_0]   Processing file 16/29: CAM_DE_01_20240521221226_predseg_labels_rectified
[2025-12-31 07:43:24] [EventWorker_0]   Processing file 18/29: CAM_DE_01_20240521213026_predseg_labels_rectified
[2025-12-31 07:43:52] [EventWorker_0]   Processing file 20/29: CAM_DE_01_20240521230025_predseg_labels_rectified
[2025-12-31 07:44:01] [EventWorker_2]   Processing file 7/77: CAM_DE_01_20240905152425_predseg_labels_rectified
[2025-12-31 07:44:05] [EventWorker_1]   Processing file 8/83: CAM_DE_01_20240904183626_predseg_labels_rectified
[2025-12-31 07:44:12] [EventWorker_3]   Processing file 18/67: CAM_DE_01_20240821172426_predseg_labels_rectified
[2025-12-31 07:44:20] [EventWorker_0]   Processing file 22/29: CAM_DE_01_20240521211225_predseg_labels_rectified
[2025-12-31 07:44:52] [EventWorker_0]   Processing file 24/29: CAM_DE_01_20240521234226_predseg_labels_rectified
[2025-12-31 07:45:19] [EventWorker_0]   Processing file 26/29: CAM_DE_01_20240521222426_predseg_labels_rectified
[2025-12-31 07:45:42] [EventWorker_3]   Processing file 24/67: CAM_DE_01_20240821170626_predseg_labels_rectified
[2025-12-31 07:45:45] [EventWorker_2]   Processing file 14/77: CAM_DE_01_20240905190025_predseg_labels_rectified
[2025-12-31 07:45:51] [EventWorker_0]   Processing file 28/29: CAM_DE_01_20240521231825_predseg_labels_rectified
[2025-12-31 07:46:04] [EventWorker_1]   Processing file 16/83: CAM_DE_01_20240904161826_predseg_labels_rectified
[2025-12-31 07:46:05] [EventWorker_0]   Processing file 29/29: CAM_DE_01_20240521211825_predseg_labels_rectified
[2025-12-31 07:46:20] [EventWorker_0]   Successfully processed 29/29 files.
[2025-12-31 07:46:20] [EventWorker_0] === Depth Map Generation Complete ===
[2025-12-31 07:46:20] [EventWorker_0] +++ Successfully processed event DE_01_20240521210240_20240522064440 +++
[2025-12-31 07:46:20] [EventWorker_0] --- Processing event: DE_01_20240906122050_20240906211013 ---
[2025-12-31 07:46:20] [EventWorker_0] [DE_01_20240906122050_20240906211013] Calculating depths from: labels_rects
[2025-12-31 07:46:20] [EventWorker_0] 
=== Starting Depth Map Generation ===
[2025-12-31 07:46:20] [EventWorker_0]   Source Zarr directory: /rsstu/users/k/kanarde/NASA-Sunnyverse/rmccune/poseidon/data/down_east/flood_events/DE_01_20240906122050_20240906211013/zarr/labels_rects
[2025-12-31 07:46:20] [EventWorker_0]   Output Zarr directory: /rsstu/users/k/kanarde/NASA-Sunnyverse/rmccune/poseidon/data/down_east/flood_events/DE_01_20240906122050_20240906211013/zarr/depth_maps
[2025-12-31 07:46:20] [EventWorker_0]   Found 88 rectified label arrays to process.
[2025-12-31 07:46:20] [EventWorker_0]   Processing file 1/88: CAM_DE_01_20240906173625_predseg_labels_rectified
[2025-12-31 07:47:11] [EventWorker_3]   Processing file 30/67: CAM_DE_01_20240821134225_predseg_labels_rectified
[2025-12-31 07:47:26] [EventWorker_2]   Processing file 21/77: CAM_DE_01_20240905171826_predseg_labels_rectified
[2025-12-31 07:47:58] [EventWorker_1]   Processing file 24/83: CAM_DE_01_20240904124825_predseg_labels_rectified
[2025-12-31 07:48:00] [EventWorker_0]   Processing file 8/88: CAM_DE_01_20240906194825_predseg_labels_rectified
[2025-12-31 07:48:35] [EventWorker_3]   Processing file 36/67: CAM_DE_01_20240821173626_predseg_labels_rectified
[2025-12-31 07:49:04] [EventWorker_2]   Processing file 28/77: CAM_DE_01_20240905164825_predseg_labels_rectified
[2025-12-31 07:49:56] [EventWorker_1]   Processing file 32/83: CAM_DE_01_20240904173625_predseg_labels_rectified
[2025-12-31 07:49:56] [EventWorker_0]   Processing file 16/88: CAM_DE_01_20240906164826_predseg_labels_rectified
[2025-12-31 07:50:04] [EventWorker_3]   Processing file 42/67: CAM_DE_01_20240821165426_predseg_labels_rectified
[2025-12-31 07:50:51] [EventWorker_2]   Processing file 35/77: CAM_DE_01_20240905160025_predseg_labels_rectified
[2025-12-31 07:51:34] [EventWorker_3]   Processing file 48/67: CAM_DE_01_20240821171826_predseg_labels_rectified
[2025-12-31 07:51:56] [EventWorker_1]   Processing file 40/83: CAM_DE_01_20240904123626_predseg_labels_rectified
[2025-12-31 07:51:57] [EventWorker_0]   Processing file 24/88: CAM_DE_01_20240906201225_predseg_labels_rectified
[2025-12-31 07:52:35] [EventWorker_2]   Processing file 42/77: CAM_DE_01_20240905173026_predseg_labels_rectified
[2025-12-31 07:53:03] [EventWorker_3]   Processing file 54/67: CAM_DE_01_20240821184226_predseg_labels_rectified
[2025-12-31 07:53:58] [EventWorker_0]   Processing file 32/88: CAM_DE_01_20240906144226_predseg_labels_rectified
[2025-12-31 07:53:58] [EventWorker_1]   Processing file 48/83: CAM_DE_01_20240904112425_predseg_labels_rectified
[2025-12-31 07:54:21] [EventWorker_2]   Processing file 49/77: CAM_DE_01_20240905180625_predseg_labels_rectified
[2025-12-31 07:54:35] [EventWorker_3]   Processing file 60/67: CAM_DE_01_20240821131225_predseg_labels_rectified
[2025-12-31 07:55:16] [EventWorker_3] No pond edge elevations found for CAM_DE_01_20240821143025_predseg_labels_rectified. Skipping all histograms.
[2025-12-31 07:55:52] [EventWorker_0]   Processing file 40/88: CAM_DE_01_20240906124826_predseg_labels_rectified
[2025-12-31 07:55:53] [EventWorker_1]   Processing file 56/83: CAM_DE_01_20240904183026_predseg_labels_rectified
[2025-12-31 07:55:58] [EventWorker_3]   Processing file 66/67: CAM_DE_01_20240821161225_predseg_labels_rectified
[2025-12-31 07:55:59] [EventWorker_2]   Processing file 56/77: CAM_DE_01_20240905122426_predseg_labels_rectified
[2025-12-31 07:56:13] [EventWorker_3]   Processing file 67/67: CAM_DE_01_20240821183625_predseg_labels_rectified
[2025-12-31 07:56:28] [EventWorker_3]   Successfully processed 67/67 files.
[2025-12-31 07:56:28] [EventWorker_3] === Depth Map Generation Complete ===
[2025-12-31 07:56:28] [EventWorker_3] +++ Successfully processed event DE_01_20240821123141_20240821191541 +++
[2025-12-31 07:56:28] [EventWorker_3] --- Processing event: DE_01_20240907130344_20240907213616 ---
[2025-12-31 07:56:28] [EventWorker_3] [DE_01_20240907130344_20240907213616] Calculating depths from: labels_rects
[2025-12-31 07:56:28] [EventWorker_3] 
=== Starting Depth Map Generation ===
[2025-12-31 07:56:28] [EventWorker_3]   Source Zarr directory: /rsstu/users/k/kanarde/NASA-Sunnyverse/rmccune/poseidon/data/down_east/flood_events/DE_01_20240907130344_20240907213616/zarr/labels_rects
[2025-12-31 07:56:28] [EventWorker_3]   Output Zarr directory: /rsstu/users/k/kanarde/NASA-Sunnyverse/rmccune/poseidon/data/down_east/flood_events/DE_01_20240907130344_20240907213616/zarr/depth_maps
[2025-12-31 07:56:28] [EventWorker_3]   Found 84 rectified label arrays to process.
[2025-12-31 07:56:28] [EventWorker_3]   Processing file 1/84: CAM_DE_01_20240907185426_predseg_labels_rectified
[2025-12-31 07:57:42] [EventWorker_2]   Processing file 63/77: CAM_DE_01_20240905153025_predseg_labels_rectified
[2025-12-31 07:57:48] [EventWorker_1]   Processing file 64/83: CAM_DE_01_20240904153026_predseg_labels_rectified
[2025-12-31 07:57:49] [EventWorker_0]   Processing file 48/88: CAM_DE_01_20240906140625_predseg_labels_rectified
[2025-12-31 07:58:12] [EventWorker_3]   Processing file 8/84: CAM_DE_01_20240907194825_predseg_labels_rectified
[2025-12-31 07:59:31] [EventWorker_2]   Processing file 70/77: CAM_DE_01_20240905164226_predseg_labels_rectified
[2025-12-31 07:59:53] [EventWorker_0]   Processing file 56/88: CAM_DE_01_20240906124226_predseg_labels_rectified
[2025-12-31 07:59:53] [EventWorker_1]   Processing file 72/83: CAM_DE_01_20240904172426_predseg_labels_rectified
[2025-12-31 08:00:15] [EventWorker_3]   Processing file 16/84: CAM_DE_01_20240907193625_predseg_labels_rectified
[2025-12-31 08:01:09] [EventWorker_2]   Processing file 77/77: CAM_DE_01_20240905183625_predseg_labels_rectified
[2025-12-31 08:01:25] [EventWorker_2]   Successfully processed 77/77 files.
[2025-12-31 08:01:25] [EventWorker_2] === Depth Map Generation Complete ===
[2025-12-31 08:01:25] [EventWorker_2] +++ Successfully processed event DE_01_20240905121152_20240905195452 +++
[2025-12-31 08:01:25] [EventWorker_2] --- Processing event: DE_01_20240908125755_20240908225638 ---
[2025-12-31 08:01:25] [EventWorker_2] [DE_01_20240908125755_20240908225638] Calculating depths from: labels_rects
[2025-12-31 08:01:25] [EventWorker_2] 
=== Starting Depth Map Generation ===
[2025-12-31 08:01:25] [EventWorker_2]   Source Zarr directory: /rsstu/users/k/kanarde/NASA-Sunnyverse/rmccune/poseidon/data/down_east/flood_events/DE_01_20240908125755_20240908225638/zarr/labels_rects
[2025-12-31 08:01:25] [EventWorker_2]   Output Zarr directory: /rsstu/users/k/kanarde/NASA-Sunnyverse/rmccune/poseidon/data/down_east/flood_events/DE_01_20240908125755_20240908225638/zarr/depth_maps
[2025-12-31 08:01:26] [EventWorker_2]   Found 100 rectified label arrays to process.
[2025-12-31 08:01:26] [EventWorker_2]   Processing file 1/100: CAM_DE_01_20240908204826_predseg_labels_rectified
[2025-12-31 08:01:48] [EventWorker_0]   Processing file 64/88: CAM_DE_01_20240906130626_predseg_labels_rectified
[2025-12-31 08:01:50] [EventWorker_1]   Processing file 80/83: CAM_DE_01_20240904141826_predseg_labels_rectified
[2025-12-31 08:02:03] [EventWorker_0] No pond edge elevations found for CAM_DE_01_20240906143626_predseg_labels_rectified. Skipping all histograms.
[2025-12-31 08:02:11] [EventWorker_3]   Processing file 24/84: CAM_DE_01_20240907143626_predseg_labels_rectified
[2025-12-31 08:02:31] [EventWorker_1]   Processing file 83/83: CAM_DE_01_20240904152425_predseg_labels_rectified
[2025-12-31 08:02:46] [EventWorker_1]   Successfully processed 83/83 files.
[2025-12-31 08:02:46] [EventWorker_1] === Depth Map Generation Complete ===
[2025-12-31 08:02:46] [EventWorker_1] +++ Successfully processed event DE_01_20240904110947_20240904192647 +++
[2025-12-31 08:02:46] [EventWorker_1] --- Processing event: DE_01_20240909143353_20240909225053 ---
[2025-12-31 08:02:46] [EventWorker_1] [DE_01_20240909143353_20240909225053] Calculating depths from: labels_rects
[2025-12-31 08:02:46] [EventWorker_1] 
=== Starting Depth Map Generation ===
[2025-12-31 08:02:46] [EventWorker_1]   Source Zarr directory: /rsstu/users/k/kanarde/NASA-Sunnyverse/rmccune/poseidon/data/down_east/flood_events/DE_01_20240909143353_20240909225053/zarr/labels_rects
[2025-12-31 08:02:46] [EventWorker_1]   Output Zarr directory: /rsstu/users/k/kanarde/NASA-Sunnyverse/rmccune/poseidon/data/down_east/flood_events/DE_01_20240909143353_20240909225053/zarr/depth_maps
[2025-12-31 08:02:46] [EventWorker_1]   Found 83 rectified label arrays to process.
[2025-12-31 08:02:46] [EventWorker_1]   Processing file 1/83: CAM_DE_01_20240909194826_predseg_labels_rectified
[2025-12-31 08:03:33] [EventWorker_2]   Processing file 10/100: CAM_DE_01_20240908200626_predseg_labels_rectified
[2025-12-31 08:03:41] [EventWorker_0]   Processing file 72/88: CAM_DE_01_20240906130026_predseg_labels_rectified
[2025-12-31 08:04:08] [EventWorker_3]   Processing file 32/84: CAM_DE_01_20240907140626_predseg_labels_rectified
[2025-12-31 08:04:26] [EventWorker_1]   Processing file 8/83: CAM_DE_01_20240909205426_predseg_labels_rectified
[2025-12-31 08:05:41] [EventWorker_0]   Processing file 80/88: CAM_DE_01_20240906194225_predseg_labels_rectified
[2025-12-31 08:05:59] [EventWorker_2]   Processing file 20/100: CAM_DE_01_20240908143626_predseg_labels_rectified
[2025-12-31 08:06:03] [EventWorker_3]   Processing file 40/84: CAM_DE_01_20240907190626_predseg_labels_rectified
[2025-12-31 08:06:23] [EventWorker_1]   Processing file 16/83: CAM_DE_01_20240909210025_predseg_labels_rectified
[2025-12-31 08:07:37] [EventWorker_0]   Processing file 88/88: CAM_DE_01_20240906181225_predseg_labels_rectified
[2025-12-31 08:07:54] [EventWorker_0]   Successfully processed 88/88 files.
[2025-12-31 08:07:54] [EventWorker_0] === Depth Map Generation Complete ===
[2025-12-31 08:07:54] [EventWorker_0] +++ Successfully processed event DE_01_20240906122050_20240906211013 +++
[2025-12-31 08:07:54] [EventWorker_0] --- Processing event: DE_01_20240912180350_20240913013350 ---
[2025-12-31 08:07:54] [EventWorker_0] [DE_01_20240912180350_20240913013350] Calculating depths from: labels_rects
[2025-12-31 08:07:54] [EventWorker_0] 
=== Starting Depth Map Generation ===
[2025-12-31 08:07:54] [EventWorker_0]   Source Zarr directory: /rsstu/users/k/kanarde/NASA-Sunnyverse/rmccune/poseidon/data/down_east/flood_events/DE_01_20240912180350_20240913013350/zarr/labels_rects
[2025-12-31 08:07:54] [EventWorker_0]   Output Zarr directory: /rsstu/users/k/kanarde/NASA-Sunnyverse/rmccune/poseidon/data/down_east/flood_events/DE_01_20240912180350_20240913013350/zarr/depth_maps
[2025-12-31 08:07:54] [EventWorker_0]   Found 58 rectified label arrays to process.
[2025-12-31 08:07:54] [EventWorker_0]   Processing file 1/58: CAM_DE_01_20240912211226_predseg_labels_rectified
[2025-12-31 08:08:01] [EventWorker_3]   Processing file 48/84: CAM_DE_01_20240907202426_predseg_labels_rectified
[2025-12-31 08:08:21] [EventWorker_1]   Processing file 24/83: CAM_DE_01_20240909180626_predseg_labels_rectified
[2025-12-31 08:08:21] [EventWorker_2]   Processing file 30/100: CAM_DE_01_20240908212425_predseg_labels_rectified
[2025-12-31 08:08:53] [EventWorker_0]   Processing file 5/58: CAM_DE_01_20240912231826_predseg_labels_rectified
[2025-12-31 08:10:01] [EventWorker_3]   Processing file 56/84: CAM_DE_01_20240907150026_predseg_labels_rectified
[2025-12-31 08:10:09] [EventWorker_0]   Processing file 10/58: CAM_DE_01_20240912232806_predseg_labels_rectified
[2025-12-31 08:10:23] [EventWorker_1]   Processing file 32/83: CAM_DE_01_20240909214826_predseg_labels_rectified
[2025-12-31 08:10:54] [EventWorker_2]   Processing file 40/100: CAM_DE_01_20240908144226_predseg_labels_rectified
[2025-12-31 08:11:26] [EventWorker_0]   Processing file 15/58: CAM_DE_01_20240912191226_predseg_labels_rectified
[2025-12-31 08:12:01] [EventWorker_3]   Processing file 64/84: CAM_DE_01_20240907212426_predseg_labels_rectified
[2025-12-31 08:12:22] [EventWorker_1]   Processing file 40/83: CAM_DE_01_20240909195425_predseg_labels_rectified
[2025-12-31 08:12:36] [EventWorker_0]   Processing file 20/58: CAM_DE_01_20240912190025_predseg_labels_rectified
[2025-12-31 08:13:21] [EventWorker_2]   Processing file 50/100: CAM_DE_01_20240908190026_predseg_labels_rectified
[2025-12-31 08:13:48] [EventWorker_0]   Processing file 25/58: CAM_DE_01_20240912235845_predseg_labels_rectified
[2025-12-31 08:13:53] [EventWorker_3]   Processing file 72/84: CAM_DE_01_20240907210025_predseg_labels_rectified
[2025-12-31 08:14:14] [EventWorker_1]   Processing file 48/83: CAM_DE_01_20240909184826_predseg_labels_rectified
[2025-12-31 08:15:04] [EventWorker_0]   Processing file 30/58: CAM_DE_01_20240912201826_predseg_labels_rectified
[2025-12-31 08:15:45] [EventWorker_2]   Processing file 60/100: CAM_DE_01_20240908210626_predseg_labels_rectified
[2025-12-31 08:15:51] [EventWorker_3]   Processing file 80/84: CAM_DE_01_20240907134826_predseg_labels_rectified
[2025-12-31 08:16:09] [EventWorker_1]   Processing file 56/83: CAM_DE_01_20240909211825_predseg_labels_rectified
[2025-12-31 08:16:15] [EventWorker_0]   Processing file 35/58: CAM_DE_01_20240912225426_predseg_labels_rectified
[2025-12-31 08:16:51] [EventWorker_3]   Processing file 84/84: CAM_DE_01_20240907200625_predseg_labels_rectified
[2025-12-31 08:17:05] [EventWorker_3]   Successfully processed 84/84 files.
[2025-12-31 08:17:05] [EventWorker_3] === Depth Map Generation Complete ===
[2025-12-31 08:17:05] [EventWorker_3] +++ Successfully processed event DE_01_20240907130344_20240907213616 +++
[2025-12-31 08:17:05] [EventWorker_3] --- Processing event: DE_01_20240913190445_20240914024845 ---
[2025-12-31 08:17:05] [EventWorker_3] [DE_01_20240913190445_20240914024845] Calculating depths from: labels_rects
[2025-12-31 08:17:05] [EventWorker_3] 
=== Starting Depth Map Generation ===
[2025-12-31 08:17:05] [EventWorker_3]   Source Zarr directory: /rsstu/users/k/kanarde/NASA-Sunnyverse/rmccune/poseidon/data/down_east/flood_events/DE_01_20240913190445_20240914024845/zarr/labels_rects
[2025-12-31 08:17:05] [EventWorker_3]   Output Zarr directory: /rsstu/users/k/kanarde/NASA-Sunnyverse/rmccune/poseidon/data/down_east/flood_events/DE_01_20240913190445_20240914024845/zarr/depth_maps
[2025-12-31 08:17:05] [EventWorker_3]   Found 49 rectified label arrays to process.
[2025-12-31 08:17:05] [EventWorker_3]   Processing file 1/49: CAM_DE_01_20240913230026_predseg_labels_rectified
[2025-12-31 08:17:30] [EventWorker_0]   Processing file 40/58: CAM_DE_01_20240912205425_predseg_labels_rectified
[2025-12-31 08:17:47] [EventWorker_3]   Processing file 4/49: CAM_DE_01_20240913191225_predseg_labels_rectified
[2025-12-31 08:18:02] [EventWorker_1]   Processing file 64/83: CAM_DE_01_20240909171826_predseg_labels_rectified
[2025-12-31 08:18:10] [EventWorker_2]   Processing file 70/100: CAM_DE_01_20240908180626_predseg_labels_rectified
[2025-12-31 08:18:37] [EventWorker_0]   Processing file 45/58: CAM_DE_01_20240912181826_predseg_labels_rectified
[2025-12-31 08:18:42] [EventWorker_3]   Processing file 8/49: CAM_DE_01_20240913213626_predseg_labels_rectified
[2025-12-31 08:19:42] [EventWorker_3]   Processing file 12/49: CAM_DE_01_20240913210025_predseg_labels_rectified
[2025-12-31 08:19:50] [EventWorker_0]   Processing file 50/58: CAM_DE_01_20240912200626_predseg_labels_rectified
[2025-12-31 08:19:55] [EventWorker_1]   Processing file 72/83: CAM_DE_01_20240909182426_predseg_labels_rectified
[2025-12-31 08:20:32] [EventWorker_2]   Processing file 80/100: CAM_DE_01_20240908172425_predseg_labels_rectified
[2025-12-31 08:20:37] [EventWorker_3]   Processing file 16/49: CAM_DE_01_20240913212425_predseg_labels_rectified
[2025-12-31 08:21:00] [EventWorker_0]   Processing file 55/58: CAM_DE_01_20240912211825_predseg_labels_rectified
[2025-12-31 08:21:34] [EventWorker_3]   Processing file 20/49: CAM_DE_01_20240913193026_predseg_labels_rectified
[2025-12-31 08:21:41] [EventWorker_0]   Processing file 58/58: CAM_DE_01_20240912195426_predseg_labels_rectified
[2025-12-31 08:21:48] [EventWorker_1]   Processing file 80/83: CAM_DE_01_20240909153626_predseg_labels_rectified
[2025-12-31 08:21:54] [EventWorker_0]   Successfully processed 58/58 files.
[2025-12-31 08:21:54] [EventWorker_0] === Depth Map Generation Complete ===
[2025-12-31 08:21:54] [EventWorker_0] +++ Successfully processed event DE_01_20240912180350_20240913013350 +++
[2025-12-31 08:21:54] [EventWorker_0] --- Processing event: DE_01_20240914175120_20240915054340 ---
[2025-12-31 08:21:54] [EventWorker_0] [DE_01_20240914175120_20240915054340] Calculating depths from: labels_rects
[2025-12-31 08:21:54] [EventWorker_0] 
=== Starting Depth Map Generation ===
[2025-12-31 08:21:54] [EventWorker_0]   Source Zarr directory: /rsstu/users/k/kanarde/NASA-Sunnyverse/rmccune/poseidon/data/down_east/flood_events/DE_01_20240914175120_20240915054340/zarr/labels_rects
[2025-12-31 08:21:54] [EventWorker_0]   Output Zarr directory: /rsstu/users/k/kanarde/NASA-Sunnyverse/rmccune/poseidon/data/down_east/flood_events/DE_01_20240914175120_20240915054340/zarr/depth_maps
[2025-12-31 08:21:54] [EventWorker_0]   Found 60 rectified label arrays to process.
[2025-12-31 08:21:54] [EventWorker_0]   Processing file 1/60: CAM_DE_01_20240914212426_predseg_labels_rectified
[2025-12-31 08:22:34] [EventWorker_1]   Processing file 83/83: CAM_DE_01_20240909154825_predseg_labels_rectified
[2025-12-31 08:22:35] [EventWorker_3]   Processing file 24/49: CAM_DE_01_20240913233408_predseg_labels_rectified
[2025-12-31 08:22:50] [EventWorker_1]   Successfully processed 83/83 files.
[2025-12-31 08:22:50] [EventWorker_1] === Depth Map Generation Complete ===
[2025-12-31 08:22:50] [EventWorker_1] +++ Successfully processed event DE_01_20240909143353_20240909225053 +++
[2025-12-31 08:22:50] [EventWorker_1] --- Processing event: DE_01_20240915073214_20240915161757 ---
[2025-12-31 08:22:50] [EventWorker_1] [DE_01_20240915073214_20240915161757] Calculating depths from: labels_rects
[2025-12-31 08:22:50] [EventWorker_1] 
=== Starting Depth Map Generation ===
[2025-12-31 08:22:50] [EventWorker_1]   Source Zarr directory: /rsstu/users/k/kanarde/NASA-Sunnyverse/rmccune/poseidon/data/down_east/flood_events/DE_01_20240915073214_20240915161757/zarr/labels_rects
[2025-12-31 08:22:50] [EventWorker_1]   Output Zarr directory: /rsstu/users/k/kanarde/NASA-Sunnyverse/rmccune/poseidon/data/down_east/flood_events/DE_01_20240915073214_20240915161757/zarr/depth_maps
[2025-12-31 08:22:50] [EventWorker_1]   Found 62 rectified label arrays to process.
[2025-12-31 08:22:50] [EventWorker_1]   Processing file 1/62: CAM_DE_01_20240915140025_predseg_labels_rectified
[2025-12-31 08:22:57] [EventWorker_2]   Processing file 90/100: CAM_DE_01_20240908144826_predseg_labels_rectified
[2025-12-31 08:23:12] [EventWorker_0]   Processing file 6/60: CAM_DE_01_20240914233409_predseg_labels_rectified
[2025-12-31 08:23:37] [EventWorker_3]   Processing file 28/49: CAM_DE_01_20240913231226_predseg_labels_rectified
[2025-12-31 08:24:08] [EventWorker_1]   Processing file 6/62: CAM_DE_01_20240915110626_predseg_labels_rectified
[2025-12-31 08:24:40] [EventWorker_3]   Processing file 32/49: CAM_DE_01_20240913224226_predseg_labels_rectified
[2025-12-31 08:24:47] [EventWorker_0]   Processing file 12/60: CAM_DE_01_20240914215425_predseg_labels_rectified
[2025-12-31 08:25:37] [EventWorker_2]   Processing file 100/100: CAM_DE_01_20240908194826_predseg_labels_rectified
[2025-12-31 08:25:45] [EventWorker_1]   Processing file 12/62: CAM_DE_01_20240915153026_predseg_labels_rectified
[2025-12-31 08:25:47] [EventWorker_3]   Processing file 36/49: CAM_DE_01_20240913205426_predseg_labels_rectified
[2025-12-31 08:25:51] [EventWorker_2]   Successfully processed 100/100 files.
[2025-12-31 08:25:51] [EventWorker_2] === Depth Map Generation Complete ===
[2025-12-31 08:25:51] [EventWorker_2] +++ Successfully processed event DE_01_20240908125755_20240908225638 +++
[2025-12-31 08:25:51] [EventWorker_2] --- Processing event: DE_01_20240915181913_20240916072658 ---
[2025-12-31 08:25:51] [EventWorker_2] [DE_01_20240915181913_20240916072658] Calculating depths from: labels_rects
[2025-12-31 08:25:51] [EventWorker_2] 
=== Starting Depth Map Generation ===
[2025-12-31 08:25:51] [EventWorker_2]   Source Zarr directory: /rsstu/users/k/kanarde/NASA-Sunnyverse/rmccune/poseidon/data/down_east/flood_events/DE_01_20240915181913_20240916072658/zarr/labels_rects
[2025-12-31 08:25:51] [EventWorker_2]   Output Zarr directory: /rsstu/users/k/kanarde/NASA-Sunnyverse/rmccune/poseidon/data/down_east/flood_events/DE_01_20240915181913_20240916072658/zarr/depth_maps
[2025-12-31 08:25:51] [EventWorker_2]   Found 56 rectified label arrays to process.
[2025-12-31 08:25:51] [EventWorker_2]   Processing file 1/56: CAM_DE_01_20240915201225_predseg_labels_rectified
[2025-12-31 08:26:23] [EventWorker_0]   Processing file 18/60: CAM_DE_01_20240914235237_predseg_labels_rectified
[2025-12-31 08:26:44] [EventWorker_3]   Processing file 40/49: CAM_DE_01_20240913221825_predseg_labels_rectified
[2025-12-31 08:26:47] [EventWorker_2]   Processing file 5/56: CAM_DE_01_20240915231826_predseg_labels_rectified
[2025-12-31 08:27:13] [EventWorker_1]   Processing file 18/62: CAM_DE_01_20240915130025_predseg_labels_rectified
[2025-12-31 08:27:49] [EventWorker_3]   Processing file 44/49: CAM_DE_01_20240913211225_predseg_labels_rectified
[2025-12-31 08:27:56] [EventWorker_0]   Processing file 24/60: CAM_DE_01_20240914213025_predseg_labels_rectified
[2025-12-31 08:28:10] [EventWorker_2]   Processing file 10/56: CAM_DE_01_20240915205426_predseg_labels_rectified
[2025-12-31 08:28:51] [EventWorker_1]   Processing file 24/62: CAM_DE_01_20240915113625_predseg_labels_rectified
[2025-12-31 08:28:51] [EventWorker_3]   Processing file 48/49: CAM_DE_01_20240913203026_predseg_labels_rectified
[2025-12-31 08:29:08] [EventWorker_3]   Processing file 49/49: CAM_DE_01_20240913230626_predseg_labels_rectified
[2025-12-31 08:29:24] [EventWorker_3]   Successfully processed 49/49 files.
[2025-12-31 08:29:24] [EventWorker_3] === Depth Map Generation Complete ===
[2025-12-31 08:29:24] [EventWorker_3] +++ Successfully processed event DE_01_20240913190445_20240914024845 +++
[2025-12-31 08:29:24] [EventWorker_3] --- Processing event: DE_01_20240916062308_20240916184521 ---
[2025-12-31 08:29:24] [EventWorker_3] [DE_01_20240916062308_20240916184521] Calculating depths from: labels_rects
[2025-12-31 08:29:24] [EventWorker_3] 
=== Starting Depth Map Generation ===
[2025-12-31 08:29:24] [EventWorker_3]   Source Zarr directory: /rsstu/users/k/kanarde/NASA-Sunnyverse/rmccune/poseidon/data/down_east/flood_events/DE_01_20240916062308_20240916184521/zarr/labels_rects
[2025-12-31 08:29:24] [EventWorker_3]   Output Zarr directory: /rsstu/users/k/kanarde/NASA-Sunnyverse/rmccune/poseidon/data/down_east/flood_events/DE_01_20240916062308_20240916184521/zarr/depth_maps
[2025-12-31 08:29:24] [EventWorker_3]   Found 85 rectified label arrays to process.
[2025-12-31 08:29:24] [EventWorker_3]   Processing file 1/85: CAM_DE_01_20240916121825_predseg_labels_rectified
[2025-12-31 08:29:26] [EventWorker_2]   Processing file 15/56: CAM_DE_01_20240915204225_predseg_labels_rectified
[2025-12-31 08:29:31] [EventWorker_0]   Processing file 30/60: CAM_DE_01_20240914232806_predseg_labels_rectified
[2025-12-31 08:30:30] [EventWorker_1]   Processing file 30/62: CAM_DE_01_20240915131226_predseg_labels_rectified
[2025-12-31 08:30:45] [EventWorker_2]   Processing file 20/56: CAM_DE_01_20240915201825_predseg_labels_rectified
[2025-12-31 08:31:08] [EventWorker_0]   Processing file 36/60: CAM_DE_01_20240914181826_predseg_labels_rectified
[2025-12-31 08:31:24] [EventWorker_3]   Processing file 8/85: CAM_DE_01_20240916163026_predseg_labels_rectified
[2025-12-31 08:32:12] [EventWorker_2]   Processing file 25/56: CAM_DE_01_20240915210625_predseg_labels_rectified
[2025-12-31 08:32:18] [EventWorker_1]   Processing file 36/62: CAM_DE_01_20240915123025_predseg_labels_rectified
[2025-12-31 08:32:52] [EventWorker_0]   Processing file 42/60: CAM_DE_01_20240914211826_predseg_labels_rectified
[2025-12-31 08:33:28] [EventWorker_2]   Processing file 30/56: CAM_DE_01_20240915212426_predseg_labels_rectified
[2025-12-31 08:33:36] [EventWorker_3]   Processing file 16/85: CAM_DE_01_20240916144226_predseg_labels_rectified
[2025-12-31 08:33:50] [EventWorker_1]   Processing file 42/62: CAM_DE_01_20240915154226_predseg_labels_rectified
[2025-12-31 08:34:25] [EventWorker_0]   Processing file 48/60: CAM_DE_01_20240914221826_predseg_labels_rectified
[2025-12-31 08:34:45] [EventWorker_2]   Processing file 35/56: CAM_DE_01_20240915220625_predseg_labels_rectified
[2025-12-31 08:35:25] [EventWorker_1]   Processing file 48/62: CAM_DE_01_20240915103406_predseg_labels_rectified
[2025-12-31 08:35:46] [EventWorker_3]   Processing file 24/85: CAM_DE_01_20240916170026_predseg_labels_rectified
[2025-12-31 08:36:02] [EventWorker_2]   Processing file 40/56: CAM_DE_01_20240915221225_predseg_labels_rectified
[2025-12-31 08:36:04] [EventWorker_0]   Processing file 54/60: CAM_DE_01_20240914190026_predseg_labels_rectified
[2025-12-31 08:36:57] [EventWorker_1]   Processing file 54/62: CAM_DE_01_20240915101625_predseg_labels_rectified
[2025-12-31 08:37:17] [EventWorker_2]   Processing file 45/56: CAM_DE_01_20240915182425_predseg_labels_rectified
[2025-12-31 08:37:38] [EventWorker_0]   Processing file 60/60: CAM_DE_01_20240914231226_predseg_labels_rectified
[2025-12-31 08:37:53] [EventWorker_0]   Successfully processed 60/60 files.
[2025-12-31 08:37:53] [EventWorker_0] === Depth Map Generation Complete ===
[2025-12-31 08:37:53] [EventWorker_0] +++ Successfully processed event DE_01_20240914175120_20240915054340 +++
[2025-12-31 08:37:53] [EventWorker_0] --- Processing event: DE_01_20240916130121_20240916192905 ---
[2025-12-31 08:37:53] [EventWorker_0] [DE_01_20240916130121_20240916192905] Calculating depths from: labels_rects
[2025-12-31 08:37:53] [EventWorker_0] 
=== Starting Depth Map Generation ===
[2025-12-31 08:37:53] [EventWorker_0]   Source Zarr directory: /rsstu/users/k/kanarde/NASA-Sunnyverse/rmccune/poseidon/data/down_east/flood_events/DE_01_20240916130121_20240916192905/zarr/labels_rects
[2025-12-31 08:37:53] [EventWorker_0]   Output Zarr directory: /rsstu/users/k/kanarde/NASA-Sunnyverse/rmccune/poseidon/data/down_east/flood_events/DE_01_20240916130121_20240916192905/zarr/depth_maps
[2025-12-31 08:37:53] [EventWorker_0]   Found 64 rectified label arrays to process.
[2025-12-31 08:37:53] [EventWorker_0]   Processing file 1/64: CAM_DE_01_20240916152426_predseg_labels_rectified
[2025-12-31 08:37:54] [EventWorker_3]   Processing file 32/85: CAM_DE_01_20240916162425_predseg_labels_rectified
[2025-12-31 08:38:38] [EventWorker_1]   Processing file 60/62: CAM_DE_01_20240915124825_predseg_labels_rectified
[2025-12-31 08:38:43] [EventWorker_2]   Processing file 50/56: CAM_DE_01_20240915233408_predseg_labels_rectified
[2025-12-31 08:39:10] [EventWorker_1]   Processing file 62/62: CAM_DE_01_20240915105426_predseg_labels_rectified
[2025-12-31 08:39:21] [EventWorker_0]   Processing file 6/64: CAM_DE_01_20240916131225_predseg_labels_rectified
[2025-12-31 08:39:26] [EventWorker_1]   Successfully processed 62/62 files.
[2025-12-31 08:39:26] [EventWorker_1] === Depth Map Generation Complete ===
[2025-12-31 08:39:26] [EventWorker_1] +++ Successfully processed event DE_01_20240915073214_20240915161757 +++
[2025-12-31 08:39:26] [EventWorker_1] --- Processing event: DE_01_20240916173742_20240917080648 ---
[2025-12-31 08:39:26] [EventWorker_1] [DE_01_20240916173742_20240917080648] Calculating depths from: labels_rects
[2025-12-31 08:39:26] [EventWorker_1] 
=== Starting Depth Map Generation ===
[2025-12-31 08:39:26] [EventWorker_1]   Source Zarr directory: /rsstu/users/k/kanarde/NASA-Sunnyverse/rmccune/poseidon/data/down_east/flood_events/DE_01_20240916173742_20240917080648/zarr/labels_rects
[2025-12-31 08:39:26] [EventWorker_1]   Output Zarr directory: /rsstu/users/k/kanarde/NASA-Sunnyverse/rmccune/poseidon/data/down_east/flood_events/DE_01_20240916173742_20240917080648/zarr/depth_maps
[2025-12-31 08:39:26] [EventWorker_1]   Found 61 rectified label arrays to process.
[2025-12-31 08:39:26] [EventWorker_1]   Processing file 1/61: CAM_DE_01_20240916180025_predseg_labels_rectified
[2025-12-31 08:39:58] [EventWorker_2]   Processing file 55/56: CAM_DE_01_20240915235857_predseg_labels_rectified
[2025-12-31 08:40:03] [EventWorker_3]   Processing file 40/85: CAM_DE_01_20240916173625_predseg_labels_rectified
[2025-12-31 08:40:14] [EventWorker_2]   Processing file 56/56: CAM_DE_01_20240915235319_predseg_labels_rectified
[2025-12-31 08:40:31] [EventWorker_2]   Successfully processed 56/56 files.
[2025-12-31 08:40:31] [EventWorker_2] === Depth Map Generation Complete ===
[2025-12-31 08:40:31] [EventWorker_2] +++ Successfully processed event DE_01_20240915181913_20240916072658 +++
[2025-12-31 08:40:31] [EventWorker_2] --- Processing event: DE_01_20240917073044_20240917192156 ---
[2025-12-31 08:40:31] [EventWorker_2] [DE_01_20240917073044_20240917192156] Calculating depths from: labels_rects
[2025-12-31 08:40:31] [EventWorker_2] 
=== Starting Depth Map Generation ===
[2025-12-31 08:40:31] [EventWorker_2]   Source Zarr directory: /rsstu/users/k/kanarde/NASA-Sunnyverse/rmccune/poseidon/data/down_east/flood_events/DE_01_20240917073044_20240917192156/zarr/labels_rects
[2025-12-31 08:40:31] [EventWorker_2]   Output Zarr directory: /rsstu/users/k/kanarde/NASA-Sunnyverse/rmccune/poseidon/data/down_east/flood_events/DE_01_20240917073044_20240917192156/zarr/depth_maps
[2025-12-31 08:40:31] [EventWorker_2]   Found 31 rectified label arrays to process.
[2025-12-31 08:40:31] [EventWorker_2]   Processing file 1/31: CAM_DE_01_20240917103407_predseg_labels_rectified
[2025-12-31 08:40:40] [EventWorker_1]   Processing file 6/61: CAM_DE_01_20240916194226_predseg_labels_rectified
[2025-12-31 08:40:50] [EventWorker_0]   Processing file 12/64: CAM_DE_01_20240916144226_predseg_labels_rectified
[2025-12-31 08:40:59] [EventWorker_2]   Processing file 3/31: CAM_DE_01_20240917101059_predseg_labels_rectified
[2025-12-31 08:41:50] [EventWorker_2]   Processing file 6/31: CAM_DE_01_20240917102224_predseg_labels_rectified
[2025-12-31 08:42:10] [EventWorker_3]   Processing file 48/85: CAM_DE_01_20240916173026_predseg_labels_rectified
[2025-12-31 08:42:16] [EventWorker_1]   Processing file 12/61: CAM_DE_01_20240916193025_predseg_labels_rectified
[2025-12-31 08:42:26] [EventWorker_0]   Processing file 18/64: CAM_DE_01_20240916170026_predseg_labels_rectified
[2025-12-31 08:42:35] [EventWorker_2]   Processing file 9/31: CAM_DE_01_20240917124825_predseg_labels_rectified
[2025-12-31 08:43:23] [EventWorker_2]   Processing file 12/31: CAM_DE_01_20240917121826_predseg_labels_rectified
[2025-12-31 08:43:48] [EventWorker_1]   Processing file 18/61: CAM_DE_01_20240916222425_predseg_labels_rectified
[2025-12-31 08:44:00] [EventWorker_0]   Processing file 24/64: CAM_DE_01_20240916174825_predseg_labels_rectified
[2025-12-31 08:44:08] [EventWorker_2]   Processing file 15/31: CAM_DE_01_20240917104006_predseg_labels_rectified
[2025-12-31 08:44:13] [EventWorker_3]   Processing file 56/85: CAM_DE_01_20240916153025_predseg_labels_rectified
[2025-12-31 08:44:55] [EventWorker_2]   Processing file 18/31: CAM_DE_01_20240917120026_predseg_labels_rectified
[2025-12-31 08:45:21] [EventWorker_1]   Processing file 24/61: CAM_DE_01_20240916213625_predseg_labels_rectified
[2025-12-31 08:45:32] [EventWorker_0]   Processing file 30/64: CAM_DE_01_20240916173625_predseg_labels_rectified
[2025-12-31 08:45:39] [EventWorker_2]   Processing file 21/31: CAM_DE_01_20240917124226_predseg_labels_rectified
[2025-12-31 08:46:13] [EventWorker_3]   Processing file 64/85: CAM_DE_01_20240916121226_predseg_labels_rectified
[2025-12-31 08:46:23] [EventWorker_2]   Processing file 24/31: CAM_DE_01_20240917123626_predseg_labels_rectified
[2025-12-31 08:46:48] [EventWorker_1]   Processing file 30/61: CAM_DE_01_20240916182426_predseg_labels_rectified
[2025-12-31 08:47:01] [EventWorker_0]   Processing file 36/64: CAM_DE_01_20240916174225_predseg_labels_rectified
[2025-12-31 08:47:09] [EventWorker_2]   Processing file 27/31: CAM_DE_01_20240917102811_predseg_labels_rectified
[2025-12-31 08:47:59] [EventWorker_2]   Processing file 30/31: CAM_DE_01_20240917110625_predseg_labels_rectified
[2025-12-31 08:48:14] [EventWorker_2]   Processing file 31/31: CAM_DE_01_20240917112426_predseg_labels_rectified
[2025-12-31 08:48:18] [EventWorker_3]   Processing file 72/85: CAM_DE_01_20240916163626_predseg_labels_rectified
[2025-12-31 08:48:22] [EventWorker_1]   Processing file 36/61: CAM_DE_01_20240916174225_predseg_labels_rectified
[2025-12-31 08:48:30] [EventWorker_2]   Successfully processed 31/31 files.
[2025-12-31 08:48:30] [EventWorker_2] === Depth Map Generation Complete ===
[2025-12-31 08:48:30] [EventWorker_2] +++ Successfully processed event DE_01_20240917073044_20240917192156 +++
[2025-12-31 08:48:30] [EventWorker_2] --- Processing event: DE_01_20240921105956_20240921231819 ---
[2025-12-31 08:48:30] [EventWorker_2] [DE_01_20240921105956_20240921231819] Calculating depths from: labels_rects
[2025-12-31 08:48:30] [EventWorker_2] 
=== Starting Depth Map Generation ===
[2025-12-31 08:48:30] [EventWorker_2]   Source Zarr directory: /rsstu/users/k/kanarde/NASA-Sunnyverse/rmccune/poseidon/data/down_east/flood_events/DE_01_20240921105956_20240921231819/zarr/labels_rects
[2025-12-31 08:48:30] [EventWorker_2]   Output Zarr directory: /rsstu/users/k/kanarde/NASA-Sunnyverse/rmccune/poseidon/data/down_east/flood_events/DE_01_20240921105956_20240921231819/zarr/depth_maps
[2025-12-31 08:48:30] [EventWorker_2]   Found 74 rectified label arrays to process.
[2025-12-31 08:48:30] [EventWorker_2]   Processing file 1/74: CAM_DE_01_20240921205425_predseg_labels_rectified
[2025-12-31 08:48:38] [EventWorker_0]   Processing file 42/64: CAM_DE_01_20240916154826_predseg_labels_rectified
[2025-12-31 08:49:56] [EventWorker_1]   Processing file 42/61: CAM_DE_01_20240916204225_predseg_labels_rectified
[2025-12-31 08:50:01] [EventWorker_2]   Processing file 7/74: CAM_DE_01_20240921155426_predseg_labels_rectified
[2025-12-31 08:50:11] [EventWorker_0]   Processing file 48/64: CAM_DE_01_20240916171226_predseg_labels_rectified
[2025-12-31 08:50:23] [EventWorker_3]   Processing file 80/85: CAM_DE_01_20240916170625_predseg_labels_rectified
[2025-12-31 08:51:28] [EventWorker_1]   Processing file 48/61: CAM_DE_01_20240916203026_predseg_labels_rectified
[2025-12-31 08:51:37] [EventWorker_3]   Processing file 85/85: CAM_DE_01_20240916183626_predseg_labels_rectified
[2025-12-31 08:51:43] [EventWorker_0]   Processing file 54/64: CAM_DE_01_20240916144825_predseg_labels_rectified
[2025-12-31 08:51:48] [EventWorker_2]   Processing file 14/74: CAM_DE_01_20240921193625_predseg_labels_rectified
[2025-12-31 08:51:52] [EventWorker_3]   Successfully processed 85/85 files.
[2025-12-31 08:51:52] [EventWorker_3] === Depth Map Generation Complete ===
[2025-12-31 08:51:52] [EventWorker_3] +++ Successfully processed event DE_01_20240916062308_20240916184521 +++
[2025-12-31 08:51:52] [EventWorker_3] --- Processing event: DE_01_20240922122000_20240923000949 ---
[2025-12-31 08:51:52] [EventWorker_3] [DE_01_20240922122000_20240923000949] Calculating depths from: labels_rects
[2025-12-31 08:51:52] [EventWorker_3] 
=== Starting Depth Map Generation ===
[2025-12-31 08:51:52] [EventWorker_3]   Source Zarr directory: /rsstu/users/k/kanarde/NASA-Sunnyverse/rmccune/poseidon/data/down_east/flood_events/DE_01_20240922122000_20240923000949/zarr/labels_rects
[2025-12-31 08:51:52] [EventWorker_3]   Output Zarr directory: /rsstu/users/k/kanarde/NASA-Sunnyverse/rmccune/poseidon/data/down_east/flood_events/DE_01_20240922122000_20240923000949/zarr/depth_maps
[2025-12-31 08:51:52] [EventWorker_3]   Found 116 rectified label arrays to process.
[2025-12-31 08:51:52] [EventWorker_3]   Processing file 1/116: CAM_DE_01_20240922194226_predseg_labels_rectified
[2025-12-31 08:53:08] [EventWorker_1]   Processing file 54/61: CAM_DE_01_20240916210625_predseg_labels_rectified
[2025-12-31 08:53:24] [EventWorker_0]   Processing file 60/64: CAM_DE_01_20240916175426_predseg_labels_rectified
[2025-12-31 08:53:43] [EventWorker_2]   Processing file 21/74: CAM_DE_01_20240921190026_predseg_labels_rectified
[2025-12-31 08:54:31] [EventWorker_3]   Processing file 11/116: CAM_DE_01_20240922131226_predseg_labels_rectified
[2025-12-31 08:54:31] [EventWorker_0]   Processing file 64/64: CAM_DE_01_20240916192425_predseg_labels_rectified
[2025-12-31 08:54:45] [EventWorker_1]   Processing file 60/61: CAM_DE_01_20240916192425_predseg_labels_rectified
[2025-12-31 08:54:51] [EventWorker_0]   Successfully processed 64/64 files.
[2025-12-31 08:54:51] [EventWorker_0] === Depth Map Generation Complete ===
[2025-12-31 08:54:51] [EventWorker_0] +++ Successfully processed event DE_01_20240916130121_20240916192905 +++
[2025-12-31 08:54:51] [EventWorker_0] --- Processing event: DE_01_20240923124448_20240924011456 ---
[2025-12-31 08:54:51] [EventWorker_0] [DE_01_20240923124448_20240924011456] Calculating depths from: labels_rects
[2025-12-31 08:54:51] [EventWorker_0] 
=== Starting Depth Map Generation ===
[2025-12-31 08:54:51] [EventWorker_0]   Source Zarr directory: /rsstu/users/k/kanarde/NASA-Sunnyverse/rmccune/poseidon/data/down_east/flood_events/DE_01_20240923124448_20240924011456/zarr/labels_rects
[2025-12-31 08:54:51] [EventWorker_0]   Output Zarr directory: /rsstu/users/k/kanarde/NASA-Sunnyverse/rmccune/poseidon/data/down_east/flood_events/DE_01_20240923124448_20240924011456/zarr/depth_maps
[2025-12-31 08:54:51] [EventWorker_0]   Found 111 rectified label arrays to process.
[2025-12-31 08:54:51] [EventWorker_0]   Processing file 1/111: CAM_DE_01_20240923153025_predseg_labels_rectified
[2025-12-31 08:55:01] [EventWorker_1]   Processing file 61/61: CAM_DE_01_20240916234651_predseg_labels_rectified
[2025-12-31 08:55:15] [EventWorker_1]   Successfully processed 61/61 files.
[2025-12-31 08:55:15] [EventWorker_1] === Depth Map Generation Complete ===
[2025-12-31 08:55:15] [EventWorker_1] +++ Successfully processed event DE_01_20240916173742_20240917080648 +++
[2025-12-31 08:55:15] [EventWorker_1] --- Processing event: DE_01_20240924134030_20240925014726 ---
[2025-12-31 08:55:15] [EventWorker_1] [DE_01_20240924134030_20240925014726] Calculating depths from: labels_rects
[2025-12-31 08:55:15] [EventWorker_1] 
=== Starting Depth Map Generation ===
[2025-12-31 08:55:15] [EventWorker_1]   Source Zarr directory: /rsstu/users/k/kanarde/NASA-Sunnyverse/rmccune/poseidon/data/down_east/flood_events/DE_01_20240924134030_20240925014726/zarr/labels_rects
[2025-12-31 08:55:15] [EventWorker_1]   Output Zarr directory: /rsstu/users/k/kanarde/NASA-Sunnyverse/rmccune/poseidon/data/down_east/flood_events/DE_01_20240924134030_20240925014726/zarr/depth_maps
[2025-12-31 08:55:15] [EventWorker_1]   Found 99 rectified label arrays to process.
[2025-12-31 08:55:15] [EventWorker_1]   Processing file 1/99: CAM_DE_01_20240924220626_predseg_labels_rectified
[2025-12-31 08:55:34] [EventWorker_2]   Processing file 28/74: CAM_DE_01_20240921222426_predseg_labels_rectified
[2025-12-31 08:57:15] [EventWorker_2]   Processing file 35/74: CAM_DE_01_20240921161826_predseg_labels_rectified
[2025-12-31 08:57:19] [EventWorker_3]   Processing file 22/116: CAM_DE_01_20240922224826_predseg_labels_rectified
[2025-12-31 08:57:19] [EventWorker_1]   Processing file 9/99: CAM_DE_01_20240924213026_predseg_labels_rectified
[2025-12-31 08:57:19] [EventWorker_0]   Processing file 11/111: CAM_DE_01_20240923144826_predseg_labels_rectified
[2025-12-31 08:59:05] [EventWorker_2]   Processing file 42/74: CAM_DE_01_20240921221826_predseg_labels_rectified
[2025-12-31 08:59:42] [EventWorker_1]   Processing file 18/99: CAM_DE_01_20240924224826_predseg_labels_rectified
[2025-12-31 09:00:13] [EventWorker_3]   Processing file 33/116: CAM_DE_01_20240922174225_predseg_labels_rectified
[2025-12-31 09:00:14] [EventWorker_0]   Processing file 22/111: CAM_DE_01_20240923135426_predseg_labels_rectified
[2025-12-31 09:00:49] [EventWorker_2]   Processing file 49/74: CAM_DE_01_20240921224226_predseg_labels_rectified
[2025-12-31 09:01:58] [EventWorker_1]   Processing file 27/99: CAM_DE_01_20240924213626_predseg_labels_rectified
[2025-12-31 09:02:32] [EventWorker_2]   Processing file 56/74: CAM_DE_01_20240921160626_predseg_labels_rectified
[2025-12-31 09:02:53] [EventWorker_0]   Processing file 33/111: CAM_DE_01_20240923211826_predseg_labels_rectified
[2025-12-31 09:02:56] [EventWorker_3]   Processing file 44/116: CAM_DE_01_20240922232208_predseg_labels_rectified
[2025-12-31 09:04:09] [EventWorker_1]   Processing file 36/99: CAM_DE_01_20240924215425_predseg_labels_rectified
[2025-12-31 09:04:10] [EventWorker_2]   Processing file 63/74: CAM_DE_01_20240921220625_predseg_labels_rectified
[2025-12-31 09:05:30] [EventWorker_0]   Processing file 44/111: CAM_DE_01_20240923230625_predseg_labels_rectified
[2025-12-31 09:05:37] [EventWorker_3]   Processing file 55/116: CAM_DE_01_20240922144825_predseg_labels_rectified
[2025-12-31 09:05:51] [EventWorker_2]   Processing file 70/74: CAM_DE_01_20240921172425_predseg_labels_rectified
[2025-12-31 09:06:18] [EventWorker_1]   Processing file 45/99: CAM_DE_01_20240924190626_predseg_labels_rectified
[2025-12-31 09:06:54] [EventWorker_2]   Processing file 74/74: CAM_DE_01_20240921170626_predseg_labels_rectified
[2025-12-31 09:07:09] [EventWorker_2]   Successfully processed 74/74 files.
[2025-12-31 09:07:09] [EventWorker_2] === Depth Map Generation Complete ===
[2025-12-31 09:07:09] [EventWorker_2] +++ Successfully processed event DE_01_20240921105956_20240921231819 +++
[2025-12-31 09:07:09] [EventWorker_2] --- Processing event: DE_01_20241001085917_20241001182918 ---
[2025-12-31 09:07:09] [EventWorker_2] [DE_01_20241001085917_20241001182918] Calculating depths from: labels_rects
[2025-12-31 09:07:09] [EventWorker_2] 
=== Starting Depth Map Generation ===
[2025-12-31 09:07:09] [EventWorker_2]   Source Zarr directory: /rsstu/users/k/kanarde/NASA-Sunnyverse/rmccune/poseidon/data/down_east/flood_events/DE_01_20241001085917_20241001182918/zarr/labels_rects
[2025-12-31 09:07:09] [EventWorker_2]   Output Zarr directory: /rsstu/users/k/kanarde/NASA-Sunnyverse/rmccune/poseidon/data/down_east/flood_events/DE_01_20241001085917_20241001182918/zarr/depth_maps
[2025-12-31 09:07:09] [EventWorker_2]   Found 81 rectified label arrays to process.
[2025-12-31 09:07:09] [EventWorker_2]   Processing file 1/81: CAM_DE_01_20241001113626_predseg_labels_rectified
[2025-12-31 09:08:12] [EventWorker_0]   Processing file 55/111: CAM_DE_01_20240923220626_predseg_labels_rectified
[2025-12-31 09:08:19] [EventWorker_3]   Processing file 66/116: CAM_DE_01_20240922201825_predseg_labels_rectified
[2025-12-31 09:08:28] [EventWorker_1]   Processing file 54/99: CAM_DE_01_20240924222426_predseg_labels_rectified
[2025-12-31 09:08:47] [EventWorker_2]   Processing file 8/81: CAM_DE_01_20241001140626_predseg_labels_rectified
[2025-12-31 09:10:37] [EventWorker_1]   Processing file 63/99: CAM_DE_01_20240924163625_predseg_labels_rectified
[2025-12-31 09:10:43] [EventWorker_2]   Processing file 16/81: CAM_DE_01_20241001134826_predseg_labels_rectified
[2025-12-31 09:10:48] [EventWorker_0]   Processing file 66/111: CAM_DE_01_20240923183626_predseg_labels_rectified
[2025-12-31 09:10:57] [EventWorker_3]   Processing file 77/116: CAM_DE_01_20240922161826_predseg_labels_rectified
[2025-12-31 09:12:37] [EventWorker_2]   Processing file 24/81: CAM_DE_01_20241001133026_predseg_labels_rectified
[2025-12-31 09:12:45] [EventWorker_1]   Processing file 72/99: CAM_DE_01_20240924144826_predseg_labels_rectified
[2025-12-31 09:13:22] [EventWorker_0]   Processing file 77/111: CAM_DE_01_20240923141826_predseg_labels_rectified
[2025-12-31 09:13:40] [EventWorker_3]   Processing file 88/116: CAM_DE_01_20240922151226_predseg_labels_rectified
[2025-12-31 09:14:48] [EventWorker_2]   Processing file 32/81: CAM_DE_01_20241001131825_predseg_labels_rectified
[2025-12-31 09:15:03] [EventWorker_1]   Processing file 81/99: CAM_DE_01_20240924180625_predseg_labels_rectified
[2025-12-31 09:16:14] [EventWorker_0]   Processing file 88/111: CAM_DE_01_20240923214226_predseg_labels_rectified
[2025-12-31 09:16:27] [EventWorker_3]   Processing file 99/116: CAM_DE_01_20240922184826_predseg_labels_rectified
[2025-12-31 09:16:48] [EventWorker_2]   Processing file 40/81: CAM_DE_01_20241001161225_predseg_labels_rectified
[2025-12-31 09:17:19] [EventWorker_1]   Processing file 90/99: CAM_DE_01_20240924154826_predseg_labels_rectified
[2025-12-31 09:18:48] [EventWorker_2]   Processing file 48/81: CAM_DE_01_20241001141826_predseg_labels_rectified
[2025-12-31 09:18:59] [EventWorker_0]   Processing file 99/111: CAM_DE_01_20240923232808_predseg_labels_rectified
[2025-12-31 09:19:11] [EventWorker_3]   Processing file 110/116: CAM_DE_01_20240922124225_predseg_labels_rectified
[2025-12-31 09:19:35] [EventWorker_1]   Processing file 99/99: CAM_DE_01_20240924140025_predseg_labels_rectified
[2025-12-31 09:19:49] [EventWorker_1]   Successfully processed 99/99 files.
[2025-12-31 09:19:49] [EventWorker_1] === Depth Map Generation Complete ===
[2025-12-31 09:19:49] [EventWorker_1] +++ Successfully processed event DE_01_20240924134030_20240925014726 +++
[2025-12-31 09:19:49] [EventWorker_1] --- Processing event: DE_01_20241002084117_20241002202918 ---
[2025-12-31 09:19:49] [EventWorker_1] [DE_01_20241002084117_20241002202918] Calculating depths from: labels_rects
[2025-12-31 09:19:49] [EventWorker_1] 
=== Starting Depth Map Generation ===
[2025-12-31 09:19:49] [EventWorker_1]   Source Zarr directory: /rsstu/users/k/kanarde/NASA-Sunnyverse/rmccune/poseidon/data/down_east/flood_events/DE_01_20241002084117_20241002202918/zarr/labels_rects
[2025-12-31 09:19:49] [EventWorker_1]   Output Zarr directory: /rsstu/users/k/kanarde/NASA-Sunnyverse/rmccune/poseidon/data/down_east/flood_events/DE_01_20241002084117_20241002202918/zarr/depth_maps
[2025-12-31 09:19:49] [EventWorker_1]   Found 103 rectified label arrays to process.
[2025-12-31 09:19:49] [EventWorker_1]   Processing file 1/103: CAM_DE_01_20241002114225_predseg_labels_rectified
[2025-12-31 09:20:45] [EventWorker_3]   Processing file 116/116: CAM_DE_01_20240922140026_predseg_labels_rectified
[2025-12-31 09:20:54] [EventWorker_2]   Processing file 56/81: CAM_DE_01_20241001130025_predseg_labels_rectified
[2025-12-31 09:21:00] [EventWorker_3]   Successfully processed 116/116 files.
[2025-12-31 09:21:00] [EventWorker_3] === Depth Map Generation Complete ===
[2025-12-31 09:21:00] [EventWorker_3] +++ Successfully processed event DE_01_20240922122000_20240923000949 +++
[2025-12-31 09:21:00] [EventWorker_3] --- Processing event: DE_01_20241003082917_20241003213518 ---
[2025-12-31 09:21:00] [EventWorker_3] [DE_01_20241003082917_20241003213518] Calculating depths from: labels_rects
[2025-12-31 09:21:00] [EventWorker_3] 
=== Starting Depth Map Generation ===
[2025-12-31 09:21:00] [EventWorker_3]   Source Zarr directory: /rsstu/users/k/kanarde/NASA-Sunnyverse/rmccune/poseidon/data/down_east/flood_events/DE_01_20241003082917_20241003213518/zarr/labels_rects
[2025-12-31 09:21:00] [EventWorker_3]   Output Zarr directory: /rsstu/users/k/kanarde/NASA-Sunnyverse/rmccune/poseidon/data/down_east/flood_events/DE_01_20241003082917_20241003213518/zarr/depth_maps
[2025-12-31 09:21:00] [EventWorker_3]   Found 114 rectified label arrays to process.
[2025-12-31 09:21:00] [EventWorker_3]   Processing file 1/114: CAM_DE_01_20241003120026_predseg_labels_rectified
[2025-12-31 09:21:49] [EventWorker_0]   Processing file 110/111: CAM_DE_01_20240923191225_predseg_labels_rectified
[2025-12-31 09:22:07] [EventWorker_0]   Processing file 111/111: CAM_DE_01_20240923210025_predseg_labels_rectified
[2025-12-31 09:22:15] [EventWorker_1]   Processing file 10/103: CAM_DE_01_20241002200025_predseg_labels_rectified
[2025-12-31 09:22:22] [EventWorker_0]   Successfully processed 111/111 files.
[2025-12-31 09:22:22] [EventWorker_0] === Depth Map Generation Complete ===
[2025-12-31 09:22:22] [EventWorker_0] +++ Successfully processed event DE_01_20240923124448_20240924011456 +++
[2025-12-31 09:22:22] [EventWorker_0] --- Processing event: DE_01_20241004094717_20241004212352 ---
[2025-12-31 09:22:22] [EventWorker_0] [DE_01_20241004094717_20241004212352] Calculating depths from: labels_rects
[2025-12-31 09:22:22] [EventWorker_0] 
=== Starting Depth Map Generation ===
[2025-12-31 09:22:22] [EventWorker_0]   Source Zarr directory: /rsstu/users/k/kanarde/NASA-Sunnyverse/rmccune/poseidon/data/down_east/flood_events/DE_01_20241004094717_20241004212352/zarr/labels_rects
[2025-12-31 09:22:22] [EventWorker_0]   Output Zarr directory: /rsstu/users/k/kanarde/NASA-Sunnyverse/rmccune/poseidon/data/down_east/flood_events/DE_01_20241004094717_20241004212352/zarr/depth_maps
[2025-12-31 09:22:22] [EventWorker_0]   Found 113 rectified label arrays to process.
[2025-12-31 09:22:22] [EventWorker_0]   Processing file 1/113: CAM_DE_01_20241004134825_predseg_labels_rectified
[2025-12-31 09:23:03] [EventWorker_2]   Processing file 64/81: CAM_DE_01_20241001155426_predseg_labels_rectified
[2025-12-31 09:23:38] [EventWorker_3]   Processing file 11/114: CAM_DE_01_20241003144225_predseg_labels_rectified
[2025-12-31 09:24:54] [EventWorker_1]   Processing file 20/103: CAM_DE_01_20241002105206_predseg_labels_rectified
[2025-12-31 09:25:00] [EventWorker_0]   Processing file 11/113: CAM_DE_01_20241004114825_predseg_labels_rectified
[2025-12-31 09:25:11] [EventWorker_2]   Processing file 72/81: CAM_DE_01_20241001104010_predseg_labels_rectified
[2025-12-31 09:26:41] [EventWorker_3]   Processing file 22/114: CAM_DE_01_20241003170026_predseg_labels_rectified
[2025-12-31 09:27:25] [EventWorker_2]   Processing file 80/81: CAM_DE_01_20241001181226_predseg_labels_rectified
[2025-12-31 09:27:40] [EventWorker_2]   Processing file 81/81: CAM_DE_01_20241001173025_predseg_labels_rectified
[2025-12-31 09:27:40] [EventWorker_1]   Processing file 30/103: CAM_DE_01_20241002155426_predseg_labels_rectified
[2025-12-31 09:27:57] [EventWorker_2]   Successfully processed 81/81 files.
[2025-12-31 09:27:57] [EventWorker_2] === Depth Map Generation Complete ===
[2025-12-31 09:27:57] [EventWorker_2] +++ Successfully processed event DE_01_20241001085917_20241001182918 +++
[2025-12-31 09:27:57] [EventWorker_2] --- Processing event: DE_01_20241005104804_20241005211801 ---
[2025-12-31 09:27:57] [EventWorker_2] [DE_01_20241005104804_20241005211801] Calculating depths from: labels_rects
[2025-12-31 09:27:57] [EventWorker_2] 
=== Starting Depth Map Generation ===
[2025-12-31 09:27:57] [EventWorker_2]   Source Zarr directory: /rsstu/users/k/kanarde/NASA-Sunnyverse/rmccune/poseidon/data/down_east/flood_events/DE_01_20241005104804_20241005211801/zarr/labels_rects
[2025-12-31 09:27:57] [EventWorker_2]   Output Zarr directory: /rsstu/users/k/kanarde/NASA-Sunnyverse/rmccune/poseidon/data/down_east/flood_events/DE_01_20241005104804_20241005211801/zarr/depth_maps
[2025-12-31 09:27:57] [EventWorker_2]   Found 105 rectified label arrays to process.
[2025-12-31 09:27:57] [EventWorker_2]   Processing file 1/105: CAM_DE_01_20241005153626_predseg_labels_rectified
[2025-12-31 09:27:59] [EventWorker_0]   Processing file 22/113: CAM_DE_01_20241004162426_predseg_labels_rectified
[2025-12-31 09:29:45] [EventWorker_3]   Processing file 33/114: CAM_DE_01_20241003205426_predseg_labels_rectified
[2025-12-31 09:30:27] [EventWorker_2]   Processing file 10/105: CAM_DE_01_20241005110626_predseg_labels_rectified
[2025-12-31 09:30:34] [EventWorker_1]   Processing file 40/103: CAM_DE_01_20241002120625_predseg_labels_rectified
[2025-12-31 09:31:05] [EventWorker_0]   Processing file 33/113: CAM_DE_01_20241004165425_predseg_labels_rectified
[2025-12-31 09:32:42] [EventWorker_3]   Processing file 44/114: CAM_DE_01_20241003203626_predseg_labels_rectified
[2025-12-31 09:33:03] [EventWorker_2]   Processing file 20/105: CAM_DE_01_20241005200625_predseg_labels_rectified
[2025-12-31 09:33:12] [EventWorker_1]   Processing file 50/103: CAM_DE_01_20241002150025_predseg_labels_rectified
[2025-12-31 09:34:03] [EventWorker_0]   Processing file 44/113: CAM_DE_01_20241004182426_predseg_labels_rectified
[2025-12-31 09:35:41] [EventWorker_3]   Processing file 55/114: CAM_DE_01_20241003150025_predseg_labels_rectified
[2025-12-31 09:35:48] [EventWorker_2]   Processing file 30/105: CAM_DE_01_20241005170626_predseg_labels_rectified
[2025-12-31 09:35:58] [EventWorker_1]   Processing file 60/103: CAM_DE_01_20241002131826_predseg_labels_rectified
[2025-12-31 09:37:08] [EventWorker_0]   Processing file 55/113: CAM_DE_01_20241004140626_predseg_labels_rectified
[2025-12-31 09:38:29] [EventWorker_2]   Processing file 40/105: CAM_DE_01_20241005203626_predseg_labels_rectified
[2025-12-31 09:38:34] [EventWorker_3]   Processing file 66/114: CAM_DE_01_20241003182426_predseg_labels_rectified
[2025-12-31 09:38:37] [EventWorker_1]   Processing file 70/103: CAM_DE_01_20241002135425_predseg_labels_rectified
[2025-12-31 09:39:56] [EventWorker_0]   Processing file 66/113: CAM_DE_01_20241004111225_predseg_labels_rectified
[2025-12-31 09:41:05] [EventWorker_2]   Processing file 50/105: CAM_DE_01_20241005144825_predseg_labels_rectified
[2025-12-31 09:41:16] [EventWorker_1]   Processing file 80/103: CAM_DE_01_20241002170026_predseg_labels_rectified
[2025-12-31 09:41:25] [EventWorker_3]   Processing file 77/114: CAM_DE_01_20241003164225_predseg_labels_rectified
[2025-12-31 09:42:51] [EventWorker_0]   Processing file 77/113: CAM_DE_01_20241004143029_predseg_labels_rectified
[2025-12-31 09:43:45] [EventWorker_2]   Processing file 60/105: CAM_DE_01_20241005105806_predseg_labels_rectified
[2025-12-31 09:43:56] [EventWorker_1]   Processing file 90/103: CAM_DE_01_20241002125426_predseg_labels_rectified
[2025-12-31 09:44:21] [EventWorker_3]   Processing file 88/114: CAM_DE_01_20241003142426_predseg_labels_rectified
[2025-12-31 09:45:43] [EventWorker_0]   Processing file 88/113: CAM_DE_01_20241004173026_predseg_labels_rectified
[2025-12-31 09:46:13] [EventWorker_2]   Processing file 70/105: CAM_DE_01_20241005194825_predseg_labels_rectified
[2025-12-31 09:46:25] [EventWorker_1]   Processing file 100/103: CAM_DE_01_20241002141826_predseg_labels_rectified
[2025-12-31 09:47:05] [EventWorker_3]   Processing file 99/114: CAM_DE_01_20241003121826_predseg_labels_rectified
[2025-12-31 09:47:13] [EventWorker_1]   Processing file 103/103: CAM_DE_01_20241002180025_predseg_labels_rectified
[2025-12-31 09:47:30] [EventWorker_1]   Successfully processed 103/103 files.
[2025-12-31 09:47:30] [EventWorker_1] === Depth Map Generation Complete ===
[2025-12-31 09:47:30] [EventWorker_1] +++ Successfully processed event DE_01_20241002084117_20241002202918 +++
[2025-12-31 09:47:30] [EventWorker_1] --- Processing event: DE_01_20241006113119_20241006221319 ---
[2025-12-31 09:47:30] [EventWorker_1] [DE_01_20241006113119_20241006221319] Calculating depths from: labels_rects
[2025-12-31 09:47:30] [EventWorker_1] 
=== Starting Depth Map Generation ===
[2025-12-31 09:47:30] [EventWorker_1]   Source Zarr directory: /rsstu/users/k/kanarde/NASA-Sunnyverse/rmccune/poseidon/data/down_east/flood_events/DE_01_20241006113119_20241006221319/zarr/labels_rects
[2025-12-31 09:47:30] [EventWorker_1]   Output Zarr directory: /rsstu/users/k/kanarde/NASA-Sunnyverse/rmccune/poseidon/data/down_east/flood_events/DE_01_20241006113119_20241006221319/zarr/depth_maps
[2025-12-31 09:47:30] [EventWorker_1]   Found 106 rectified label arrays to process.
[2025-12-31 09:47:30] [EventWorker_1]   Processing file 1/106: CAM_DE_01_20241006204835_predseg_labels_rectified
[2025-12-31 09:48:36] [EventWorker_0]   Processing file 99/113: CAM_DE_01_20241004120626_predseg_labels_rectified
[2025-12-31 09:48:54] [EventWorker_2]   Processing file 80/105: CAM_DE_01_20241005172426_predseg_labels_rectified
[2025-12-31 09:49:48] [EventWorker_1]   Processing file 10/106: CAM_DE_01_20241006211236_predseg_labels_rectified
[2025-12-31 09:49:56] [EventWorker_3]   Processing file 110/114: CAM_DE_01_20241003161825_predseg_labels_rectified
[2025-12-31 09:50:56] [EventWorker_3]   Processing file 114/114: CAM_DE_01_20241003152426_predseg_labels_rectified
[2025-12-31 09:51:13] [EventWorker_3]   Successfully processed 114/114 files.
[2025-12-31 09:51:13] [EventWorker_3] === Depth Map Generation Complete ===
[2025-12-31 09:51:13] [EventWorker_3] +++ Successfully processed event DE_01_20241003082917_20241003213518 +++
[2025-12-31 09:51:13] [EventWorker_3] --- Processing event: DE_01_20241007123528_20241007222928 ---
[2025-12-31 09:51:13] [EventWorker_3] [DE_01_20241007123528_20241007222928] Calculating depths from: labels_rects
[2025-12-31 09:51:13] [EventWorker_3] 
=== Starting Depth Map Generation ===
[2025-12-31 09:51:13] [EventWorker_3]   Source Zarr directory: /rsstu/users/k/kanarde/NASA-Sunnyverse/rmccune/poseidon/data/down_east/flood_events/DE_01_20241007123528_20241007222928/zarr/labels_rects
[2025-12-31 09:51:13] [EventWorker_3]   Output Zarr directory: /rsstu/users/k/kanarde/NASA-Sunnyverse/rmccune/poseidon/data/down_east/flood_events/DE_01_20241007123528_20241007222928/zarr/depth_maps
[2025-12-31 09:51:13] [EventWorker_3]   Found 99 rectified label arrays to process.
[2025-12-31 09:51:13] [EventWorker_3]   Processing file 1/99: CAM_DE_01_20241007171825_predseg_labels_rectified
[2025-12-31 09:51:23] [EventWorker_2]   Processing file 90/105: CAM_DE_01_20241005123026_predseg_labels_rectified
[2025-12-31 09:51:25] [EventWorker_0]   Processing file 110/113: CAM_DE_01_20241004174826_predseg_labels_rectified
[2025-12-31 09:52:12] [EventWorker_0]   Processing file 113/113: CAM_DE_01_20241004101105_predseg_labels_rectified
[2025-12-31 09:52:19] [EventWorker_1]   Processing file 20/106: CAM_DE_01_20241006192426_predseg_labels_rectified
[2025-12-31 09:52:25] [EventWorker_0]   Successfully processed 113/113 files.
[2025-12-31 09:52:25] [EventWorker_0] === Depth Map Generation Complete ===
[2025-12-31 09:52:25] [EventWorker_0] +++ Successfully processed event DE_01_20241004094717_20241004212352 +++
[2025-12-31 09:52:25] [EventWorker_0] --- Processing event: DE_01_20241008130038_20241009001238 ---
[2025-12-31 09:52:26] [EventWorker_0] [DE_01_20241008130038_20241009001238] Calculating depths from: labels_rects
[2025-12-31 09:52:26] [EventWorker_0] 
=== Starting Depth Map Generation ===
[2025-12-31 09:52:26] [EventWorker_0]   Source Zarr directory: /rsstu/users/k/kanarde/NASA-Sunnyverse/rmccune/poseidon/data/down_east/flood_events/DE_01_20241008130038_20241009001238/zarr/labels_rects
[2025-12-31 09:52:26] [EventWorker_0]   Output Zarr directory: /rsstu/users/k/kanarde/NASA-Sunnyverse/rmccune/poseidon/data/down_east/flood_events/DE_01_20241008130038_20241009001238/zarr/depth_maps
[2025-12-31 09:52:26] [EventWorker_0]   Found 106 rectified label arrays to process.
[2025-12-31 09:52:26] [EventWorker_0]   Processing file 1/106: CAM_DE_01_20241008221826_predseg_labels_rectified
[2025-12-31 09:53:12] [EventWorker_3]   Processing file 9/99: CAM_DE_01_20241007143625_predseg_labels_rectified
[2025-12-31 09:53:55] [EventWorker_2]   Processing file 100/105: CAM_DE_01_20241005154826_predseg_labels_rectified
[2025-12-31 09:54:43] [EventWorker_0]   Processing file 10/106: CAM_DE_01_20241008213026_predseg_labels_rectified
[2025-12-31 09:54:50] [EventWorker_1]   Processing file 30/106: CAM_DE_01_20241006133025_predseg_labels_rectified
[2025-12-31 09:54:58] [EventWorker_0] No pond edge elevations found for CAM_DE_01_20241008150026_predseg_labels_rectified. Skipping all histograms.
[2025-12-31 09:55:09] [EventWorker_2]   Processing file 105/105: CAM_DE_01_20241005184826_predseg_labels_rectified
[2025-12-31 09:55:25] [EventWorker_2]   Successfully processed 105/105 files.
[2025-12-31 09:55:25] [EventWorker_2] === Depth Map Generation Complete ===
[2025-12-31 09:55:25] [EventWorker_2] +++ Successfully processed event DE_01_20241005104804_20241005211801 +++
[2025-12-31 09:55:25] [EventWorker_2] --- Processing event: DE_01_20241009130147_20241010005547 ---
[2025-12-31 09:55:25] [EventWorker_2] [DE_01_20241009130147_20241010005547] Calculating depths from: labels_rects
[2025-12-31 09:55:25] [EventWorker_2] 
=== Starting Depth Map Generation ===
[2025-12-31 09:55:25] [EventWorker_2]   Source Zarr directory: /rsstu/users/k/kanarde/NASA-Sunnyverse/rmccune/poseidon/data/down_east/flood_events/DE_01_20241009130147_20241010005547/zarr/labels_rects
[2025-12-31 09:55:25] [EventWorker_2]   Output Zarr directory: /rsstu/users/k/kanarde/NASA-Sunnyverse/rmccune/poseidon/data/down_east/flood_events/DE_01_20241009130147_20241010005547/zarr/depth_maps
[2025-12-31 09:55:25] [EventWorker_2]   Found 107 rectified label arrays to process.
[2025-12-31 09:55:25] [EventWorker_2]   Processing file 1/107: CAM_DE_01_20241009222426_predseg_labels_rectified
[2025-12-31 09:55:28] [EventWorker_3]   Processing file 18/99: CAM_DE_01_20241007150026_predseg_labels_rectified
[2025-12-31 09:56:54] [EventWorker_0] No pond edge elevations found for CAM_DE_01_20241008144826_predseg_labels_rectified. Skipping all histograms.
[2025-12-31 09:57:03] [EventWorker_2] No pond edge elevations found for CAM_DE_01_20241009163625_predseg_labels_rectified. Skipping all histograms.
[2025-12-31 09:57:05] [EventWorker_0]   Processing file 20/106: CAM_DE_01_20241008194225_predseg_labels_rectified
[2025-12-31 09:57:11] [EventWorker_1]   Processing file 40/106: CAM_DE_01_20241006183025_predseg_labels_rectified
[2025-12-31 09:57:31] [EventWorker_2]   Processing file 10/107: CAM_DE_01_20241009161226_predseg_labels_rectified
[2025-12-31 09:57:34] [EventWorker_3]   Processing file 27/99: CAM_DE_01_20241007213025_predseg_labels_rectified
[2025-12-31 09:59:12] [EventWorker_0] No pond edge elevations found for CAM_DE_01_20241008152426_predseg_labels_rectified. Skipping all histograms.
[2025-12-31 09:59:23] [EventWorker_0]   Processing file 30/106: CAM_DE_01_20241008192426_predseg_labels_rectified
[2025-12-31 09:59:29] [EventWorker_1]   Processing file 50/106: CAM_DE_01_20241006145426_predseg_labels_rectified
[2025-12-31 09:59:36] [EventWorker_3]   Processing file 36/99: CAM_DE_01_20241007221826_predseg_labels_rectified
[2025-12-31 09:59:44] [EventWorker_2]   Processing file 20/107: CAM_DE_01_20241009204225_predseg_labels_rectified
[2025-12-31 10:00:29] [EventWorker_2] No pond edge elevations found for CAM_DE_01_20241009164825_predseg_labels_rectified. Skipping all histograms.
[2025-12-31 10:01:17] [EventWorker_0] No pond edge elevations found for CAM_DE_01_20241008153626_predseg_labels_rectified. Skipping all histograms.
[2025-12-31 10:01:43] [EventWorker_0]   Processing file 40/106: CAM_DE_01_20241008223626_predseg_labels_rectified
[2025-12-31 10:01:43] [EventWorker_3]   Processing file 45/99: CAM_DE_01_20241007221225_predseg_labels_rectified
[2025-12-31 10:01:49] [EventWorker_1]   Processing file 60/106: CAM_DE_01_20241006134226_predseg_labels_rectified
[2025-12-31 10:02:02] [EventWorker_2]   Processing file 30/107: CAM_DE_01_20241009140626_predseg_labels_rectified
[2025-12-31 10:03:50] [EventWorker_3]   Processing file 54/99: CAM_DE_01_20241007152425_predseg_labels_rectified
[2025-12-31 10:04:05] [EventWorker_0]   Processing file 50/106: CAM_DE_01_20241008153026_predseg_labels_rectified
[2025-12-31 10:04:05] [EventWorker_0] No pond edge elevations found for CAM_DE_01_20241008153026_predseg_labels_rectified. Skipping all histograms.
[2025-12-31 10:04:12] [EventWorker_1]   Processing file 70/106: CAM_DE_01_20241006161226_predseg_labels_rectified
[2025-12-31 10:04:25] [EventWorker_2]   Processing file 40/107: CAM_DE_01_20241009195426_predseg_labels_rectified
[2025-12-31 10:05:59] [EventWorker_3]   Processing file 63/99: CAM_DE_01_20241007184825_predseg_labels_rectified
[2025-12-31 10:06:29] [EventWorker_0]   Processing file 60/106: CAM_DE_01_20241008183025_predseg_labels_rectified
[2025-12-31 10:06:39] [EventWorker_1]   Processing file 80/106: CAM_DE_01_20241006164826_predseg_labels_rectified
[2025-12-31 10:06:43] [EventWorker_0] No pond edge elevations found for CAM_DE_01_20241008150626_predseg_labels_rectified. Skipping all histograms.
[2025-12-31 10:06:48] [EventWorker_2]   Processing file 50/107: CAM_DE_01_20241009171825_predseg_labels_rectified
[2025-12-31 10:08:08] [EventWorker_3]   Processing file 72/99: CAM_DE_01_20241007181225_predseg_labels_rectified
[2025-12-31 10:08:46] [EventWorker_0]   Processing file 70/106: CAM_DE_01_20241008141226_predseg_labels_rectified
[2025-12-31 10:08:56] [EventWorker_1]   Processing file 90/106: CAM_DE_01_20241006154225_predseg_labels_rectified
[2025-12-31 10:09:06] [EventWorker_2]   Processing file 60/107: CAM_DE_01_20241009164226_predseg_labels_rectified
[2025-12-31 10:09:06] [EventWorker_2] No pond edge elevations found for CAM_DE_01_20241009164226_predseg_labels_rectified. Skipping all histograms.
[2025-12-31 10:10:04] [EventWorker_2] No pond edge elevations found for CAM_DE_01_20241009163026_predseg_labels_rectified. Skipping all histograms.
[2025-12-31 10:10:11] [EventWorker_3]   Processing file 81/99: CAM_DE_01_20241007180026_predseg_labels_rectified
[2025-12-31 10:11:08] [EventWorker_0]   Processing file 80/106: CAM_DE_01_20241008131825_predseg_labels_rectified
[2025-12-31 10:11:18] [EventWorker_1]   Processing file 100/106: CAM_DE_01_20241006214230_predseg_labels_rectified
[2025-12-31 10:11:25] [EventWorker_2]   Processing file 70/107: CAM_DE_01_20241009204826_predseg_labels_rectified
[2025-12-31 10:12:19] [EventWorker_3]   Processing file 90/99: CAM_DE_01_20241007164226_predseg_labels_rectified
[2025-12-31 10:12:43] [EventWorker_1]   Processing file 106/106: CAM_DE_01_20241006113625_predseg_labels_rectified
[2025-12-31 10:12:48] [EventWorker_0] No pond edge elevations found for CAM_DE_01_20241008151226_predseg_labels_rectified. Skipping all histograms.
[2025-12-31 10:12:55] [EventWorker_1]   Successfully processed 106/106 files.
[2025-12-31 10:12:55] [EventWorker_1] === Depth Map Generation Complete ===
[2025-12-31 10:12:55] [EventWorker_1] +++ Successfully processed event DE_01_20241006113119_20241006221319 +++
[2025-12-31 10:12:55] [EventWorker_1] --- Processing event: DE_01_20241010145732_20241011015131 ---
[2025-12-31 10:12:55] [EventWorker_1] [DE_01_20241010145732_20241011015131] Calculating depths from: labels_rects
[2025-12-31 10:12:55] [EventWorker_1] 
=== Starting Depth Map Generation ===
[2025-12-31 10:12:55] [EventWorker_1]   Source Zarr directory: /rsstu/users/k/kanarde/NASA-Sunnyverse/rmccune/poseidon/data/down_east/flood_events/DE_01_20241010145732_20241011015131/zarr/labels_rects
[2025-12-31 10:12:55] [EventWorker_1]   Output Zarr directory: /rsstu/users/k/kanarde/NASA-Sunnyverse/rmccune/poseidon/data/down_east/flood_events/DE_01_20241010145732_20241011015131/zarr/depth_maps
[2025-12-31 10:12:55] [EventWorker_1]   Found 87 rectified label arrays to process.
[2025-12-31 10:12:55] [EventWorker_1]   Processing file 1/87: CAM_DE_01_20241010183625_predseg_labels_rectified
[2025-12-31 10:13:26] [EventWorker_0]   Processing file 90/106: CAM_DE_01_20241008130626_predseg_labels_rectified
[2025-12-31 10:13:44] [EventWorker_2]   Processing file 80/107: CAM_DE_01_20241009184226_predseg_labels_rectified
[2025-12-31 10:14:21] [EventWorker_3]   Processing file 99/99: CAM_DE_01_20241007185426_predseg_labels_rectified
[2025-12-31 10:14:29] [EventWorker_1]   Processing file 8/87: CAM_DE_01_20241010210626_predseg_labels_rectified
[2025-12-31 10:14:34] [EventWorker_3]   Successfully processed 99/99 files.
[2025-12-31 10:14:34] [EventWorker_3] === Depth Map Generation Complete ===
[2025-12-31 10:14:34] [EventWorker_3] +++ Successfully processed event DE_01_20241007123528_20241007222928 +++
[2025-12-31 10:14:34] [EventWorker_3] --- Processing event: DE_01_20241011153407_20241012022806 ---
[2025-12-31 10:14:34] [EventWorker_3] [DE_01_20241011153407_20241012022806] Calculating depths from: labels_rects
[2025-12-31 10:14:34] [EventWorker_3] 
=== Starting Depth Map Generation ===
[2025-12-31 10:14:34] [EventWorker_3]   Source Zarr directory: /rsstu/users/k/kanarde/NASA-Sunnyverse/rmccune/poseidon/data/down_east/flood_events/DE_01_20241011153407_20241012022806/zarr/labels_rects
[2025-12-31 10:14:34] [EventWorker_3]   Output Zarr directory: /rsstu/users/k/kanarde/NASA-Sunnyverse/rmccune/poseidon/data/down_east/flood_events/DE_01_20241011153407_20241012022806/zarr/depth_maps
[2025-12-31 10:14:34] [EventWorker_3]   Found 82 rectified label arrays to process.
[2025-12-31 10:14:34] [EventWorker_3]   Processing file 1/82: CAM_DE_01_20241011205426_predseg_labels_rectified
[2025-12-31 10:14:55] [EventWorker_1] No pond edge elevations found for CAM_DE_01_20241010191226_predseg_labels_rectified. Skipping all histograms.
[2025-12-31 10:15:40] [EventWorker_0]   Processing file 100/106: CAM_DE_01_20241008211225_predseg_labels_rectified
[2025-12-31 10:15:53] [EventWorker_0] No pond edge elevations found for CAM_DE_01_20241008151826_predseg_labels_rectified. Skipping all histograms.
[2025-12-31 10:15:54] [EventWorker_2]   Processing file 90/107: CAM_DE_01_20241009165426_predseg_labels_rectified
[2025-12-31 10:16:04] [EventWorker_3]   Processing file 8/82: CAM_DE_01_20241011193625_predseg_labels_rectified
[2025-12-31 10:16:11] [EventWorker_1]   Processing file 16/87: CAM_DE_01_20241010225206_predseg_labels_rectified
[2025-12-31 10:16:58] [EventWorker_0]   Processing file 106/106: CAM_DE_01_20241008133026_predseg_labels_rectified
[2025-12-31 10:17:11] [EventWorker_0]   Successfully processed 106/106 files.
[2025-12-31 10:17:11] [EventWorker_0] === Depth Map Generation Complete ===
[2025-12-31 10:17:11] [EventWorker_0] +++ Successfully processed event DE_01_20241008130038_20241009001238 +++
[2025-12-31 10:17:11] [EventWorker_0] --- Processing event: DE_01_20241012175450_20241013020725 ---
[2025-12-31 10:17:11] [EventWorker_0] [DE_01_20241012175450_20241013020725] Calculating depths from: labels_rects
[2025-12-31 10:17:11] [EventWorker_0] 
=== Starting Depth Map Generation ===
[2025-12-31 10:17:11] [EventWorker_0]   Source Zarr directory: /rsstu/users/k/kanarde/NASA-Sunnyverse/rmccune/poseidon/data/down_east/flood_events/DE_01_20241012175450_20241013020725/zarr/labels_rects
[2025-12-31 10:17:11] [EventWorker_0]   Output Zarr directory: /rsstu/users/k/kanarde/NASA-Sunnyverse/rmccune/poseidon/data/down_east/flood_events/DE_01_20241012175450_20241013020725/zarr/depth_maps
[2025-12-31 10:17:11] [EventWorker_0]   Found 56 rectified label arrays to process.
[2025-12-31 10:17:11] [EventWorker_0]   Processing file 1/56: CAM_DE_01_20241012222426_predseg_labels_rectified
[2025-12-31 10:17:24] [EventWorker_0] No pond edge elevations found for CAM_DE_01_20241012210626_predseg_labels_rectified. Skipping all histograms.
[2025-12-31 10:17:46] [EventWorker_3]   Processing file 16/82: CAM_DE_01_20241011203625_predseg_labels_rectified
[2025-12-31 10:17:52] [EventWorker_1]   Processing file 24/87: CAM_DE_01_20241010170626_predseg_labels_rectified
[2025-12-31 10:18:00] [EventWorker_0]   Processing file 5/56: CAM_DE_01_20241012214225_predseg_labels_rectified
[2025-12-31 10:18:00] [EventWorker_0] No pond edge elevations found for CAM_DE_01_20241012214225_predseg_labels_rectified. Skipping all histograms.
[2025-12-31 10:18:01] [EventWorker_2]   Processing file 100/107: CAM_DE_01_20241009224226_predseg_labels_rectified
[2025-12-31 10:18:27] [EventWorker_0] No pond edge elevations found for CAM_DE_01_20241012201826_predseg_labels_rectified. Skipping all histograms.
[2025-12-31 10:18:30] [EventWorker_1] No pond edge elevations found for CAM_DE_01_20241010193626_predseg_labels_rectified. Skipping all histograms.
[2025-12-31 10:18:35] [EventWorker_3] No pond edge elevations found for CAM_DE_01_20241011191825_predseg_labels_rectified. Skipping all histograms.
[2025-12-31 10:18:41] [EventWorker_1] No pond edge elevations found for CAM_DE_01_20241010183025_predseg_labels_rectified. Skipping all histograms.
[2025-12-31 10:18:53] [EventWorker_1] No pond edge elevations found for CAM_DE_01_20241010174825_predseg_labels_rectified. Skipping all histograms.
[2025-12-31 10:19:00] [EventWorker_0]   Processing file 10/56: CAM_DE_01_20241012223625_predseg_labels_rectified
[2025-12-31 10:19:11] [EventWorker_3] No pond edge elevations found for CAM_DE_01_20241011174826_predseg_labels_rectified. Skipping all histograms.
[2025-12-31 10:19:21] [EventWorker_3]   Processing file 24/82: CAM_DE_01_20241011235309_predseg_labels_rectified
[2025-12-31 10:19:25] [EventWorker_2]   Processing file 107/107: CAM_DE_01_20241009232313_predseg_labels_rectified
[2025-12-31 10:19:28] [EventWorker_1]   Processing file 32/87: CAM_DE_01_20241010224226_predseg_labels_rectified
[2025-12-31 10:19:37] [EventWorker_0] No pond edge elevations found for CAM_DE_01_20241012212425_predseg_labels_rectified. Skipping all histograms.
[2025-12-31 10:19:37] [EventWorker_2]   Successfully processed 107/107 files.
[2025-12-31 10:19:37] [EventWorker_2] === Depth Map Generation Complete ===
[2025-12-31 10:19:37] [EventWorker_2] +++ Successfully processed event DE_01_20241009130147_20241010005547 +++
[2025-12-31 10:19:37] [EventWorker_2] --- Processing event: DE_01_20241017095237_20241017170437 ---
[2025-12-31 10:19:37] [EventWorker_2] [DE_01_20241017095237_20241017170437] Calculating depths from: labels_rects
[2025-12-31 10:19:37] [EventWorker_2] 
=== Starting Depth Map Generation ===
[2025-12-31 10:19:37] [EventWorker_2]   Source Zarr directory: /rsstu/users/k/kanarde/NASA-Sunnyverse/rmccune/poseidon/data/down_east/flood_events/DE_01_20241017095237_20241017170437/zarr/labels_rects
[2025-12-31 10:19:37] [EventWorker_2]   Output Zarr directory: /rsstu/users/k/kanarde/NASA-Sunnyverse/rmccune/poseidon/data/down_east/flood_events/DE_01_20241017095237_20241017170437/zarr/depth_maps
[2025-12-31 10:19:37] [EventWorker_2]   Found 71 rectified label arrays to process.
[2025-12-31 10:19:37] [EventWorker_2]   Processing file 1/71: CAM_DE_01_20241017105806_predseg_labels_rectified
[2025-12-31 10:20:00] [EventWorker_0]   Processing file 15/56: CAM_DE_01_20241012184826_predseg_labels_rectified
[2025-12-31 10:20:02] [EventWorker_2] No pond edge elevations found for CAM_DE_01_20241017141825_predseg_labels_rectified. Skipping all histograms.
[2025-12-31 10:20:11] [EventWorker_3] No pond edge elevations found for CAM_DE_01_20241011192425_predseg_labels_rectified. Skipping all histograms.
[2025-12-31 10:20:26] [EventWorker_2] No pond edge elevations found for CAM_DE_01_20241017140626_predseg_labels_rectified. Skipping all histograms.
[2025-12-31 10:20:28] [EventWorker_1] No pond edge elevations found for CAM_DE_01_20241010182425_predseg_labels_rectified. Skipping all histograms.
[2025-12-31 10:20:48] [EventWorker_0] No pond edge elevations found for CAM_DE_01_20241012210025_predseg_labels_rectified. Skipping all histograms.
[2025-12-31 10:20:49] [EventWorker_2]   Processing file 7/71: CAM_DE_01_20241017143025_predseg_labels_rectified
[2025-12-31 10:20:58] [EventWorker_3]   Processing file 32/82: CAM_DE_01_20241011234715_predseg_labels_rectified
[2025-12-31 10:20:59] [EventWorker_0]   Processing file 20/56: CAM_DE_01_20241012230408_predseg_labels_rectified
[2025-12-31 10:21:04] [EventWorker_1]   Processing file 40/87: CAM_DE_01_20241010231010_predseg_labels_rectified
[2025-12-31 10:21:26] [EventWorker_0] No pond edge elevations found for CAM_DE_01_20241012211226_predseg_labels_rectified. Skipping all histograms.
[2025-12-31 10:21:30] [EventWorker_1] No pond edge elevations found for CAM_DE_01_20241010201826_predseg_labels_rectified. Skipping all histograms.
[2025-12-31 10:21:49] [EventWorker_0] No pond edge elevations found for CAM_DE_01_20241012202426_predseg_labels_rectified. Skipping all histograms.
[2025-12-31 10:21:52] [EventWorker_1] No pond edge elevations found for CAM_DE_01_20241010150026_predseg_labels_rectified. Skipping all histograms.
[2025-12-31 10:22:00] [EventWorker_0]   Processing file 25/56: CAM_DE_01_20241012205426_predseg_labels_rectified
[2025-12-31 10:22:00] [EventWorker_0] No pond edge elevations found for CAM_DE_01_20241012205426_predseg_labels_rectified. Skipping all histograms.
[2025-12-31 10:22:14] [EventWorker_2]   Processing file 14/71: CAM_DE_01_20241017145426_predseg_labels_rectified
[2025-12-31 10:22:36] [EventWorker_3]   Processing file 40/82: CAM_DE_01_20241011215425_predseg_labels_rectified
[2025-12-31 10:22:42] [EventWorker_1]   Processing file 48/87: CAM_DE_01_20241010200626_predseg_labels_rectified
[2025-12-31 10:22:42] [EventWorker_1] No pond edge elevations found for CAM_DE_01_20241010200626_predseg_labels_rectified. Skipping all histograms.
[2025-12-31 10:22:49] [EventWorker_0] No pond edge elevations found for CAM_DE_01_20241012200626_predseg_labels_rectified. Skipping all histograms.
[2025-12-31 10:23:00] [EventWorker_0]   Processing file 30/56: CAM_DE_01_20241012185426_predseg_labels_rectified
[2025-12-31 10:23:05] [EventWorker_1] No pond edge elevations found for CAM_DE_01_20241010195426_predseg_labels_rectified. Skipping all histograms.
[2025-12-31 10:23:15] [EventWorker_2] No pond edge elevations found for CAM_DE_01_20241017134825_predseg_labels_rectified. Skipping all histograms.
[2025-12-31 10:23:41] [EventWorker_2]   Processing file 21/71: CAM_DE_01_20241017100435_predseg_labels_rectified
[2025-12-31 10:23:54] [EventWorker_2] No pond edge elevations found for CAM_DE_01_20241017135426_predseg_labels_rectified. Skipping all histograms.
[2025-12-31 10:23:55] [EventWorker_1] No pond edge elevations found for CAM_DE_01_20241010185425_predseg_labels_rectified. Skipping all histograms.
[2025-12-31 10:24:01] [EventWorker_0]   Processing file 35/56: CAM_DE_01_20241012213027_predseg_labels_rectified
[2025-12-31 10:24:15] [EventWorker_3]   Processing file 48/82: CAM_DE_01_20241011170026_predseg_labels_rectified
[2025-12-31 10:24:19] [EventWorker_1]   Processing file 56/87: CAM_DE_01_20241010194226_predseg_labels_rectified
[2025-12-31 10:24:20] [EventWorker_1] No pond edge elevations found for CAM_DE_01_20241010194226_predseg_labels_rectified. Skipping all histograms.
[2025-12-31 10:24:54] [EventWorker_0] No pond edge elevations found for CAM_DE_01_20241012203626_predseg_labels_rectified. Skipping all histograms.
[2025-12-31 10:25:06] [EventWorker_0]   Processing file 40/56: CAM_DE_01_20241012213626_predseg_labels_rectified
[2025-12-31 10:25:08] [EventWorker_2]   Processing file 28/71: CAM_DE_01_20241017110406_predseg_labels_rectified
[2025-12-31 10:25:25] [EventWorker_1] No pond edge elevations found for CAM_DE_01_20241010190626_predseg_labels_rectified. Skipping all histograms.
[2025-12-31 10:25:45] [EventWorker_0] No pond edge elevations found for CAM_DE_01_20241012204826_predseg_labels_rectified. Skipping all histograms.
[2025-12-31 10:25:46] [EventWorker_2] No pond edge elevations found for CAM_DE_01_20241017134225_predseg_labels_rectified. Skipping all histograms.
[2025-12-31 10:25:47] [EventWorker_1] No pond edge elevations found for CAM_DE_01_20241010201226_predseg_labels_rectified. Skipping all histograms.
[2025-12-31 10:25:54] [EventWorker_3]   Processing file 56/82: CAM_DE_01_20241011231009_predseg_labels_rectified
[2025-12-31 10:25:57] [EventWorker_1]   Processing file 64/87: CAM_DE_01_20241010213025_predseg_labels_rectified
[2025-12-31 10:26:06] [EventWorker_0]   Processing file 45/56: CAM_DE_01_20241012203025_predseg_labels_rectified
[2025-12-31 10:26:06] [EventWorker_0] No pond edge elevations found for CAM_DE_01_20241012203025_predseg_labels_rectified. Skipping all histograms.
[2025-12-31 10:26:18] [EventWorker_0] No pond edge elevations found for CAM_DE_01_20241012201226_predseg_labels_rectified. Skipping all histograms.
[2025-12-31 10:26:21] [EventWorker_1] No pond edge elevations found for CAM_DE_01_20241010193026_predseg_labels_rectified. Skipping all histograms.
[2025-12-31 10:26:32] [EventWorker_2]   Processing file 35/71: CAM_DE_01_20241017152426_predseg_labels_rectified
[2025-12-31 10:26:56] [EventWorker_0] No pond edge elevations found for CAM_DE_01_20241012211825_predseg_labels_rectified. Skipping all histograms.
[2025-12-31 10:27:08] [EventWorker_0]   Processing file 50/56: CAM_DE_01_20241012220025_predseg_labels_rectified
[2025-12-31 10:27:13] [EventWorker_1] No pond edge elevations found for CAM_DE_01_20241010194825_predseg_labels_rectified. Skipping all histograms.
[2025-12-31 10:27:35] [EventWorker_3]   Processing file 64/82: CAM_DE_01_20241011180625_predseg_labels_rectified
[2025-12-31 10:27:37] [EventWorker_1]   Processing file 72/87: CAM_DE_01_20241010214225_predseg_labels_rectified
[2025-12-31 10:28:00] [EventWorker_2]   Processing file 42/71: CAM_DE_01_20241017160026_predseg_labels_rectified
[2025-12-31 10:28:14] [EventWorker_0]   Processing file 55/56: CAM_DE_01_20241012225806_predseg_labels_rectified
[2025-12-31 10:28:18] [EventWorker_2] No pond edge elevations found for CAM_DE_01_20241017133026_predseg_labels_rectified. Skipping all histograms.
[2025-12-31 10:28:26] [EventWorker_0]   Processing file 56/56: CAM_DE_01_20241012193026_predseg_labels_rectified
[2025-12-31 10:28:39] [EventWorker_0]   Successfully processed 56/56 files.
[2025-12-31 10:28:39] [EventWorker_0] === Depth Map Generation Complete ===
[2025-12-31 10:28:39] [EventWorker_0] +++ Successfully processed event DE_01_20241012175450_20241013020725 +++
[2025-12-31 10:28:39] [EventWorker_0] --- Processing event: DE_01_20241018101028_20241018195509 ---
[2025-12-31 10:28:39] [EventWorker_0] [DE_01_20241018101028_20241018195509] Calculating depths from: labels_rects
[2025-12-31 10:28:39] [EventWorker_0] 
=== Starting Depth Map Generation ===
[2025-12-31 10:28:39] [EventWorker_0]   Source Zarr directory: /rsstu/users/k/kanarde/NASA-Sunnyverse/rmccune/poseidon/data/down_east/flood_events/DE_01_20241018101028_20241018195509/zarr/labels_rects
[2025-12-31 10:28:39] [EventWorker_0]   Output Zarr directory: /rsstu/users/k/kanarde/NASA-Sunnyverse/rmccune/poseidon/data/down_east/flood_events/DE_01_20241018101028_20241018195509/zarr/depth_maps
[2025-12-31 10:28:39] [EventWorker_0]   Found 99 rectified label arrays to process.
[2025-12-31 10:28:39] [EventWorker_0]   Processing file 1/99: CAM_DE_01_20241018180025_predseg_labels_rectified
[2025-12-31 10:29:07] [EventWorker_0] No pond edge elevations found for CAM_DE_01_20241018193026_predseg_labels_rectified. Skipping all histograms.
[2025-12-31 10:29:20] [EventWorker_3]   Processing file 72/82: CAM_DE_01_20241011195426_predseg_labels_rectified
[2025-12-31 10:29:20] [EventWorker_3] No pond edge elevations found for CAM_DE_01_20241011195426_predseg_labels_rectified. Skipping all histograms.
[2025-12-31 10:29:20] [EventWorker_1]   Processing file 80/87: CAM_DE_01_20241010171825_predseg_labels_rectified
[2025-12-31 10:29:34] [EventWorker_1] No pond edge elevations found for CAM_DE_01_20241010181826_predseg_labels_rectified. Skipping all histograms.
[2025-12-31 10:29:34] [EventWorker_2]   Processing file 49/71: CAM_DE_01_20241017162425_predseg_labels_rectified
[2025-12-31 10:29:57] [EventWorker_0] No pond edge elevations found for CAM_DE_01_20241018113025_predseg_labels_rectified. Skipping all histograms.
[2025-12-31 10:29:58] [EventWorker_3] No pond edge elevations found for CAM_DE_01_20241011174226_predseg_labels_rectified. Skipping all histograms.
[2025-12-31 10:30:14] [EventWorker_2] No pond edge elevations found for CAM_DE_01_20241017133626_predseg_labels_rectified. Skipping all histograms.
[2025-12-31 10:30:20] [EventWorker_0]   Processing file 9/99: CAM_DE_01_20241018190026_predseg_labels_rectified
[2025-12-31 10:30:20] [EventWorker_0] No pond edge elevations found for CAM_DE_01_20241018190026_predseg_labels_rectified. Skipping all histograms.
[2025-12-31 10:30:26] [EventWorker_2] No pond edge elevations found for CAM_DE_01_20241017140026_predseg_labels_rectified. Skipping all histograms.
[2025-12-31 10:30:50] [EventWorker_1]   Processing file 87/87: CAM_DE_01_20241010184826_predseg_labels_rectified
[2025-12-31 10:31:02] [EventWorker_3]   Processing file 80/82: CAM_DE_01_20241011173026_predseg_labels_rectified
[2025-12-31 10:31:04] [EventWorker_1]   Successfully processed 87/87 files.
[2025-12-31 10:31:04] [EventWorker_1] === Depth Map Generation Complete ===
[2025-12-31 10:31:04] [EventWorker_1] +++ Successfully processed event DE_01_20241010145732_20241011015131 +++
[2025-12-31 10:31:04] [EventWorker_1] --- Processing event: DE_01_20241019112645_20241019205645 ---
[2025-12-31 10:31:04] [EventWorker_1] [DE_01_20241019112645_20241019205645] Calculating depths from: labels_rects
[2025-12-31 10:31:04] [EventWorker_1] 
=== Starting Depth Map Generation ===
[2025-12-31 10:31:04] [EventWorker_1]   Source Zarr directory: /rsstu/users/k/kanarde/NASA-Sunnyverse/rmccune/poseidon/data/down_east/flood_events/DE_01_20241019112645_20241019205645/zarr/labels_rects
[2025-12-31 10:31:04] [EventWorker_1]   Output Zarr directory: /rsstu/users/k/kanarde/NASA-Sunnyverse/rmccune/poseidon/data/down_east/flood_events/DE_01_20241019112645_20241019205645/zarr/depth_maps
[2025-12-31 10:31:04] [EventWorker_1]   Found 95 rectified label arrays to process.
[2025-12-31 10:31:04] [EventWorker_1]   Processing file 1/95: CAM_DE_01_20241019114825_predseg_labels_rectified
[2025-12-31 10:31:06] [EventWorker_2]   Processing file 56/71: CAM_DE_01_20241017120626_predseg_labels_rectified
[2025-12-31 10:31:30] [EventWorker_3]   Processing file 82/82: CAM_DE_01_20241011193026_predseg_labels_rectified
[2025-12-31 10:31:41] [EventWorker_0] No pond edge elevations found for CAM_DE_01_20241018184825_predseg_labels_rectified. Skipping all histograms.
[2025-12-31 10:31:42] [EventWorker_3]   Successfully processed 82/82 files.
[2025-12-31 10:31:42] [EventWorker_3] === Depth Map Generation Complete ===
[2025-12-31 10:31:42] [EventWorker_3] +++ Successfully processed event DE_01_20241011153407_20241012022806 +++
[2025-12-31 10:31:42] [EventWorker_3] --- Processing event: DE_01_20241020115645_20241020215645 ---
[2025-12-31 10:31:42] [EventWorker_3] [DE_01_20241020115645_20241020215645] Calculating depths from: labels_rects
[2025-12-31 10:31:42] [EventWorker_3] 
=== Starting Depth Map Generation ===
[2025-12-31 10:31:42] [EventWorker_3]   Source Zarr directory: /rsstu/users/k/kanarde/NASA-Sunnyverse/rmccune/poseidon/data/down_east/flood_events/DE_01_20241020115645_20241020215645/zarr/labels_rects
[2025-12-31 10:31:42] [EventWorker_3]   Output Zarr directory: /rsstu/users/k/kanarde/NASA-Sunnyverse/rmccune/poseidon/data/down_east/flood_events/DE_01_20241020115645_20241020215645/zarr/depth_maps
[2025-12-31 10:31:42] [EventWorker_3]   Found 100 rectified label arrays to process.
[2025-12-31 10:31:42] [EventWorker_3]   Processing file 1/100: CAM_DE_01_20241020194826_predseg_labels_rectified
[2025-12-31 10:31:53] [EventWorker_0] No pond edge elevations found for CAM_DE_01_20241018191226_predseg_labels_rectified. Skipping all histograms.
[2025-12-31 10:32:19] [EventWorker_0]   Processing file 18/99: CAM_DE_01_20241018104615_predseg_labels_rectified
[2025-12-31 10:32:22] [EventWorker_3] No pond edge elevations found for CAM_DE_01_20241020121826_predseg_labels_rectified. Skipping all histograms.
[2025-12-31 10:32:23] [EventWorker_1] No pond edge elevations found for CAM_DE_01_20241019183626_predseg_labels_rectified. Skipping all histograms.
[2025-12-31 10:32:39] [EventWorker_2]   Processing file 63/71: CAM_DE_01_20241017151225_predseg_labels_rectified
[2025-12-31 10:32:49] [EventWorker_1]   Processing file 9/95: CAM_DE_01_20241019205425_predseg_labels_rectified
[2025-12-31 10:33:01] [EventWorker_1] No pond edge elevations found for CAM_DE_01_20241019203625_predseg_labels_rectified. Skipping all histograms.
[2025-12-31 10:33:40] [EventWorker_3]   Processing file 10/100: CAM_DE_01_20241020173026_predseg_labels_rectified
[2025-12-31 10:33:46] [EventWorker_2] No pond edge elevations found for CAM_DE_01_20241017141225_predseg_labels_rectified. Skipping all histograms.
[2025-12-31 10:33:56] [EventWorker_2] No pond edge elevations found for CAM_DE_01_20241017132426_predseg_labels_rectified. Skipping all histograms.
[2025-12-31 10:34:09] [EventWorker_2]   Processing file 70/71: CAM_DE_01_20241017161225_predseg_labels_rectified
[2025-12-31 10:34:15] [EventWorker_0]   Processing file 27/99: CAM_DE_01_20241018124826_predseg_labels_rectified
[2025-12-31 10:34:23] [EventWorker_2]   Processing file 71/71: CAM_DE_01_20241017150026_predseg_labels_rectified
[2025-12-31 10:34:37] [EventWorker_2]   Successfully processed 71/71 files.
[2025-12-31 10:34:37] [EventWorker_2] === Depth Map Generation Complete ===
[2025-12-31 10:34:37] [EventWorker_2] +++ Successfully processed event DE_01_20241017095237_20241017170437 +++
[2025-12-31 10:34:37] [EventWorker_2] --- Processing event: DE_01_20241021133319_20241021215719 ---
[2025-12-31 10:34:37] [EventWorker_2] [DE_01_20241021133319_20241021215719] Calculating depths from: labels_rects
[2025-12-31 10:34:37] [EventWorker_2] 
=== Starting Depth Map Generation ===
[2025-12-31 10:34:37] [EventWorker_2]   Source Zarr directory: /rsstu/users/k/kanarde/NASA-Sunnyverse/rmccune/poseidon/data/down_east/flood_events/DE_01_20241021133319_20241021215719/zarr/labels_rects
[2025-12-31 10:34:37] [EventWorker_2]   Output Zarr directory: /rsstu/users/k/kanarde/NASA-Sunnyverse/rmccune/poseidon/data/down_east/flood_events/DE_01_20241021133319_20241021215719/zarr/depth_maps
[2025-12-31 10:34:37] [EventWorker_2]   Found 84 rectified label arrays to process.
[2025-12-31 10:34:37] [EventWorker_2]   Processing file 1/84: CAM_DE_01_20241021175426_predseg_labels_rectified
[2025-12-31 10:34:43] [EventWorker_0] No pond edge elevations found for CAM_DE_01_20241018184226_predseg_labels_rectified. Skipping all histograms.
[2025-12-31 10:34:44] [EventWorker_1]   Processing file 18/95: CAM_DE_01_20241019132425_predseg_labels_rectified
[2025-12-31 10:35:16] [EventWorker_2] No pond edge elevations found for CAM_DE_01_20241021190026_predseg_labels_rectified. Skipping all histograms.
[2025-12-31 10:35:20] [EventWorker_0] No pond edge elevations found for CAM_DE_01_20241018190625_predseg_labels_rectified. Skipping all histograms.
[2025-12-31 10:35:35] [EventWorker_1] No pond edge elevations found for CAM_DE_01_20241019131225_predseg_labels_rectified. Skipping all histograms.
[2025-12-31 10:35:38] [EventWorker_2] No pond edge elevations found for CAM_DE_01_20241021192425_predseg_labels_rectified. Skipping all histograms.
[2025-12-31 10:35:46] [EventWorker_3]   Processing file 20/100: CAM_DE_01_20241020174826_predseg_labels_rectified
[2025-12-31 10:36:06] [EventWorker_2]   Processing file 8/84: CAM_DE_01_20241021180626_predseg_labels_rectified
[2025-12-31 10:36:11] [EventWorker_0]   Processing file 36/99: CAM_DE_01_20241018181226_predseg_labels_rectified
[2025-12-31 10:36:12] [EventWorker_0] No pond edge elevations found for CAM_DE_01_20241018181226_predseg_labels_rectified. Skipping all histograms.
[2025-12-31 10:36:36] [EventWorker_0] No pond edge elevations found for CAM_DE_01_20241018194826_predseg_labels_rectified. Skipping all histograms.
[2025-12-31 10:36:37] [EventWorker_1]   Processing file 27/95: CAM_DE_01_20241019121226_predseg_labels_rectified
[2025-12-31 10:37:00] [EventWorker_0] No pond edge elevations found for CAM_DE_01_20241018101050_predseg_labels_rectified. Skipping all histograms.
[2025-12-31 10:37:06] [EventWorker_2] No pond edge elevations found for CAM_DE_01_20241021195426_predseg_labels_rectified. Skipping all histograms.
[2025-12-31 10:37:11] [EventWorker_0] No pond edge elevations found for CAM_DE_01_20241018192426_predseg_labels_rectified. Skipping all histograms.
[2025-12-31 10:37:12] [EventWorker_1] No pond edge elevations found for CAM_DE_01_20241019201826_predseg_labels_rectified. Skipping all histograms.
[2025-12-31 10:37:39] [EventWorker_2]   Processing file 16/84: CAM_DE_01_20241021164225_predseg_labels_rectified
[2025-12-31 10:37:46] [EventWorker_0] No pond edge elevations found for CAM_DE_01_20241018195426_predseg_labels_rectified. Skipping all histograms.
[2025-12-31 10:37:50] [EventWorker_3]   Processing file 30/100: CAM_DE_01_20241020143625_predseg_labels_rectified
[2025-12-31 10:37:53] [EventWorker_2] No pond edge elevations found for CAM_DE_01_20241021201825_predseg_labels_rectified. Skipping all histograms.
[2025-12-31 10:37:57] [EventWorker_0]   Processing file 45/99: CAM_DE_01_20241018113626_predseg_labels_rectified
[2025-12-31 10:38:16] [EventWorker_2] No pond edge elevations found for CAM_DE_01_20241021190625_predseg_labels_rectified. Skipping all histograms.
[2025-12-31 10:38:24] [EventWorker_1]   Processing file 36/95: CAM_DE_01_20241019161226_predseg_labels_rectified
[2025-12-31 10:38:38] [EventWorker_1] No pond edge elevations found for CAM_DE_01_20241019184226_predseg_labels_rectified. Skipping all histograms.
[2025-12-31 10:39:23] [EventWorker_2]   Processing file 24/84: CAM_DE_01_20241021193626_predseg_labels_rectified
[2025-12-31 10:39:23] [EventWorker_2] No pond edge elevations found for CAM_DE_01_20241021193626_predseg_labels_rectified. Skipping all histograms.
[2025-12-31 10:39:31] [EventWorker_1] No pond edge elevations found for CAM_DE_01_20241019201225_predseg_labels_rectified. Skipping all histograms.
[2025-12-31 10:39:33] [EventWorker_2] No pond edge elevations found for CAM_DE_01_20241021183626_predseg_labels_rectified. Skipping all histograms.
[2025-12-31 10:39:54] [EventWorker_0]   Processing file 54/99: CAM_DE_01_20241018164226_predseg_labels_rectified
[2025-12-31 10:40:00] [EventWorker_3]   Processing file 40/100: CAM_DE_01_20241020160626_predseg_labels_rectified
[2025-12-31 10:40:20] [EventWorker_0] No pond edge elevations found for CAM_DE_01_20241018183026_predseg_labels_rectified. Skipping all histograms.
[2025-12-31 10:40:22] [EventWorker_1]   Processing file 45/95: CAM_DE_01_20241019141226_predseg_labels_rectified
[2025-12-31 10:40:47] [EventWorker_1] No pond edge elevations found for CAM_DE_01_20241019194825_predseg_labels_rectified. Skipping all histograms.
[2025-12-31 10:40:56] [EventWorker_0] No pond edge elevations found for CAM_DE_01_20241018193626_predseg_labels_rectified. Skipping all histograms.
[2025-12-31 10:40:59] [EventWorker_1] No pond edge elevations found for CAM_DE_01_20241019185426_predseg_labels_rectified. Skipping all histograms.
[2025-12-31 10:41:04] [EventWorker_2]   Processing file 32/84: CAM_DE_01_20241021181826_predseg_labels_rectified
[2025-12-31 10:41:46] [EventWorker_0]   Processing file 63/99: CAM_DE_01_20241018191825_predseg_labels_rectified
[2025-12-31 10:41:47] [EventWorker_0] No pond edge elevations found for CAM_DE_01_20241018191825_predseg_labels_rectified. Skipping all histograms.
[2025-12-31 10:42:07] [EventWorker_3]   Processing file 50/100: CAM_DE_01_20241020185426_predseg_labels_rectified
[2025-12-31 10:42:15] [EventWorker_1]   Processing file 54/95: CAM_DE_01_20241019122426_predseg_labels_rectified
[2025-12-31 10:42:43] [EventWorker_1] No pond edge elevations found for CAM_DE_01_20241019193626_predseg_labels_rectified. Skipping all histograms.
[2025-12-31 10:42:48] [EventWorker_2]   Processing file 40/84: CAM_DE_01_20241021151226_predseg_labels_rectified
[2025-12-31 10:43:44] [EventWorker_0]   Processing file 72/99: CAM_DE_01_20241018133626_predseg_labels_rectified
[2025-12-31 10:43:58] [EventWorker_2] No pond edge elevations found for CAM_DE_01_20241021194226_predseg_labels_rectified. Skipping all histograms.
[2025-12-31 10:44:16] [EventWorker_1]   Processing file 63/95: CAM_DE_01_20241019150625_predseg_labels_rectified
[2025-12-31 10:44:27] [EventWorker_3]   Processing file 60/100: CAM_DE_01_20241020143026_predseg_labels_rectified
[2025-12-31 10:44:37] [EventWorker_2]   Processing file 48/84: CAM_DE_01_20241021191225_predseg_labels_rectified
[2025-12-31 10:44:37] [EventWorker_2] No pond edge elevations found for CAM_DE_01_20241021191225_predseg_labels_rectified. Skipping all histograms.
[2025-12-31 10:44:49] [EventWorker_2] No pond edge elevations found for CAM_DE_01_20241021185426_predseg_labels_rectified. Skipping all histograms.
[2025-12-31 10:45:30] [EventWorker_0] No pond edge elevations found for CAM_DE_01_20241018183626_predseg_labels_rectified. Skipping all histograms.
[2025-12-31 10:45:33] [EventWorker_1] No pond edge elevations found for CAM_DE_01_20241019184825_predseg_labels_rectified. Skipping all histograms.
[2025-12-31 10:45:42] [EventWorker_0]   Processing file 81/99: CAM_DE_01_20241018120625_predseg_labels_rectified
[2025-12-31 10:46:06] [EventWorker_2] No pond edge elevations found for CAM_DE_01_20241021184826_predseg_labels_rectified. Skipping all histograms.
[2025-12-31 10:46:11] [EventWorker_1]   Processing file 72/95: CAM_DE_01_20241019171226_predseg_labels_rectified
[2025-12-31 10:46:17] [EventWorker_2]   Processing file 56/84: CAM_DE_01_20241021173625_predseg_labels_rectified
[2025-12-31 10:46:36] [EventWorker_3]   Processing file 70/100: CAM_DE_01_20241020171825_predseg_labels_rectified
[2025-12-31 10:47:11] [EventWorker_0] No pond edge elevations found for CAM_DE_01_20241018194226_predseg_labels_rectified. Skipping all histograms.
[2025-12-31 10:47:40] [EventWorker_0]   Processing file 90/99: CAM_DE_01_20241018104025_predseg_labels_rectified
[2025-12-31 10:48:04] [EventWorker_2]   Processing file 64/84: CAM_DE_01_20241021203026_predseg_labels_rectified
[2025-12-31 10:48:10] [EventWorker_1]   Processing file 81/95: CAM_DE_01_20241019200626_predseg_labels_rectified
[2025-12-31 10:48:10] [EventWorker_1] No pond edge elevations found for CAM_DE_01_20241019200626_predseg_labels_rectified. Skipping all histograms.
[2025-12-31 10:48:17] [EventWorker_2] No pond edge elevations found for CAM_DE_01_20241021201226_predseg_labels_rectified. Skipping all histograms.
[2025-12-31 10:48:49] [EventWorker_1] No pond edge elevations found for CAM_DE_01_20241019192425_predseg_labels_rectified. Skipping all histograms.
[2025-12-31 10:48:50] [EventWorker_3]   Processing file 80/100: CAM_DE_01_20241020180626_predseg_labels_rectified
[2025-12-31 10:49:29] [EventWorker_1] No pond edge elevations found for CAM_DE_01_20241019191825_predseg_labels_rectified. Skipping all histograms.
[2025-12-31 10:49:38] [EventWorker_0]   Processing file 99/99: CAM_DE_01_20241018171226_predseg_labels_rectified
[2025-12-31 10:49:41] [EventWorker_1] No pond edge elevations found for CAM_DE_01_20241019183026_predseg_labels_rectified. Skipping all histograms.
[2025-12-31 10:49:48] [EventWorker_2]   Processing file 72/84: CAM_DE_01_20241021140026_predseg_labels_rectified
[2025-12-31 10:49:50] [EventWorker_0]   Successfully processed 99/99 files.
[2025-12-31 10:49:50] [EventWorker_0] === Depth Map Generation Complete ===
[2025-12-31 10:49:50] [EventWorker_0] +++ Successfully processed event DE_01_20241018101028_20241018195509 +++
[2025-12-31 10:49:50] [EventWorker_0] --- Processing event: DE_01_20241028091002_20241028154002 ---
[2025-12-31 10:49:50] [EventWorker_0] [DE_01_20241028091002_20241028154002] Calculating depths from: labels_rects
[2025-12-31 10:49:50] [EventWorker_0] 
=== Starting Depth Map Generation ===
[2025-12-31 10:49:50] [EventWorker_0]   Source Zarr directory: /rsstu/users/k/kanarde/NASA-Sunnyverse/rmccune/poseidon/data/down_east/flood_events/DE_01_20241028091002_20241028154002/zarr/labels_rects
[2025-12-31 10:49:50] [EventWorker_0]   Output Zarr directory: /rsstu/users/k/kanarde/NASA-Sunnyverse/rmccune/poseidon/data/down_east/flood_events/DE_01_20241028091002_20241028154002/zarr/depth_maps
[2025-12-31 10:49:50] [EventWorker_0]   Found 55 rectified label arrays to process.
[2025-12-31 10:49:50] [EventWorker_0]   Processing file 1/55: CAM_DE_01_20241028144225_predseg_labels_rectified
[2025-12-31 10:50:05] [EventWorker_1]   Processing file 90/95: CAM_DE_01_20241019193025_predseg_labels_rectified
[2025-12-31 10:50:06] [EventWorker_1] No pond edge elevations found for CAM_DE_01_20241019193025_predseg_labels_rectified. Skipping all histograms.
[2025-12-31 10:50:28] [EventWorker_2] No pond edge elevations found for CAM_DE_01_20241021184226_predseg_labels_rectified. Skipping all histograms.
[2025-12-31 10:50:46] [EventWorker_0]   Processing file 5/55: CAM_DE_01_20241028142426_predseg_labels_rectified
[2025-12-31 10:50:47] [EventWorker_1] No pond edge elevations found for CAM_DE_01_20241019194225_predseg_labels_rectified. Skipping all histograms.
[2025-12-31 10:51:02] [EventWorker_3]   Processing file 90/100: CAM_DE_01_20241020123026_predseg_labels_rectified
[2025-12-31 10:51:11] [EventWorker_1]   Processing file 95/95: CAM_DE_01_20241019191226_predseg_labels_rectified
[2025-12-31 10:51:12] [EventWorker_1] No pond edge elevations found for CAM_DE_01_20241019191226_predseg_labels_rectified. Skipping all histograms.
[2025-12-31 10:51:23] [EventWorker_1]   Successfully processed 95/95 files.
[2025-12-31 10:51:23] [EventWorker_1] === Depth Map Generation Complete ===
[2025-12-31 10:51:23] [EventWorker_1] +++ Successfully processed event DE_01_20241019112645_20241019205645 +++
[2025-12-31 10:51:23] [EventWorker_1] --- Processing event: DE_01_20241104121024_20241104205224 ---
[2025-12-31 10:51:23] [EventWorker_1] [DE_01_20241104121024_20241104205224] Calculating depths from: labels_rects
[2025-12-31 10:51:23] [EventWorker_1] 
=== Starting Depth Map Generation ===
[2025-12-31 10:51:23] [EventWorker_1]   Source Zarr directory: /rsstu/users/k/kanarde/NASA-Sunnyverse/rmccune/poseidon/data/down_east/flood_events/DE_01_20241104121024_20241104205224/zarr/labels_rects
[2025-12-31 10:51:23] [EventWorker_1]   Output Zarr directory: /rsstu/users/k/kanarde/NASA-Sunnyverse/rmccune/poseidon/data/down_east/flood_events/DE_01_20241104121024_20241104205224/zarr/depth_maps
[2025-12-31 10:51:23] [EventWorker_1]   Found 87 rectified label arrays to process.
[2025-12-31 10:51:23] [EventWorker_1]   Processing file 1/87: CAM_DE_01_20241104161826_predseg_labels_rectified
[2025-12-31 10:51:35] [EventWorker_2]   Processing file 80/84: CAM_DE_01_20241021143026_predseg_labels_rectified
[2025-12-31 10:51:53] [EventWorker_0]   Processing file 10/55: CAM_DE_01_20241028102300_predseg_labels_rectified
[2025-12-31 10:52:30] [EventWorker_2]   Processing file 84/84: CAM_DE_01_20241021171226_predseg_labels_rectified
[2025-12-31 10:52:44] [EventWorker_2]   Successfully processed 84/84 files.
[2025-12-31 10:52:44] [EventWorker_2] === Depth Map Generation Complete ===
[2025-12-31 10:52:44] [EventWorker_2] +++ Successfully processed event DE_01_20241021133319_20241021215719 +++
[2025-12-31 10:52:44] [EventWorker_2] --- Processing event: DE_01_20241113075242_20241113162242 ---
[2025-12-31 10:52:44] [EventWorker_2] [DE_01_20241113075242_20241113162242] Calculating depths from: labels_rects
[2025-12-31 10:52:44] [EventWorker_2] 
=== Starting Depth Map Generation ===
[2025-12-31 10:52:44] [EventWorker_2]   Source Zarr directory: /rsstu/users/k/kanarde/NASA-Sunnyverse/rmccune/poseidon/data/down_east/flood_events/DE_01_20241113075242_20241113162242/zarr/labels_rects
[2025-12-31 10:52:44] [EventWorker_2]   Output Zarr directory: /rsstu/users/k/kanarde/NASA-Sunnyverse/rmccune/poseidon/data/down_east/flood_events/DE_01_20241113075242_20241113162242/zarr/depth_maps
[2025-12-31 10:52:44] [EventWorker_2]   Found 54 rectified label arrays to process.
[2025-12-31 10:52:44] [EventWorker_2]   Processing file 1/54: CAM_DE_01_20241113125426_predseg_labels_rectified
[2025-12-31 10:52:47] [EventWorker_1] No pond edge elevations found for CAM_DE_01_20241104185426_predseg_labels_rectified. Skipping all histograms.
[2025-12-31 10:52:58] [EventWorker_1]   Processing file 8/87: CAM_DE_01_20241104140026_predseg_labels_rectified
[2025-12-31 10:52:58] [EventWorker_0]   Processing file 15/55: CAM_DE_01_20241028133025_predseg_labels_rectified
[2025-12-31 10:53:14] [EventWorker_3]   Processing file 100/100: CAM_DE_01_20241020121225_predseg_labels_rectified
[2025-12-31 10:53:28] [EventWorker_3]   Successfully processed 100/100 files.
[2025-12-31 10:53:28] [EventWorker_3] === Depth Map Generation Complete ===
[2025-12-31 10:53:28] [EventWorker_3] +++ Successfully processed event DE_01_20241020115645_20241020215645 +++
[2025-12-31 10:53:28] [EventWorker_3] --- Processing event: DE_01_20241114074751_20241114182951 ---
[2025-12-31 10:53:28] [EventWorker_3] [DE_01_20241114074751_20241114182951] Calculating depths from: labels_rects
[2025-12-31 10:53:28] [EventWorker_3] 
=== Starting Depth Map Generation ===
[2025-12-31 10:53:28] [EventWorker_3]   Source Zarr directory: /rsstu/users/k/kanarde/NASA-Sunnyverse/rmccune/poseidon/data/down_east/flood_events/DE_01_20241114074751_20241114182951/zarr/labels_rects
[2025-12-31 10:53:28] [EventWorker_3]   Output Zarr directory: /rsstu/users/k/kanarde/NASA-Sunnyverse/rmccune/poseidon/data/down_east/flood_events/DE_01_20241114074751_20241114182951/zarr/depth_maps
[2025-12-31 10:53:28] [EventWorker_3]   Found 75 rectified label arrays to process.
[2025-12-31 10:53:28] [EventWorker_3]   Processing file 1/75: CAM_DE_01_20241114170026_predseg_labels_rectified
[2025-12-31 10:53:34] [EventWorker_2]   Processing file 5/54: CAM_DE_01_20241113151226_predseg_labels_rectified
[2025-12-31 10:53:50] [EventWorker_1] No pond edge elevations found for CAM_DE_01_20241104200626_predseg_labels_rectified. Skipping all histograms.
[2025-12-31 10:54:03] [EventWorker_0]   Processing file 20/55: CAM_DE_01_20241028122426_predseg_labels_rectified
[2025-12-31 10:54:16] [EventWorker_1] No pond edge elevations found for CAM_DE_01_20241104194226_predseg_labels_rectified. Skipping all histograms.
[2025-12-31 10:54:38] [EventWorker_2]   Processing file 10/54: CAM_DE_01_20241113154226_predseg_labels_rectified
[2025-12-31 10:54:42] [EventWorker_1]   Processing file 16/87: CAM_DE_01_20241104193626_predseg_labels_rectified
[2025-12-31 10:54:42] [EventWorker_1] No pond edge elevations found for CAM_DE_01_20241104193626_predseg_labels_rectified. Skipping all histograms.
[2025-12-31 10:54:45] [EventWorker_3]   Processing file 7/75: CAM_DE_01_20241114124225_predseg_labels_rectified
[2025-12-31 10:55:08] [EventWorker_0]   Processing file 25/55: CAM_DE_01_20241028112205_predseg_labels_rectified
[2025-12-31 10:55:41] [EventWorker_2]   Processing file 15/54: CAM_DE_01_20241113110440_predseg_labels_rectified
[2025-12-31 10:56:12] [EventWorker_0]   Processing file 30/55: CAM_DE_01_20241028140626_predseg_labels_rectified
[2025-12-31 10:56:15] [EventWorker_3]   Processing file 14/75: CAM_DE_01_20241114141826_predseg_labels_rectified
[2025-12-31 10:56:23] [EventWorker_1]   Processing file 24/87: CAM_DE_01_20241104133026_predseg_labels_rectified
[2025-12-31 10:56:47] [EventWorker_2]   Processing file 20/54: CAM_DE_01_20241113115425_predseg_labels_rectified
[2025-12-31 10:57:04] [EventWorker_1] No pond edge elevations found for CAM_DE_01_20241104200026_predseg_labels_rectified. Skipping all histograms.
[2025-12-31 10:57:17] [EventWorker_0]   Processing file 35/55: CAM_DE_01_20241028123026_predseg_labels_rectified
[2025-12-31 10:57:46] [EventWorker_3]   Processing file 21/75: CAM_DE_01_20241114144226_predseg_labels_rectified
[2025-12-31 10:57:50] [EventWorker_2]   Processing file 25/54: CAM_DE_01_20241113111015_predseg_labels_rectified
[2025-12-31 10:58:05] [EventWorker_1]   Processing file 32/87: CAM_DE_01_20241104141225_predseg_labels_rectified
[2025-12-31 10:58:19] [EventWorker_0]   Processing file 40/55: CAM_DE_01_20241028115425_predseg_labels_rectified
[2025-12-31 10:58:53] [EventWorker_2]   Processing file 30/54: CAM_DE_01_20241113143026_predseg_labels_rectified
[2025-12-31 10:59:16] [EventWorker_3]   Processing file 28/75: CAM_DE_01_20241114111011_predseg_labels_rectified
[2025-12-31 10:59:25] [EventWorker_0]   Processing file 45/55: CAM_DE_01_20241028150025_predseg_labels_rectified
[2025-12-31 10:59:36] [EventWorker_1] No pond edge elevations found for CAM_DE_01_20241104195425_predseg_labels_rectified. Skipping all histograms.
[2025-12-31 10:59:47] [EventWorker_1]   Processing file 40/87: CAM_DE_01_20241104154826_predseg_labels_rectified
[2025-12-31 10:59:57] [EventWorker_2]   Processing file 35/54: CAM_DE_01_20241113151826_predseg_labels_rectified
[2025-12-31 11:00:00] [EventWorker_1] No pond edge elevations found for CAM_DE_01_20241104183025_predseg_labels_rectified. Skipping all histograms.
[2025-12-31 11:00:11] [EventWorker_1] No pond edge elevations found for CAM_DE_01_20241104191825_predseg_labels_rectified. Skipping all histograms.
[2025-12-31 11:00:25] [EventWorker_1] No pond edge elevations found for CAM_DE_01_20241104194826_predseg_labels_rectified. Skipping all histograms.
[2025-12-31 11:00:27] [EventWorker_0]   Processing file 50/55: CAM_DE_01_20241028152425_predseg_labels_rectified
[2025-12-31 11:00:43] [EventWorker_3]   Processing file 35/75: CAM_DE_01_20241114130025_predseg_labels_rectified
[2025-12-31 11:01:01] [EventWorker_2]   Processing file 40/54: CAM_DE_01_20241113160626_predseg_labels_rectified
[2025-12-31 11:01:17] [EventWorker_1] No pond edge elevations found for CAM_DE_01_20241104192426_predseg_labels_rectified. Skipping all histograms.
[2025-12-31 11:01:28] [EventWorker_1]   Processing file 48/87: CAM_DE_01_20241104161225_predseg_labels_rectified
[2025-12-31 11:01:31] [EventWorker_0]   Processing file 55/55: CAM_DE_01_20241028104639_predseg_labels_rectified
[2025-12-31 11:01:44] [EventWorker_0]   Successfully processed 55/55 files.
[2025-12-31 11:01:44] [EventWorker_0] === Depth Map Generation Complete ===
[2025-12-31 11:01:44] [EventWorker_0] +++ Successfully processed event DE_01_20241028091002_20241028154002 +++
[2025-12-31 11:01:44] [EventWorker_0] --- Processing event: DE_01_20241115080754_20241115211140 ---
[2025-12-31 11:01:44] [EventWorker_0] [DE_01_20241115080754_20241115211140] Calculating depths from: labels_rects
[2025-12-31 11:01:44] [EventWorker_0] 
=== Starting Depth Map Generation ===
[2025-12-31 11:01:44] [EventWorker_0]   Source Zarr directory: /rsstu/users/k/kanarde/NASA-Sunnyverse/rmccune/poseidon/data/down_east/flood_events/DE_01_20241115080754_20241115211140/zarr/labels_rects
[2025-12-31 11:01:44] [EventWorker_0]   Output Zarr directory: /rsstu/users/k/kanarde/NASA-Sunnyverse/rmccune/poseidon/data/down_east/flood_events/DE_01_20241115080754_20241115211140/zarr/depth_maps
[2025-12-31 11:01:44] [EventWorker_0]   Found 102 rectified label arrays to process.
[2025-12-31 11:01:44] [EventWorker_0]   Processing file 1/102: CAM_DE_01_20241115194825_predseg_labels_rectified
[2025-12-31 11:02:06] [EventWorker_2]   Processing file 45/54: CAM_DE_01_20241113114226_predseg_labels_rectified
[2025-12-31 11:02:17] [EventWorker_3]   Processing file 42/75: CAM_DE_01_20241114152425_predseg_labels_rectified
[2025-12-31 11:03:12] [EventWorker_2]   Processing file 50/54: CAM_DE_01_20241113122425_predseg_labels_rectified
[2025-12-31 11:03:14] [EventWorker_1]   Processing file 56/87: CAM_DE_01_20241104135425_predseg_labels_rectified
[2025-12-31 11:03:46] [EventWorker_0]   Processing file 10/102: CAM_DE_01_20241115180026_predseg_labels_rectified
[2025-12-31 11:03:50] [EventWorker_3]   Processing file 49/75: CAM_DE_01_20241114180025_predseg_labels_rectified
[2025-12-31 11:04:06] [EventWorker_2]   Processing file 54/54: CAM_DE_01_20241113140626_predseg_labels_rectified
[2025-12-31 11:04:20] [EventWorker_2]   Successfully processed 54/54 files.
[2025-12-31 11:04:20] [EventWorker_2] === Depth Map Generation Complete ===
[2025-12-31 11:04:20] [EventWorker_2] +++ Successfully processed event DE_01_20241113075242_20241113162242 +++
[2025-12-31 11:04:20] [EventWorker_2] --- Processing event: DE_01_20241116080050_20241116213050 ---
[2025-12-31 11:04:20] [EventWorker_2] [DE_01_20241116080050_20241116213050] Calculating depths from: labels_rects
[2025-12-31 11:04:20] [EventWorker_2] 
=== Starting Depth Map Generation ===
[2025-12-31 11:04:20] [EventWorker_2]   Source Zarr directory: /rsstu/users/k/kanarde/NASA-Sunnyverse/rmccune/poseidon/data/down_east/flood_events/DE_01_20241116080050_20241116213050/zarr/labels_rects
[2025-12-31 11:04:20] [EventWorker_2]   Output Zarr directory: /rsstu/users/k/kanarde/NASA-Sunnyverse/rmccune/poseidon/data/down_east/flood_events/DE_01_20241116080050_20241116213050/zarr/depth_maps
[2025-12-31 11:04:20] [EventWorker_2]   Found 106 rectified label arrays to process.
[2025-12-31 11:04:20] [EventWorker_2]   Processing file 1/106: CAM_DE_01_20241116153625_predseg_labels_rectified
[2025-12-31 11:04:37] [EventWorker_1] No pond edge elevations found for CAM_DE_01_20241104191226_predseg_labels_rectified. Skipping all histograms.
[2025-12-31 11:05:05] [EventWorker_1]   Processing file 64/87: CAM_DE_01_20241104125426_predseg_labels_rectified
[2025-12-31 11:05:31] [EventWorker_3]   Processing file 56/75: CAM_DE_01_20241114143625_predseg_labels_rectified
[2025-12-31 11:05:51] [EventWorker_1] No pond edge elevations found for CAM_DE_01_20241104184225_predseg_labels_rectified. Skipping all histograms.
[2025-12-31 11:06:11] [EventWorker_0]   Processing file 20/102: CAM_DE_01_20241115180626_predseg_labels_rectified
[2025-12-31 11:06:32] [EventWorker_2]   Processing file 10/106: CAM_DE_01_20241116130625_predseg_labels_rectified
[2025-12-31 11:06:45] [EventWorker_1] No pond edge elevations found for CAM_DE_01_20241104190025_predseg_labels_rectified. Skipping all histograms.
[2025-12-31 11:06:58] [EventWorker_1]   Processing file 72/87: CAM_DE_01_20241104190626_predseg_labels_rectified
[2025-12-31 11:06:58] [EventWorker_1] No pond edge elevations found for CAM_DE_01_20241104190626_predseg_labels_rectified. Skipping all histograms.
[2025-12-31 11:07:06] [EventWorker_3]   Processing file 63/75: CAM_DE_01_20241114155425_predseg_labels_rectified
[2025-12-31 11:07:10] [EventWorker_1] No pond edge elevations found for CAM_DE_01_20241104193025_predseg_labels_rectified. Skipping all histograms.
[2025-12-31 11:08:36] [EventWorker_0]   Processing file 30/102: CAM_DE_01_20241115181826_predseg_labels_rectified
[2025-12-31 11:08:49] [EventWorker_3]   Processing file 70/75: CAM_DE_01_20241114163026_predseg_labels_rectified
[2025-12-31 11:08:55] [EventWorker_1]   Processing file 80/87: CAM_DE_01_20241104182426_predseg_labels_rectified
[2025-12-31 11:08:55] [EventWorker_1] No pond edge elevations found for CAM_DE_01_20241104182426_predseg_labels_rectified. Skipping all histograms.
[2025-12-31 11:08:57] [EventWorker_2]   Processing file 20/106: CAM_DE_01_20241116211226_predseg_labels_rectified
[2025-12-31 11:10:04] [EventWorker_3]   Processing file 75/75: CAM_DE_01_20241114145426_predseg_labels_rectified
[2025-12-31 11:10:18] [EventWorker_3]   Successfully processed 75/75 files.
[2025-12-31 11:10:18] [EventWorker_3] === Depth Map Generation Complete ===
[2025-12-31 11:10:18] [EventWorker_3] +++ Successfully processed event DE_01_20241114074751_20241114182951 +++
[2025-12-31 11:10:18] [EventWorker_3] --- Processing event: DE_01_20241117094924_20241117211324 ---
[2025-12-31 11:10:18] [EventWorker_3] [DE_01_20241117094924_20241117211324] Calculating depths from: labels_rects
[2025-12-31 11:10:18] [EventWorker_3] 
=== Starting Depth Map Generation ===
[2025-12-31 11:10:18] [EventWorker_3]   Source Zarr directory: /rsstu/users/k/kanarde/NASA-Sunnyverse/rmccune/poseidon/data/down_east/flood_events/DE_01_20241117094924_20241117211324/zarr/labels_rects
[2025-12-31 11:10:18] [EventWorker_3]   Output Zarr directory: /rsstu/users/k/kanarde/NASA-Sunnyverse/rmccune/poseidon/data/down_east/flood_events/DE_01_20241117094924_20241117211324/zarr/depth_maps
[2025-12-31 11:10:18] [EventWorker_3]   Found 103 rectified label arrays to process.
[2025-12-31 11:10:18] [EventWorker_3]   Processing file 1/103: CAM_DE_01_20241117121225_predseg_labels_rectified
[2025-12-31 11:10:25] [EventWorker_1] No pond edge elevations found for CAM_DE_01_20241104183626_predseg_labels_rectified. Skipping all histograms.
[2025-12-31 11:10:39] [EventWorker_1]   Processing file 87/87: CAM_DE_01_20241104144826_predseg_labels_rectified
[2025-12-31 11:10:55] [EventWorker_1]   Successfully processed 87/87 files.
[2025-12-31 11:10:55] [EventWorker_1] === Depth Map Generation Complete ===
[2025-12-31 11:10:55] [EventWorker_1] +++ Successfully processed event DE_01_20241104121024_20241104205224 +++
[2025-12-31 11:10:55] [EventWorker_1] --- Processing event: DE_01_20241118122740_20241118205019 ---
[2025-12-31 11:10:55] [EventWorker_1] [DE_01_20241118122740_20241118205019] Calculating depths from: labels_rects
[2025-12-31 11:10:55] [EventWorker_1] 
=== Starting Depth Map Generation ===
[2025-12-31 11:10:55] [EventWorker_1]   Source Zarr directory: /rsstu/users/k/kanarde/NASA-Sunnyverse/rmccune/poseidon/data/down_east/flood_events/DE_01_20241118122740_20241118205019/zarr/labels_rects
[2025-12-31 11:10:55] [EventWorker_1]   Output Zarr directory: /rsstu/users/k/kanarde/NASA-Sunnyverse/rmccune/poseidon/data/down_east/flood_events/DE_01_20241118122740_20241118205019/zarr/depth_maps
[2025-12-31 11:10:55] [EventWorker_1]   Found 84 rectified label arrays to process.
[2025-12-31 11:10:55] [EventWorker_1]   Processing file 1/84: CAM_DE_01_20241118184826_predseg_labels_rectified
[2025-12-31 11:11:06] [EventWorker_0]   Processing file 40/102: CAM_DE_01_20241115121226_predseg_labels_rectified
[2025-12-31 11:11:28] [EventWorker_2]   Processing file 30/106: CAM_DE_01_20241116144826_predseg_labels_rectified
[2025-12-31 11:12:40] [EventWorker_3]   Processing file 10/103: CAM_DE_01_20241117210026_predseg_labels_rectified
[2025-12-31 11:12:40] [EventWorker_1]   Processing file 8/84: CAM_DE_01_20241118195425_predseg_labels_rectified
[2025-12-31 11:13:41] [EventWorker_0]   Processing file 50/102: CAM_DE_01_20241115184225_predseg_labels_rectified
[2025-12-31 11:14:03] [EventWorker_2]   Processing file 40/106: CAM_DE_01_20241116203626_predseg_labels_rectified
[2025-12-31 11:14:45] [EventWorker_1]   Processing file 16/84: CAM_DE_01_20241118191226_predseg_labels_rectified
[2025-12-31 11:15:22] [EventWorker_3]   Processing file 20/103: CAM_DE_01_20241117114825_predseg_labels_rectified
[2025-12-31 11:16:18] [EventWorker_0]   Processing file 60/102: CAM_DE_01_20241115172426_predseg_labels_rectified
[2025-12-31 11:16:43] [EventWorker_2]   Processing file 50/106: CAM_DE_01_20241116141826_predseg_labels_rectified
[2025-12-31 11:16:54] [EventWorker_1]   Processing file 24/84: CAM_DE_01_20241118131225_predseg_labels_rectified
[2025-12-31 11:18:04] [EventWorker_3]   Processing file 30/103: CAM_DE_01_20241117155426_predseg_labels_rectified
[2025-12-31 11:18:59] [EventWorker_0]   Processing file 70/102: CAM_DE_01_20241115170626_predseg_labels_rectified
[2025-12-31 11:19:05] [EventWorker_1]   Processing file 32/84: CAM_DE_01_20241118134226_predseg_labels_rectified
[2025-12-31 11:19:24] [EventWorker_2]   Processing file 60/106: CAM_DE_01_20241116205426_predseg_labels_rectified
[2025-12-31 11:20:42] [EventWorker_3]   Processing file 40/103: CAM_DE_01_20241117131226_predseg_labels_rectified
[2025-12-31 11:21:10] [EventWorker_1]   Processing file 40/84: CAM_DE_01_20241118162425_predseg_labels_rectified
[2025-12-31 11:21:37] [EventWorker_0]   Processing file 80/102: CAM_DE_01_20241115130025_predseg_labels_rectified
[2025-12-31 11:22:01] [EventWorker_2]   Processing file 70/106: CAM_DE_01_20241116155426_predseg_labels_rectified
[2025-12-31 11:23:14] [EventWorker_1]   Processing file 48/84: CAM_DE_01_20241118193026_predseg_labels_rectified
[2025-12-31 11:23:18] [EventWorker_3]   Processing file 50/103: CAM_DE_01_20241117190625_predseg_labels_rectified
[2025-12-31 11:24:10] [EventWorker_0]   Processing file 90/102: CAM_DE_01_20241115201826_predseg_labels_rectified
[2025-12-31 11:24:36] [EventWorker_2]   Processing file 80/106: CAM_DE_01_20241116125426_predseg_labels_rectified
[2025-12-31 11:25:13] [EventWorker_1]   Processing file 56/84: CAM_DE_01_20241118203626_predseg_labels_rectified
[2025-12-31 11:25:45] [EventWorker_3]   Processing file 60/103: CAM_DE_01_20241117135426_predseg_labels_rectified
[2025-12-31 11:26:43] [EventWorker_0]   Processing file 100/102: CAM_DE_01_20241115153026_predseg_labels_rectified
[2025-12-31 11:27:10] [EventWorker_2]   Processing file 90/106: CAM_DE_01_20241116190626_predseg_labels_rectified
[2025-12-31 11:27:14] [EventWorker_0]   Processing file 102/102: CAM_DE_01_20241115160626_predseg_labels_rectified
[2025-12-31 11:27:18] [EventWorker_1]   Processing file 64/84: CAM_DE_01_20241118204225_predseg_labels_rectified
[2025-12-31 11:27:29] [EventWorker_0]   Successfully processed 102/102 files.
[2025-12-31 11:27:29] [EventWorker_0] === Depth Map Generation Complete ===
[2025-12-31 11:27:29] [EventWorker_0] +++ Successfully processed event DE_01_20241115080754_20241115211140 +++
[2025-12-31 11:27:29] [EventWorker_0] --- Processing event: DE_01_20241119132014_20241119213814 ---
[2025-12-31 11:27:29] [EventWorker_0] [DE_01_20241119132014_20241119213814] Calculating depths from: labels_rects
[2025-12-31 11:27:29] [EventWorker_0] 
=== Starting Depth Map Generation ===
[2025-12-31 11:27:29] [EventWorker_0]   Source Zarr directory: /rsstu/users/k/kanarde/NASA-Sunnyverse/rmccune/poseidon/data/down_east/flood_events/DE_01_20241119132014_20241119213814/zarr/labels_rects
[2025-12-31 11:27:29] [EventWorker_0]   Output Zarr directory: /rsstu/users/k/kanarde/NASA-Sunnyverse/rmccune/poseidon/data/down_east/flood_events/DE_01_20241119132014_20241119213814/zarr/depth_maps
[2025-12-31 11:27:29] [EventWorker_0]   Found 83 rectified label arrays to process.
[2025-12-31 11:27:29] [EventWorker_0]   Processing file 1/83: CAM_DE_01_20241119201226_predseg_labels_rectified
[2025-12-31 11:28:21] [EventWorker_3]   Processing file 70/103: CAM_DE_01_20241117205426_predseg_labels_rectified
[2025-12-31 11:29:14] [EventWorker_0]   Processing file 8/83: CAM_DE_01_20241119161825_predseg_labels_rectified
[2025-12-31 11:29:18] [EventWorker_1]   Processing file 72/84: CAM_DE_01_20241118174225_predseg_labels_rectified
[2025-12-31 11:29:41] [EventWorker_2]   Processing file 100/106: CAM_DE_01_20241116150626_predseg_labels_rectified
[2025-12-31 11:30:56] [EventWorker_3]   Processing file 80/103: CAM_DE_01_20241117161825_predseg_labels_rectified
[2025-12-31 11:31:12] [EventWorker_2]   Processing file 106/106: CAM_DE_01_20241116163025_predseg_labels_rectified
[2025-12-31 11:31:17] [EventWorker_0]   Processing file 16/83: CAM_DE_01_20241119193025_predseg_labels_rectified
[2025-12-31 11:31:21] [EventWorker_1]   Processing file 80/84: CAM_DE_01_20241118142426_predseg_labels_rectified
[2025-12-31 11:31:30] [EventWorker_2]   Successfully processed 106/106 files.
[2025-12-31 11:31:30] [EventWorker_2] === Depth Map Generation Complete ===
[2025-12-31 11:31:30] [EventWorker_2] +++ Successfully processed event DE_01_20241116080050_20241116213050 +++
[2025-12-31 11:31:30] [EventWorker_2] --- Processing event: DE_01_20241120142639_20241120222039 ---
[2025-12-31 11:31:30] [EventWorker_2] [DE_01_20241120142639_20241120222039] Calculating depths from: labels_rects
[2025-12-31 11:31:30] [EventWorker_2] 
=== Starting Depth Map Generation ===
[2025-12-31 11:31:30] [EventWorker_2]   Source Zarr directory: /rsstu/users/k/kanarde/NASA-Sunnyverse/rmccune/poseidon/data/down_east/flood_events/DE_01_20241120142639_20241120222039/zarr/labels_rects
[2025-12-31 11:31:30] [EventWorker_2]   Output Zarr directory: /rsstu/users/k/kanarde/NASA-Sunnyverse/rmccune/poseidon/data/down_east/flood_events/DE_01_20241120142639_20241120222039/zarr/depth_maps
[2025-12-31 11:31:30] [EventWorker_2]   Found 77 rectified label arrays to process.
[2025-12-31 11:31:30] [EventWorker_2]   Processing file 1/77: CAM_DE_01_20241120220026_predseg_labels_rectified
[2025-12-31 11:32:25] [EventWorker_1]   Processing file 84/84: CAM_DE_01_20241118131826_predseg_labels_rectified
[2025-12-31 11:32:41] [EventWorker_1]   Successfully processed 84/84 files.
[2025-12-31 11:32:41] [EventWorker_1] === Depth Map Generation Complete ===
[2025-12-31 11:32:41] [EventWorker_1] +++ Successfully processed event DE_01_20241118122740_20241118205019 +++
[2025-12-31 11:32:41] [EventWorker_1] --- Processing event: DE_01_20241121145113_20241122002113 ---
[2025-12-31 11:32:41] [EventWorker_1] [DE_01_20241121145113_20241122002113] Calculating depths from: labels_rects
[2025-12-31 11:32:41] [EventWorker_1] 
=== Starting Depth Map Generation ===
[2025-12-31 11:32:41] [EventWorker_1]   Source Zarr directory: /rsstu/users/k/kanarde/NASA-Sunnyverse/rmccune/poseidon/data/down_east/flood_events/DE_01_20241121145113_20241122002113/zarr/labels_rects
[2025-12-31 11:32:41] [EventWorker_1]   Output Zarr directory: /rsstu/users/k/kanarde/NASA-Sunnyverse/rmccune/poseidon/data/down_east/flood_events/DE_01_20241121145113_20241122002113/zarr/depth_maps
[2025-12-31 11:32:41] [EventWorker_1]   Found 91 rectified label arrays to process.
[2025-12-31 11:32:41] [EventWorker_1]   Processing file 1/91: CAM_DE_01_20241121190625_predseg_labels_rectified
[2025-12-31 11:32:59] [EventWorker_2]   Processing file 7/77: CAM_DE_01_20241120204226_predseg_labels_rectified
[2025-12-31 11:33:14] [EventWorker_2] No pond edge elevations found for CAM_DE_01_20241120201225_predseg_labels_rectified. Skipping all histograms.
[2025-12-31 11:33:14] [EventWorker_0]   Processing file 24/83: CAM_DE_01_20241119174226_predseg_labels_rectified
[2025-12-31 11:33:23] [EventWorker_3]   Processing file 90/103: CAM_DE_01_20241117204826_predseg_labels_rectified
[2025-12-31 11:34:32] [EventWorker_1]   Processing file 9/91: CAM_DE_01_20241122000515_predseg_labels_rectified
[2025-12-31 11:34:34] [EventWorker_2]   Processing file 14/77: CAM_DE_01_20241120183626_predseg_labels_rectified
[2025-12-31 11:35:06] [EventWorker_0]   Processing file 32/83: CAM_DE_01_20241119204225_predseg_labels_rectified
[2025-12-31 11:35:17] [EventWorker_2] No pond edge elevations found for CAM_DE_01_20241120202426_predseg_labels_rectified. Skipping all histograms.
[2025-12-31 11:35:44] [EventWorker_1] No pond edge elevations found for CAM_DE_01_20241121215426_predseg_labels_rectified. Skipping all histograms.
[2025-12-31 11:35:47] [EventWorker_3]   Processing file 100/103: CAM_DE_01_20241117193025_predseg_labels_rectified
[2025-12-31 11:36:10] [EventWorker_2]   Processing file 21/77: CAM_DE_01_20241120183026_predseg_labels_rectified
[2025-12-31 11:36:25] [EventWorker_3]   Processing file 103/103: CAM_DE_01_20241117184225_predseg_labels_rectified
[2025-12-31 11:36:35] [EventWorker_1]   Processing file 18/91: CAM_DE_01_20241121191226_predseg_labels_rectified
[2025-12-31 11:36:39] [EventWorker_3]   Successfully processed 103/103 files.
[2025-12-31 11:36:39] [EventWorker_3] === Depth Map Generation Complete ===
[2025-12-31 11:36:39] [EventWorker_3] +++ Successfully processed event DE_01_20241117094924_20241117211324 +++
[2025-12-31 11:36:39] [EventWorker_3] --- Processing event: DE_01_20241122163947_20241122225747 ---
[2025-12-31 11:36:39] [EventWorker_3] [DE_01_20241122163947_20241122225747] Calculating depths from: labels_rects
[2025-12-31 11:36:39] [EventWorker_3] 
=== Starting Depth Map Generation ===
[2025-12-31 11:36:39] [EventWorker_3]   Source Zarr directory: /rsstu/users/k/kanarde/NASA-Sunnyverse/rmccune/poseidon/data/down_east/flood_events/DE_01_20241122163947_20241122225747/zarr/labels_rects
[2025-12-31 11:36:39] [EventWorker_3]   Output Zarr directory: /rsstu/users/k/kanarde/NASA-Sunnyverse/rmccune/poseidon/data/down_east/flood_events/DE_01_20241122163947_20241122225747/zarr/depth_maps
[2025-12-31 11:36:39] [EventWorker_3]   Found 62 rectified label arrays to process.
[2025-12-31 11:36:39] [EventWorker_3]   Processing file 1/62: CAM_DE_01_20241122225250_predseg_labels_rectified
[2025-12-31 11:36:54] [EventWorker_0]   Processing file 40/83: CAM_DE_01_20241119170026_predseg_labels_rectified
[2025-12-31 11:36:55] [EventWorker_3] No pond edge elevations found for CAM_DE_01_20241122194226_predseg_labels_rectified. Skipping all histograms.
[2025-12-31 11:37:02] [EventWorker_1] No pond edge elevations found for CAM_DE_01_20241121220026_predseg_labels_rectified. Skipping all histograms.
[2025-12-31 11:37:43] [EventWorker_2]   Processing file 28/77: CAM_DE_01_20241120214225_predseg_labels_rectified
[2025-12-31 11:37:45] [EventWorker_3]   Processing file 6/62: CAM_DE_01_20241122193026_predseg_labels_rectified
[2025-12-31 11:37:57] [EventWorker_2] No pond edge elevations found for CAM_DE_01_20241120201826_predseg_labels_rectified. Skipping all histograms.
[2025-12-31 11:38:34] [EventWorker_1]   Processing file 27/91: CAM_DE_01_20241121213626_predseg_labels_rectified
[2025-12-31 11:38:34] [EventWorker_1] No pond edge elevations found for CAM_DE_01_20241121213626_predseg_labels_rectified. Skipping all histograms.
[2025-12-31 11:38:37] [EventWorker_3] No pond edge elevations found for CAM_DE_01_20241122184825_predseg_labels_rectified. Skipping all histograms.
[2025-12-31 11:38:37] [EventWorker_0]   Processing file 48/83: CAM_DE_01_20241119140626_predseg_labels_rectified
[2025-12-31 11:39:03] [EventWorker_3]   Processing file 12/62: CAM_DE_01_20241122182426_predseg_labels_rectified
[2025-12-31 11:39:03] [EventWorker_3] No pond edge elevations found for CAM_DE_01_20241122182426_predseg_labels_rectified. Skipping all histograms.
[2025-12-31 11:39:14] [EventWorker_2]   Processing file 35/77: CAM_DE_01_20241120170026_predseg_labels_rectified
[2025-12-31 11:40:23] [EventWorker_2] No pond edge elevations found for CAM_DE_01_20241120200625_predseg_labels_rectified. Skipping all histograms.
[2025-12-31 11:40:25] [EventWorker_0]   Processing file 56/83: CAM_DE_01_20241119161226_predseg_labels_rectified
[2025-12-31 11:40:25] [EventWorker_3]   Processing file 18/62: CAM_DE_01_20241122195426_predseg_labels_rectified
[2025-12-31 11:40:26] [EventWorker_3] No pond edge elevations found for CAM_DE_01_20241122195426_predseg_labels_rectified. Skipping all histograms.
[2025-12-31 11:40:33] [EventWorker_1]   Processing file 36/91: CAM_DE_01_20241121173026_predseg_labels_rectified
[2025-12-31 11:40:49] [EventWorker_2]   Processing file 42/77: CAM_DE_01_20241120145426_predseg_labels_rectified
[2025-12-31 11:41:01] [EventWorker_1] No pond edge elevations found for CAM_DE_01_20241121205426_predseg_labels_rectified. Skipping all histograms.
[2025-12-31 11:41:06] [EventWorker_3] No pond edge elevations found for CAM_DE_01_20241122164226_predseg_labels_rectified. Skipping all histograms.
[2025-12-31 11:41:47] [EventWorker_3]   Processing file 24/62: CAM_DE_01_20241122180626_predseg_labels_rectified
[2025-12-31 11:42:19] [EventWorker_0]   Processing file 64/83: CAM_DE_01_20241119132426_predseg_labels_rectified
[2025-12-31 11:42:28] [EventWorker_2]   Processing file 49/77: CAM_DE_01_20241120192426_predseg_labels_rectified
[2025-12-31 11:42:44] [EventWorker_1]   Processing file 45/91: CAM_DE_01_20241121190026_predseg_labels_rectified
[2025-12-31 11:42:45] [EventWorker_2] No pond edge elevations found for CAM_DE_01_20241120195425_predseg_labels_rectified. Skipping all histograms.
[2025-12-31 11:43:21] [EventWorker_3]   Processing file 30/62: CAM_DE_01_20241122224640_predseg_labels_rectified
[2025-12-31 11:43:52] [EventWorker_3] No pond edge elevations found for CAM_DE_01_20241122192426_predseg_labels_rectified. Skipping all histograms.
[2025-12-31 11:44:17] [EventWorker_2]   Processing file 56/77: CAM_DE_01_20241120171225_predseg_labels_rectified
[2025-12-31 11:44:21] [EventWorker_3] No pond edge elevations found for CAM_DE_01_20241122190626_predseg_labels_rectified. Skipping all histograms.
[2025-12-31 11:44:22] [EventWorker_0]   Processing file 72/83: CAM_DE_01_20241119154825_predseg_labels_rectified
[2025-12-31 11:44:48] [EventWorker_3]   Processing file 36/62: CAM_DE_01_20241122171826_predseg_labels_rectified
[2025-12-31 11:44:59] [EventWorker_1]   Processing file 54/91: CAM_DE_01_20241121211826_predseg_labels_rectified
[2025-12-31 11:46:03] [EventWorker_2]   Processing file 63/77: CAM_DE_01_20241120203626_predseg_labels_rectified
[2025-12-31 11:46:24] [EventWorker_0]   Processing file 80/83: CAM_DE_01_20241119213626_predseg_labels_rectified
[2025-12-31 11:46:25] [EventWorker_3]   Processing file 42/62: CAM_DE_01_20241122191225_predseg_labels_rectified
[2025-12-31 11:46:25] [EventWorker_3] No pond edge elevations found for CAM_DE_01_20241122191225_predseg_labels_rectified. Skipping all histograms.
[2025-12-31 11:47:01] [EventWorker_0]   Processing file 83/83: CAM_DE_01_20241119203026_predseg_labels_rectified
[2025-12-31 11:47:11] [EventWorker_1]   Processing file 63/91: CAM_DE_01_20241121150626_predseg_labels_rectified
[2025-12-31 11:47:15] [EventWorker_0]   Successfully processed 83/83 files.
[2025-12-31 11:47:15] [EventWorker_0] === Depth Map Generation Complete ===
[2025-12-31 11:47:15] [EventWorker_0] +++ Successfully processed event DE_01_20241119132014_20241119213814 +++
[2025-12-31 11:47:31] [EventWorker_2]   Processing file 70/77: CAM_DE_01_20241120182426_predseg_labels_rectified
[2025-12-31 11:47:35] [EventWorker_3]   Processing file 48/62: CAM_DE_01_20241122180026_predseg_labels_rectified
[2025-12-31 11:47:58] [EventWorker_3] No pond edge elevations found for CAM_DE_01_20241122174826_predseg_labels_rectified. Skipping all histograms.
[2025-12-31 11:48:07] [EventWorker_3] No pond edge elevations found for CAM_DE_01_20241122183626_predseg_labels_rectified. Skipping all histograms.
[2025-12-31 11:48:21] [EventWorker_2] No pond edge elevations found for CAM_DE_01_20241120193625_predseg_labels_rectified. Skipping all histograms.
[2025-12-31 11:48:35] [EventWorker_3]   Processing file 54/62: CAM_DE_01_20241122200626_predseg_labels_rectified
[2025-12-31 11:48:35] [EventWorker_3] No pond edge elevations found for CAM_DE_01_20241122200626_predseg_labels_rectified. Skipping all histograms.
[2025-12-31 11:48:39] [EventWorker_2]   Processing file 77/77: CAM_DE_01_20241120173025_predseg_labels_rectified
[2025-12-31 11:48:40] [EventWorker_1]   Processing file 72/91: CAM_DE_01_20241121225304_predseg_labels_rectified
[2025-12-31 11:48:45] [EventWorker_3] No pond edge elevations found for CAM_DE_01_20241122200025_predseg_labels_rectified. Skipping all histograms.
[2025-12-31 11:48:50] [EventWorker_2]   Successfully processed 77/77 files.
[2025-12-31 11:48:50] [EventWorker_2] === Depth Map Generation Complete ===
[2025-12-31 11:48:50] [EventWorker_2] +++ Successfully processed event DE_01_20241120142639_20241120222039 +++
[2025-12-31 11:49:22] [EventWorker_3]   Processing file 60/62: CAM_DE_01_20241122170026_predseg_labels_rectified
[2025-12-31 11:49:36] [EventWorker_3]   Processing file 62/62: CAM_DE_01_20241122193625_predseg_labels_rectified
[2025-12-31 11:49:43] [EventWorker_3]   Successfully processed 62/62 files.
[2025-12-31 11:49:43] [EventWorker_3] === Depth Map Generation Complete ===
[2025-12-31 11:49:43] [EventWorker_3] +++ Successfully processed event DE_01_20241122163947_20241122225747 +++
[2025-12-31 11:49:45] [EventWorker_1]   Processing file 81/91: CAM_DE_01_20241121160626_predseg_labels_rectified
[2025-12-31 11:50:06] [EventWorker_1] No pond edge elevations found for CAM_DE_01_20241121213026_predseg_labels_rectified. Skipping all histograms.
[2025-12-31 11:50:23] [EventWorker_1]   Processing file 90/91: CAM_DE_01_20241121222208_predseg_labels_rectified
[2025-12-31 11:50:28] [EventWorker_1]   Processing file 91/91: CAM_DE_01_20241121183025_predseg_labels_rectified
[2025-12-31 11:50:32] [EventWorker_1]   Successfully processed 91/91 files.
[2025-12-31 11:50:32] [EventWorker_1] === Depth Map Generation Complete ===
[2025-12-31 11:50:32] [EventWorker_1] +++ Successfully processed event DE_01_20241121145113_20241122002113 +++
[2025-12-31 11:50:32] [MainThread  ] 
--- Depth Calculation Pipeline Complete ---
[2025-12-31 11:50:32] [MainThread  ] Total events processed: 56
[2025-12-31 11:50:32] [MainThread  ] Total events skipped:   0
[2025-12-31 11:50:32] [MainThread  ] Total events (errors):  0
Deactivating conda environment...
Job finished.

------------------------------------------------------------
Sender: LSF System <lsfadmin@gpu26>
Subject: Job 874692: <depths> in cluster <Hazel> Done

Job <depths> was submitted from host <login02.hpc.ncsu.edu> by user <rmccune> in cluster <Hazel> at Wed Dec 31 07:18:49 2025
Job was executed on host(s) <12*gpu26>, in queue <gpu>, as user <rmccune> in cluster <Hazel> at Wed Dec 31 07:18:52 2025
</home/rmccune> was used as the home directory.
</rsstu/users/k/kanarde/NASA-Sunnyverse/rmccune/poseidon/poseidon_deploy/hpc_submission_scripts> was used as the working directory.
Started at Wed Dec 31 07:18:52 2025
Terminated at Wed Dec 31 11:50:36 2025
Results reported at Wed Dec 31 11:50:36 2025

Your job looked like:

------------------------------------------------------------
# LSBATCH: User input
#! /bin/bash

#BSUB -J depths
#BSUB -W 360
#BSUB -n 12
#BSUB -R "rusage[mem=4G]"
#BSUB -R "select[a100 || l40 || l40s || h100]"
#BSUB -gpu "num=1:mode=shared"
#BSUB -q gpu
#BSUB -o depth_calculation.%J.out
#BSUB -e depth_calculation.%J.err

source ~/.bashrc

module load cuda/11.2
export MPI4PY_RC_INITIALIZE=False

# Resolve the directory where the job was submitted from (LSF variable or fallback)
SUBMIT_DIR="${LS_SUBCWD:-$PWD}"

# Point one directory up from that
ENV_FILE="$SUBMIT_DIR/../hpc_paths.env"

# Load the env file if it exists
if [ -f "$ENV_FILE" ]; then
    source "$ENV_FILE"
    echo "Loaded environment variables from $ENV_FILE"
else
    echo "Warning: No hpc_paths.env file found at $ENV_FILE"
fi

echo "Activating conda environment..."
conda activate $POSEIDON_ENV

REPO_ROOT=$(cd $LS_SUBCWD/../.. && pwd)

RUNNER_SCRIPT="$REPO_ROOT/poseidon_deploy/naiads/run_calc_depths.py"

LIDAR_FILE="$REPO_ROOT/data/lidar/combined_point_cloud_down_east.laz"
GRID_DIR="$REPO_ROOT/data/grids"
EVENT_DIR="$REPO_ROOT/data/down_east/flood_events"

echo "Starting image rectifier Python script..."
python -u $RUNNER_SCRIPT \
    --lidar_file $LIDAR_FILE \
    --event_dir $EVENT_DIR \
    --min_x 847809.694 \
    --max_x 847973.874 \
    --min_y 127254.634 \
    --max_y 127450.141 \

(... more ...)
------------------------------------------------------------

Successfully completed.

Resource usage summary:

    CPU time :                                   24807.57 sec.
    Max Memory :                                 11 GB
    Average Memory :                             7.45 GB
    Total Requested Memory :                     4.00 GB
    Delta Memory :                               -7.00 GB
    Max Swap :                                   -
    Max Processes :                              5
    Max Threads :                                110
    Run time :                                   16318 sec.
    Turnaround time :                            16307 sec.

The output (if any) is above this job summary.



PS:

Read file <depth_calculation.874692.err> for stderr output of this job.

