Loading PrgEnv-intel/2024.1.0
  Loading requirement: /usr/local/apps/intel/oneapi-2024/modulefiles/tbb/2021.12
    /usr/local/apps/intel/oneapi-2024/modulefiles/compiler-rt/2024.1.0
    /usr/local/apps/intel/oneapi-2024/modulefiles/oclfpga/2024.1.0
    /usr/local/apps/intel/oneapi-2024/modulefiles/compiler/2024.1.0
    /usr/local/apps/intel/oneapi-2024/modulefiles/mkl/2024.1
    /usr/local/apps/intel/oneapi-2024/modulefiles/mpi/2021.12
Loading netcdf/4.9.2-intel2024
  Loading requirement: hdf5/1.14.4-2-intel2024
[2025-12-30 22:20:53] [MainThread  ] --- Starting Rectification Pipeline ---
[2025-12-30 22:20:53] [MainThread  ] Loaded intrinsics: 'suds_cam'
[2025-12-30 22:20:53] [MainThread  ] Loaded extrinsics: 'DE_01'
[2025-12-30 22:20:53] [MainThread  ] Loading LiDAR data from: /rsstu/users/k/kanarde/NASA-Sunnyverse/rmccune/poseidon/data/lidar/combined_point_cloud_down_east.laz
[2025-12-30 22:20:55] [MainThread  ] Creating point array from LiDAR data...
[2025-12-30 22:20:55] [MainThread  ] Generating grid at 0.05m resolution...
[2025-12-30 22:21:03] [MainThread  ] Initializing ImageRectifier... (GPU Enabled: True)
[2025-12-30 22:21:03] [MainThread  ] --- Initializing ImageRectifier ---
[2025-12-30 22:21:03] [MainThread  ]   Mode: GPU (CuPy)
[2025-12-30 22:21:04] [MainThread  ]   Input grid shape: (3911, 3284)
[2025-12-30 22:21:04] [MainThread  ]   Starting distortion map computation (Ud, Vd)...
[2025-12-30 22:21:06] [MainThread  ]   ...Distortion map computation complete.
[2025-12-30 22:21:06] [MainThread  ] --- ImageRectifier Initialization Complete ---
[2025-12-30 22:21:06] [MainThread  ] Iterating through event folders in: /rsstu/users/k/kanarde/NASA-Sunnyverse/rmccune/poseidon/data/down_east/flood_events using 4 workers
[2025-12-30 22:21:06] [MainThread  ] Found 56 potential event directories.
[2025-12-30 22:21:06] [ThreadPoolExecutor-0_0] --- Processing event: DE_01_20240808134219_20240808214722 ---
[2025-12-30 22:21:06] [ThreadPoolExecutor-0_2] --- Processing event: DE_01_20240808122019_20240808185919 ---
[2025-12-30 22:21:06] [ThreadPoolExecutor-0_0] [DE_01_20240808134219_20240808214722] Rectifying images from: orig_images
[2025-12-30 22:21:06] [ThreadPoolExecutor-0_0] 
=== Starting Batch Rectification ===
[2025-12-30 22:21:06] [ThreadPoolExecutor-0_0]   Source folder: /rsstu/users/k/kanarde/NASA-Sunnyverse/rmccune/poseidon/data/down_east/flood_events/DE_01_20240808134219_20240808214722/orig_images
[2025-12-30 22:21:06] [ThreadPoolExecutor-0_0]   Output Zarr store: /rsstu/users/k/kanarde/NASA-Sunnyverse/rmccune/poseidon/data/down_east/flood_events/DE_01_20240808134219_20240808214722/zarr/orig_image_rects
[2025-12-30 22:21:06] [ThreadPoolExecutor-0_1] --- Processing event: DE_01_20240603210426_20240604041626 ---
[2025-12-30 22:21:06] [ThreadPoolExecutor-0_3] --- Processing event: DE_01_20240727152730_20240727234946 ---
[2025-12-30 22:21:06] [ThreadPoolExecutor-0_2] [DE_01_20240808122019_20240808185919] Rectifying images from: orig_images
[2025-12-30 22:21:06] [ThreadPoolExecutor-0_2] 
=== Starting Batch Rectification ===
[2025-12-30 22:21:06] [ThreadPoolExecutor-0_2]   Source folder: /rsstu/users/k/kanarde/NASA-Sunnyverse/rmccune/poseidon/data/down_east/flood_events/DE_01_20240808122019_20240808185919/orig_images
[2025-12-30 22:21:06] [ThreadPoolExecutor-0_2]   Output Zarr store: /rsstu/users/k/kanarde/NASA-Sunnyverse/rmccune/poseidon/data/down_east/flood_events/DE_01_20240808122019_20240808185919/zarr/orig_image_rects
[2025-12-30 22:21:06] [ThreadPoolExecutor-0_1] [DE_01_20240603210426_20240604041626] Rectifying images from: orig_images
[2025-12-30 22:21:06] [ThreadPoolExecutor-0_1] 
=== Starting Batch Rectification ===
[2025-12-30 22:21:06] [ThreadPoolExecutor-0_1]   Source folder: /rsstu/users/k/kanarde/NASA-Sunnyverse/rmccune/poseidon/data/down_east/flood_events/DE_01_20240603210426_20240604041626/orig_images
[2025-12-30 22:21:06] [ThreadPoolExecutor-0_1]   Output Zarr store: /rsstu/users/k/kanarde/NASA-Sunnyverse/rmccune/poseidon/data/down_east/flood_events/DE_01_20240603210426_20240604041626/zarr/orig_image_rects
[2025-12-30 22:21:06] [ThreadPoolExecutor-0_3] [DE_01_20240727152730_20240727234946] Rectifying images from: orig_images
[2025-12-30 22:21:06] [ThreadPoolExecutor-0_3] 
=== Starting Batch Rectification ===
[2025-12-30 22:21:06] [ThreadPoolExecutor-0_3]   Source folder: /rsstu/users/k/kanarde/NASA-Sunnyverse/rmccune/poseidon/data/down_east/flood_events/DE_01_20240727152730_20240727234946/orig_images
[2025-12-30 22:21:06] [ThreadPoolExecutor-0_3]   Output Zarr store: /rsstu/users/k/kanarde/NASA-Sunnyverse/rmccune/poseidon/data/down_east/flood_events/DE_01_20240727152730_20240727234946/zarr/orig_image_rects
[2025-12-30 22:21:06] [ThreadPoolExecutor-0_0]   Found 81 images to process.
[2025-12-30 22:21:06] [ThreadPoolExecutor-0_0]   Processing image 1/81: CAM_DE_01_20240808214226.jpg
[2025-12-30 22:21:06] [ThreadPoolExecutor-0_2]   Found 65 images to process.
[2025-12-30 22:21:06] [ThreadPoolExecutor-0_2]   Processing image 1/65: CAM_DE_01_20240808160625.jpg
[2025-12-30 22:21:06] [ThreadPoolExecutor-0_1]   Found 28 images to process.
[2025-12-30 22:21:06] [ThreadPoolExecutor-0_1]   Processing image 1/28: CAM_DE_01_20240603212426.jpg
[2025-12-30 22:21:06] [ThreadPoolExecutor-0_3]   Found 84 images to process.
[2025-12-30 22:21:06] [ThreadPoolExecutor-0_3]   Processing image 1/84: CAM_DE_01_20240727225426.jpg
[2025-12-30 22:21:09] [ThreadPoolExecutor-0_1]   Processing image 2/28: CAM_DE_01_20240603231226.jpg
[2025-12-30 22:21:14] [ThreadPoolExecutor-0_1]   Processing image 4/28: CAM_DE_01_20240603221825.jpg
[2025-12-30 22:21:18] [ThreadPoolExecutor-0_1]   Processing image 6/28: CAM_DE_01_20240603234825.jpg
[2025-12-30 22:21:18] [ThreadPoolExecutor-0_2]   Processing image 6/65: CAM_DE_01_20240808140026.jpg
[2025-12-30 22:21:23] [ThreadPoolExecutor-0_3]   Processing image 8/84: CAM_DE_01_20240727175426.jpg
[2025-12-30 22:21:23] [ThreadPoolExecutor-0_0]   Processing image 8/81: CAM_DE_01_20240808170026.jpg
[2025-12-30 22:21:23] [ThreadPoolExecutor-0_1]   Processing image 8/28: CAM_DE_01_20240603234226.jpg
[2025-12-30 22:21:28] [ThreadPoolExecutor-0_1]   Processing image 10/28: CAM_DE_01_20240603230625.jpg
[2025-12-30 22:21:32] [ThreadPoolExecutor-0_1]   Processing image 12/28: CAM_DE_01_20240603210626.jpg
[2025-12-30 22:21:32] [ThreadPoolExecutor-0_2]   Processing image 12/65: CAM_DE_01_20240808171225.jpg
[2025-12-30 22:21:36] [ThreadPoolExecutor-0_1]   Processing image 14/28: CAM_DE_01_20240603223026.jpg
[2025-12-30 22:21:41] [ThreadPoolExecutor-0_3]   Processing image 16/84: CAM_DE_01_20240727204826.jpg
[2025-12-30 22:21:41] [ThreadPoolExecutor-0_0]   Processing image 16/81: CAM_DE_01_20240808195425.jpg
[2025-12-30 22:21:41] [ThreadPoolExecutor-0_1]   Processing image 16/28: CAM_DE_01_20240603233025.jpg
[2025-12-30 22:21:45] [ThreadPoolExecutor-0_1]   Processing image 18/28: CAM_DE_01_20240603211826.jpg
[2025-12-30 22:21:45] [ThreadPoolExecutor-0_2]   Processing image 18/65: CAM_DE_01_20240808183025.jpg
[2025-12-30 22:21:49] [ThreadPoolExecutor-0_1]   Processing image 20/28: CAM_DE_01_20240603220026.jpg
[2025-12-30 22:21:53] [ThreadPoolExecutor-0_1]   Processing image 22/28: CAM_DE_01_20240603230026.jpg
[2025-12-30 22:21:57] [ThreadPoolExecutor-0_0]   Processing image 24/81: CAM_DE_01_20240808135426.jpg
[2025-12-30 22:21:57] [ThreadPoolExecutor-0_3]   Processing image 24/84: CAM_DE_01_20240727183626.jpg
[2025-12-30 22:21:57] [ThreadPoolExecutor-0_2]   Processing image 24/65: CAM_DE_01_20240808123025.jpg
[2025-12-30 22:21:57] [ThreadPoolExecutor-0_1]   Processing image 24/28: CAM_DE_01_20240603222426.jpg
[2025-12-30 22:22:02] [ThreadPoolExecutor-0_1]   Processing image 26/28: CAM_DE_01_20240603220626.jpg
[2025-12-30 22:22:06] [ThreadPoolExecutor-0_1]   Processing image 28/28: CAM_DE_01_20240603223626.jpg
[2025-12-30 22:22:08] [ThreadPoolExecutor-0_1]   Successfully processed 28 images.
[2025-12-30 22:22:08] [ThreadPoolExecutor-0_1] === Batch Rectification Complete ===
[2025-12-30 22:22:08] [ThreadPoolExecutor-0_1] [DE_01_20240603210426_20240604041626] Rectifying labels from: labels
[2025-12-30 22:22:08] [ThreadPoolExecutor-0_1] 
=== Starting Batch Rectification ===
[2025-12-30 22:22:08] [ThreadPoolExecutor-0_1]   Source folder: /rsstu/users/k/kanarde/NASA-Sunnyverse/rmccune/poseidon/data/down_east/flood_events/DE_01_20240603210426_20240604041626/labels
[2025-12-30 22:22:08] [ThreadPoolExecutor-0_1]   Output Zarr store: /rsstu/users/k/kanarde/NASA-Sunnyverse/rmccune/poseidon/data/down_east/flood_events/DE_01_20240603210426_20240604041626/zarr/labels_rects
[2025-12-30 22:22:08] [ThreadPoolExecutor-0_1]   Found 28 images to process.
[2025-12-30 22:22:08] [ThreadPoolExecutor-0_1]   Processing image 1/28: CAM_DE_01_20240603225426_predseg_labels.png
[2025-12-30 22:22:10] [ThreadPoolExecutor-0_1]   Processing image 2/28: CAM_DE_01_20240603213625_predseg_labels.png
[2025-12-30 22:22:11] [ThreadPoolExecutor-0_2]   Processing image 30/65: CAM_DE_01_20240808181826.jpg
[2025-12-30 22:22:12] [ThreadPoolExecutor-0_1]   Processing image 4/28: CAM_DE_01_20240603214226_predseg_labels.png
[2025-12-30 22:22:14] [ThreadPoolExecutor-0_1]   Processing image 6/28: CAM_DE_01_20240603223626_predseg_labels.png
[2025-12-30 22:22:15] [ThreadPoolExecutor-0_0]   Processing image 32/81: CAM_DE_01_20240808185426.jpg
[2025-12-30 22:22:15] [ThreadPoolExecutor-0_3]   Processing image 32/84: CAM_DE_01_20240727172426.jpg
[2025-12-30 22:22:16] [ThreadPoolExecutor-0_1]   Processing image 8/28: CAM_DE_01_20240603221226_predseg_labels.png
[2025-12-30 22:22:19] [ThreadPoolExecutor-0_1]   Processing image 10/28: CAM_DE_01_20240603230026_predseg_labels.png
[2025-12-30 22:22:22] [ThreadPoolExecutor-0_1]   Processing image 12/28: CAM_DE_01_20240603223026_predseg_labels.png
[2025-12-30 22:22:24] [ThreadPoolExecutor-0_1]   Processing image 14/28: CAM_DE_01_20240603231826_predseg_labels.png
[2025-12-30 22:22:25] [ThreadPoolExecutor-0_2]   Processing image 36/65: CAM_DE_01_20240808160026.jpg
[2025-12-30 22:22:27] [ThreadPoolExecutor-0_1]   Processing image 16/28: CAM_DE_01_20240603221825_predseg_labels.png
[2025-12-30 22:22:30] [ThreadPoolExecutor-0_1]   Processing image 18/28: CAM_DE_01_20240603234226_predseg_labels.png
[2025-12-30 22:22:33] [ThreadPoolExecutor-0_1]   Processing image 20/28: CAM_DE_01_20240603233025_predseg_labels.png
[2025-12-30 22:22:36] [ThreadPoolExecutor-0_1]   Processing image 22/28: CAM_DE_01_20240603210626_predseg_labels.png
[2025-12-30 22:22:37] [ThreadPoolExecutor-0_3]   Processing image 40/84: CAM_DE_01_20240727173025.jpg
[2025-12-30 22:22:37] [ThreadPoolExecutor-0_0]   Processing image 40/81: CAM_DE_01_20240808182425.jpg
[2025-12-30 22:22:38] [ThreadPoolExecutor-0_1]   Processing image 24/28: CAM_DE_01_20240603213025_predseg_labels.png
[2025-12-30 22:22:40] [ThreadPoolExecutor-0_1]   Processing image 26/28: CAM_DE_01_20240603232425_predseg_labels.png
[2025-12-30 22:22:41] [ThreadPoolExecutor-0_2]   Processing image 42/65: CAM_DE_01_20240808123626.jpg
[2025-12-30 22:22:43] [ThreadPoolExecutor-0_1]   Processing image 28/28: CAM_DE_01_20240603215425_predseg_labels.png
[2025-12-30 22:22:44] [ThreadPoolExecutor-0_1]   Successfully processed 28 images.
[2025-12-30 22:22:44] [ThreadPoolExecutor-0_1] === Batch Rectification Complete ===
[2025-12-30 22:22:44] [ThreadPoolExecutor-0_1] +++ Successfully processed event DE_01_20240603210426_20240604041626 +++
[2025-12-30 22:22:44] [ThreadPoolExecutor-0_1] --- Processing event: DE_01_20240728171958_20240729002658 ---
[2025-12-30 22:22:44] [ThreadPoolExecutor-0_1] [DE_01_20240728171958_20240729002658] Rectifying images from: orig_images
[2025-12-30 22:22:44] [ThreadPoolExecutor-0_1] 
=== Starting Batch Rectification ===
[2025-12-30 22:22:44] [ThreadPoolExecutor-0_1]   Source folder: /rsstu/users/k/kanarde/NASA-Sunnyverse/rmccune/poseidon/data/down_east/flood_events/DE_01_20240728171958_20240729002658/orig_images
[2025-12-30 22:22:44] [ThreadPoolExecutor-0_1]   Output Zarr store: /rsstu/users/k/kanarde/NASA-Sunnyverse/rmccune/poseidon/data/down_east/flood_events/DE_01_20240728171958_20240729002658/zarr/orig_image_rects
[2025-12-30 22:22:44] [ThreadPoolExecutor-0_1]   Found 66 images to process.
[2025-12-30 22:22:44] [ThreadPoolExecutor-0_1]   Processing image 1/66: CAM_DE_01_20240728233025.jpg
[2025-12-30 22:22:55] [ThreadPoolExecutor-0_1]   Processing image 6/66: CAM_DE_01_20240728184226.jpg
[2025-12-30 22:22:55] [ThreadPoolExecutor-0_2]   Processing image 48/65: CAM_DE_01_20240808161826.jpg
[2025-12-30 22:22:55] [ThreadPoolExecutor-0_3]   Processing image 48/84: CAM_DE_01_20240727181226.jpg
[2025-12-30 22:22:55] [ThreadPoolExecutor-0_0]   Processing image 48/81: CAM_DE_01_20240808174225.jpg
[2025-12-30 22:23:09] [ThreadPoolExecutor-0_1]   Processing image 12/66: CAM_DE_01_20240728225426.jpg
[2025-12-30 22:23:09] [ThreadPoolExecutor-0_2]   Processing image 54/65: CAM_DE_01_20240808184226.jpg
[2025-12-30 22:23:13] [ThreadPoolExecutor-0_0]   Processing image 56/81: CAM_DE_01_20240808210026.jpg
[2025-12-30 22:23:13] [ThreadPoolExecutor-0_3]   Processing image 56/84: CAM_DE_01_20240727183026.jpg
[2025-12-30 22:23:23] [ThreadPoolExecutor-0_1]   Processing image 18/66: CAM_DE_01_20240728211826.jpg
[2025-12-30 22:23:23] [ThreadPoolExecutor-0_2]   Processing image 60/65: CAM_DE_01_20240808131825.jpg
[2025-12-30 22:23:32] [ThreadPoolExecutor-0_3]   Processing image 64/84: CAM_DE_01_20240727231826.jpg
[2025-12-30 22:23:32] [ThreadPoolExecutor-0_0]   Processing image 64/81: CAM_DE_01_20240808170626.jpg
[2025-12-30 22:23:34] [ThreadPoolExecutor-0_2]   Processing image 65/65: CAM_DE_01_20240808173626.jpg
[2025-12-30 22:23:37] [ThreadPoolExecutor-0_2]   Successfully processed 65 images.
[2025-12-30 22:23:37] [ThreadPoolExecutor-0_2] === Batch Rectification Complete ===
[2025-12-30 22:23:37] [ThreadPoolExecutor-0_2] [DE_01_20240808122019_20240808185919] Rectifying labels from: labels
[2025-12-30 22:23:37] [ThreadPoolExecutor-0_2] 
=== Starting Batch Rectification ===
[2025-12-30 22:23:37] [ThreadPoolExecutor-0_2]   Source folder: /rsstu/users/k/kanarde/NASA-Sunnyverse/rmccune/poseidon/data/down_east/flood_events/DE_01_20240808122019_20240808185919/labels
[2025-12-30 22:23:37] [ThreadPoolExecutor-0_2]   Output Zarr store: /rsstu/users/k/kanarde/NASA-Sunnyverse/rmccune/poseidon/data/down_east/flood_events/DE_01_20240808122019_20240808185919/zarr/labels_rects
[2025-12-30 22:23:37] [ThreadPoolExecutor-0_1]   Processing image 24/66: CAM_DE_01_20240728191826.jpg
[2025-12-30 22:23:37] [ThreadPoolExecutor-0_2]   Found 65 images to process.
[2025-12-30 22:23:37] [ThreadPoolExecutor-0_2]   Processing image 1/65: CAM_DE_01_20240808150626_predseg_labels.png
[2025-12-30 22:23:43] [ThreadPoolExecutor-0_2]   Processing image 6/65: CAM_DE_01_20240808183625_predseg_labels.png
[2025-12-30 22:23:49] [ThreadPoolExecutor-0_2]   Processing image 12/65: CAM_DE_01_20240808185426_predseg_labels.png
[2025-12-30 22:23:50] [ThreadPoolExecutor-0_3]   Processing image 72/84: CAM_DE_01_20240727230025.jpg
[2025-12-30 22:23:50] [ThreadPoolExecutor-0_1]   Processing image 30/66: CAM_DE_01_20240728192425.jpg
[2025-12-30 22:23:50] [ThreadPoolExecutor-0_0]   Processing image 72/81: CAM_DE_01_20240808184826.jpg
[2025-12-30 22:23:56] [ThreadPoolExecutor-0_2]   Processing image 18/65: CAM_DE_01_20240808160026_predseg_labels.png
[2025-12-30 22:24:04] [ThreadPoolExecutor-0_2]   Processing image 24/65: CAM_DE_01_20240808183025_predseg_labels.png
[2025-12-30 22:24:04] [ThreadPoolExecutor-0_1]   Processing image 36/66: CAM_DE_01_20240728204826.jpg
[2025-12-30 22:24:09] [ThreadPoolExecutor-0_0]   Processing image 80/81: CAM_DE_01_20240808180626.jpg
[2025-12-30 22:24:09] [ThreadPoolExecutor-0_3]   Processing image 80/84: CAM_DE_01_20240727153625.jpg
[2025-12-30 22:24:11] [ThreadPoolExecutor-0_2]   Processing image 30/65: CAM_DE_01_20240808132426_predseg_labels.png
[2025-12-30 22:24:11] [ThreadPoolExecutor-0_0]   Processing image 81/81: CAM_DE_01_20240808173626.jpg
[2025-12-30 22:24:13] [ThreadPoolExecutor-0_0]   Successfully processed 81 images.
[2025-12-30 22:24:13] [ThreadPoolExecutor-0_0] === Batch Rectification Complete ===
[2025-12-30 22:24:13] [ThreadPoolExecutor-0_0] [DE_01_20240808134219_20240808214722] Rectifying labels from: labels
[2025-12-30 22:24:13] [ThreadPoolExecutor-0_0] 
=== Starting Batch Rectification ===
[2025-12-30 22:24:13] [ThreadPoolExecutor-0_0]   Source folder: /rsstu/users/k/kanarde/NASA-Sunnyverse/rmccune/poseidon/data/down_east/flood_events/DE_01_20240808134219_20240808214722/labels
[2025-12-30 22:24:13] [ThreadPoolExecutor-0_0]   Output Zarr store: /rsstu/users/k/kanarde/NASA-Sunnyverse/rmccune/poseidon/data/down_east/flood_events/DE_01_20240808134219_20240808214722/zarr/labels_rects
[2025-12-30 22:24:13] [ThreadPoolExecutor-0_0]   Found 81 images to process.
[2025-12-30 22:24:13] [ThreadPoolExecutor-0_0]   Processing image 1/81: CAM_DE_01_20240808150626_predseg_labels.png
[2025-12-30 22:24:17] [ThreadPoolExecutor-0_2]   Processing image 36/65: CAM_DE_01_20240808170026_predseg_labels.png
[2025-12-30 22:24:18] [ThreadPoolExecutor-0_3]   Processing image 84/84: CAM_DE_01_20240727220026.jpg
[2025-12-30 22:24:18] [ThreadPoolExecutor-0_1]   Processing image 42/66: CAM_DE_01_20240728231225.jpg
[2025-12-30 22:24:19] [ThreadPoolExecutor-0_3]   Successfully processed 84 images.
[2025-12-30 22:24:19] [ThreadPoolExecutor-0_3] === Batch Rectification Complete ===
[2025-12-30 22:24:19] [ThreadPoolExecutor-0_3] [DE_01_20240727152730_20240727234946] Rectifying labels from: labels
[2025-12-30 22:24:19] [ThreadPoolExecutor-0_3] 
=== Starting Batch Rectification ===
[2025-12-30 22:24:19] [ThreadPoolExecutor-0_3]   Source folder: /rsstu/users/k/kanarde/NASA-Sunnyverse/rmccune/poseidon/data/down_east/flood_events/DE_01_20240727152730_20240727234946/labels
[2025-12-30 22:24:19] [ThreadPoolExecutor-0_3]   Output Zarr store: /rsstu/users/k/kanarde/NASA-Sunnyverse/rmccune/poseidon/data/down_east/flood_events/DE_01_20240727152730_20240727234946/zarr/labels_rects
[2025-12-30 22:24:19] [ThreadPoolExecutor-0_3]   Found 84 images to process.
[2025-12-30 22:24:19] [ThreadPoolExecutor-0_3]   Processing image 1/84: CAM_DE_01_20240727162425_predseg_labels.png
[2025-12-30 22:24:21] [ThreadPoolExecutor-0_0]   Processing image 8/81: CAM_DE_01_20240808183625_predseg_labels.png
[2025-12-30 22:24:23] [ThreadPoolExecutor-0_2]   Processing image 42/65: CAM_DE_01_20240808131825_predseg_labels.png
[2025-12-30 22:24:29] [ThreadPoolExecutor-0_3]   Processing image 8/84: CAM_DE_01_20240727181226_predseg_labels.png
[2025-12-30 22:24:29] [ThreadPoolExecutor-0_1]   Processing image 48/66: CAM_DE_01_20240728191226.jpg
[2025-12-30 22:24:33] [ThreadPoolExecutor-0_0]   Processing image 16/81: CAM_DE_01_20240808160625_predseg_labels.png
[2025-12-30 22:24:33] [ThreadPoolExecutor-0_2]   Processing image 48/65: CAM_DE_01_20240808174826_predseg_labels.png
[2025-12-30 22:24:40] [ThreadPoolExecutor-0_1]   Processing image 54/66: CAM_DE_01_20240728172425.jpg
[2025-12-30 22:24:42] [ThreadPoolExecutor-0_2]   Processing image 54/65: CAM_DE_01_20240808122425_predseg_labels.png
[2025-12-30 22:24:42] [ThreadPoolExecutor-0_3]   Processing image 16/84: CAM_DE_01_20240727155426_predseg_labels.png
[2025-12-30 22:24:44] [ThreadPoolExecutor-0_0]   Processing image 24/81: CAM_DE_01_20240808210026_predseg_labels.png
[2025-12-30 22:24:51] [ThreadPoolExecutor-0_2]   Processing image 60/65: CAM_DE_01_20240808182425_predseg_labels.png
[2025-12-30 22:24:54] [ThreadPoolExecutor-0_3]   Processing image 24/84: CAM_DE_01_20240727203625_predseg_labels.png
[2025-12-30 22:24:55] [ThreadPoolExecutor-0_1]   Processing image 60/66: CAM_DE_01_20240728173626.jpg
[2025-12-30 22:24:56] [ThreadPoolExecutor-0_0]   Processing image 32/81: CAM_DE_01_20240808143626_predseg_labels.png
[2025-12-30 22:24:58] [ThreadPoolExecutor-0_2]   Processing image 65/65: CAM_DE_01_20240808145426_predseg_labels.png
[2025-12-30 22:24:59] [ThreadPoolExecutor-0_2]   Successfully processed 65 images.
[2025-12-30 22:24:59] [ThreadPoolExecutor-0_2] === Batch Rectification Complete ===
[2025-12-30 22:24:59] [ThreadPoolExecutor-0_2] +++ Successfully processed event DE_01_20240808122019_20240808185919 +++
[2025-12-30 22:24:59] [ThreadPoolExecutor-0_2] --- Processing event: DE_01_20240604210426_20240605061026 ---
[2025-12-30 22:24:59] [ThreadPoolExecutor-0_2] [DE_01_20240604210426_20240605061026] Rectifying images from: orig_images
[2025-12-30 22:24:59] [ThreadPoolExecutor-0_2] 
=== Starting Batch Rectification ===
[2025-12-30 22:24:59] [ThreadPoolExecutor-0_2]   Source folder: /rsstu/users/k/kanarde/NASA-Sunnyverse/rmccune/poseidon/data/down_east/flood_events/DE_01_20240604210426_20240605061026/orig_images
[2025-12-30 22:24:59] [ThreadPoolExecutor-0_2]   Output Zarr store: /rsstu/users/k/kanarde/NASA-Sunnyverse/rmccune/poseidon/data/down_east/flood_events/DE_01_20240604210426_20240605061026/zarr/orig_image_rects
[2025-12-30 22:24:59] [ThreadPoolExecutor-0_2]   Found 29 images to process.
[2025-12-30 22:24:59] [ThreadPoolExecutor-0_2]   Processing image 1/29: CAM_DE_01_20240604211826.jpg
[2025-12-30 22:25:02] [ThreadPoolExecutor-0_2]   Processing image 2/29: CAM_DE_01_20240604234226.jpg
[2025-12-30 22:25:05] [ThreadPoolExecutor-0_3]   Processing image 32/84: CAM_DE_01_20240727202426_predseg_labels.png
[2025-12-30 22:25:08] [ThreadPoolExecutor-0_2]   Processing image 4/29: CAM_DE_01_20240604210626.jpg
[2025-12-30 22:25:08] [ThreadPoolExecutor-0_1]   Processing image 66/66: CAM_DE_01_20240728193025.jpg
[2025-12-30 22:25:08] [ThreadPoolExecutor-0_0]   Processing image 40/81: CAM_DE_01_20240808184826_predseg_labels.png
[2025-12-30 22:25:11] [ThreadPoolExecutor-0_1]   Successfully processed 66 images.
[2025-12-30 22:25:11] [ThreadPoolExecutor-0_1] === Batch Rectification Complete ===
[2025-12-30 22:25:11] [ThreadPoolExecutor-0_1] [DE_01_20240728171958_20240729002658] Rectifying labels from: labels
[2025-12-30 22:25:11] [ThreadPoolExecutor-0_1] 
=== Starting Batch Rectification ===
[2025-12-30 22:25:11] [ThreadPoolExecutor-0_1]   Source folder: /rsstu/users/k/kanarde/NASA-Sunnyverse/rmccune/poseidon/data/down_east/flood_events/DE_01_20240728171958_20240729002658/labels
[2025-12-30 22:25:11] [ThreadPoolExecutor-0_1]   Output Zarr store: /rsstu/users/k/kanarde/NASA-Sunnyverse/rmccune/poseidon/data/down_east/flood_events/DE_01_20240728171958_20240729002658/zarr/labels_rects
[2025-12-30 22:25:11] [ThreadPoolExecutor-0_1]   Found 66 images to process.
[2025-12-30 22:25:11] [ThreadPoolExecutor-0_1]   Processing image 1/66: CAM_DE_01_20240728184826_predseg_labels.png
[2025-12-30 22:25:13] [ThreadPoolExecutor-0_2]   Processing image 6/29: CAM_DE_01_20240604214226.jpg
[2025-12-30 22:25:18] [ThreadPoolExecutor-0_2]   Processing image 8/29: CAM_DE_01_20240604235426.jpg
[2025-12-30 22:25:18] [ThreadPoolExecutor-0_3]   Processing image 40/84: CAM_DE_01_20240727163025_predseg_labels.png
[2025-12-30 22:25:20] [ThreadPoolExecutor-0_1]   Processing image 6/66: CAM_DE_01_20240728185425_predseg_labels.png
[2025-12-30 22:25:22] [ThreadPoolExecutor-0_0]   Processing image 48/81: CAM_DE_01_20240808144226_predseg_labels.png
[2025-12-30 22:25:22] [ThreadPoolExecutor-0_2]   Processing image 10/29: CAM_DE_01_20240604225426.jpg
[2025-12-30 22:25:27] [ThreadPoolExecutor-0_2]   Processing image 12/29: CAM_DE_01_20240604230026.jpg
[2025-12-30 22:25:30] [ThreadPoolExecutor-0_1]   Processing image 12/66: CAM_DE_01_20240728174825_predseg_labels.png
[2025-12-30 22:25:31] [ThreadPoolExecutor-0_2]   Processing image 14/29: CAM_DE_01_20240604232426.jpg
[2025-12-30 22:25:32] [ThreadPoolExecutor-0_3]   Processing image 48/84: CAM_DE_01_20240727203026_predseg_labels.png
[2025-12-30 22:25:35] [ThreadPoolExecutor-0_0]   Processing image 56/81: CAM_DE_01_20240808191826_predseg_labels.png
[2025-12-30 22:25:35] [ThreadPoolExecutor-0_2]   Processing image 16/29: CAM_DE_01_20240604221225.jpg
[2025-12-30 22:25:41] [ThreadPoolExecutor-0_2]   Processing image 18/29: CAM_DE_01_20240604234826.jpg
[2025-12-30 22:25:42] [ThreadPoolExecutor-0_1]   Processing image 18/66: CAM_DE_01_20240728200625_predseg_labels.png
[2025-12-30 22:25:43] [ThreadPoolExecutor-0_2]   Processing image 20/29: CAM_DE_01_20240604231226.jpg
[2025-12-30 22:25:46] [ThreadPoolExecutor-0_3]   Processing image 56/84: CAM_DE_01_20240727160626_predseg_labels.png
[2025-12-30 22:25:48] [ThreadPoolExecutor-0_2]   Processing image 22/29: CAM_DE_01_20240604220026.jpg
[2025-12-30 22:25:50] [ThreadPoolExecutor-0_0]   Processing image 64/81: CAM_DE_01_20240808193626_predseg_labels.png
[2025-12-30 22:25:52] [ThreadPoolExecutor-0_1]   Processing image 24/66: CAM_DE_01_20240728230626_predseg_labels.png
[2025-12-30 22:25:52] [ThreadPoolExecutor-0_2]   Processing image 24/29: CAM_DE_01_20240604224226.jpg
[2025-12-30 22:25:56] [ThreadPoolExecutor-0_2]   Processing image 26/29: CAM_DE_01_20240604213026.jpg
[2025-12-30 22:26:00] [ThreadPoolExecutor-0_3]   Processing image 64/84: CAM_DE_01_20240727191226_predseg_labels.png
[2025-12-30 22:26:01] [ThreadPoolExecutor-0_1]   Processing image 30/66: CAM_DE_01_20240728175426_predseg_labels.png
[2025-12-30 22:26:01] [ThreadPoolExecutor-0_2]   Processing image 28/29: CAM_DE_01_20240604224826.jpg
[2025-12-30 22:26:03] [ThreadPoolExecutor-0_0]   Processing image 72/81: CAM_DE_01_20240808204825_predseg_labels.png
[2025-12-30 22:26:03] [ThreadPoolExecutor-0_2]   Processing image 29/29: CAM_DE_01_20240604233625.jpg
[2025-12-30 22:26:04] [ThreadPoolExecutor-0_2]   Successfully processed 29 images.
[2025-12-30 22:26:04] [ThreadPoolExecutor-0_2] === Batch Rectification Complete ===
[2025-12-30 22:26:04] [ThreadPoolExecutor-0_2] [DE_01_20240604210426_20240605061026] Rectifying labels from: labels
[2025-12-30 22:26:04] [ThreadPoolExecutor-0_2] 
=== Starting Batch Rectification ===
[2025-12-30 22:26:04] [ThreadPoolExecutor-0_2]   Source folder: /rsstu/users/k/kanarde/NASA-Sunnyverse/rmccune/poseidon/data/down_east/flood_events/DE_01_20240604210426_20240605061026/labels
[2025-12-30 22:26:04] [ThreadPoolExecutor-0_2]   Output Zarr store: /rsstu/users/k/kanarde/NASA-Sunnyverse/rmccune/poseidon/data/down_east/flood_events/DE_01_20240604210426_20240605061026/zarr/labels_rects
[2025-12-30 22:26:05] [ThreadPoolExecutor-0_2]   Found 29 images to process.
[2025-12-30 22:26:05] [ThreadPoolExecutor-0_2]   Processing image 1/29: CAM_DE_01_20240604221826_predseg_labels.png
[2025-12-30 22:26:07] [ThreadPoolExecutor-0_2]   Processing image 2/29: CAM_DE_01_20240604220026_predseg_labels.png
[2025-12-30 22:26:10] [ThreadPoolExecutor-0_2]   Processing image 4/29: CAM_DE_01_20240604233025_predseg_labels.png
[2025-12-30 22:26:12] [ThreadPoolExecutor-0_1]   Processing image 36/66: CAM_DE_01_20240728194226_predseg_labels.png
[2025-12-30 22:26:14] [ThreadPoolExecutor-0_2]   Processing image 6/29: CAM_DE_01_20240604232426_predseg_labels.png
[2025-12-30 22:26:14] [ThreadPoolExecutor-0_3]   Processing image 72/84: CAM_DE_01_20240727224226_predseg_labels.png
[2025-12-30 22:26:18] [ThreadPoolExecutor-0_2]   Processing image 8/29: CAM_DE_01_20240604221225_predseg_labels.png
[2025-12-30 22:26:18] [ThreadPoolExecutor-0_0]   Processing image 80/81: CAM_DE_01_20240808150025_predseg_labels.png
[2025-12-30 22:26:20] [ThreadPoolExecutor-0_0]   Processing image 81/81: CAM_DE_01_20240808145426_predseg_labels.png
[2025-12-30 22:26:22] [ThreadPoolExecutor-0_2]   Processing image 10/29: CAM_DE_01_20240604230026_predseg_labels.png
[2025-12-30 22:26:22] [ThreadPoolExecutor-0_0]   Successfully processed 81 images.
[2025-12-30 22:26:22] [ThreadPoolExecutor-0_0] === Batch Rectification Complete ===
[2025-12-30 22:26:22] [ThreadPoolExecutor-0_0] +++ Successfully processed event DE_01_20240808134219_20240808214722 +++
[2025-12-30 22:26:22] [ThreadPoolExecutor-0_0] --- Processing event: DE_01_20240521210240_20240522064440 ---
[2025-12-30 22:26:22] [ThreadPoolExecutor-0_0] [DE_01_20240521210240_20240522064440] Rectifying images from: orig_images
[2025-12-30 22:26:22] [ThreadPoolExecutor-0_0] 
=== Starting Batch Rectification ===
[2025-12-30 22:26:22] [ThreadPoolExecutor-0_0]   Source folder: /rsstu/users/k/kanarde/NASA-Sunnyverse/rmccune/poseidon/data/down_east/flood_events/DE_01_20240521210240_20240522064440/orig_images
[2025-12-30 22:26:22] [ThreadPoolExecutor-0_0]   Output Zarr store: /rsstu/users/k/kanarde/NASA-Sunnyverse/rmccune/poseidon/data/down_east/flood_events/DE_01_20240521210240_20240522064440/zarr/orig_image_rects
[2025-12-30 22:26:23] [ThreadPoolExecutor-0_0]   Found 29 images to process.
[2025-12-30 22:26:23] [ThreadPoolExecutor-0_0]   Processing image 1/29: CAM_DE_01_20240521223026.jpg
[2025-12-30 22:26:25] [ThreadPoolExecutor-0_1]   Processing image 42/66: CAM_DE_01_20240728173026_predseg_labels.png
[2025-12-30 22:26:25] [ThreadPoolExecutor-0_0]   Processing image 2/29: CAM_DE_01_20240521233026.jpg
[2025-12-30 22:26:26] [ThreadPoolExecutor-0_2]   Processing image 12/29: CAM_DE_01_20240604224826_predseg_labels.png
[2025-12-30 22:26:30] [ThreadPoolExecutor-0_3]   Processing image 80/84: CAM_DE_01_20240727185426_predseg_labels.png
[2025-12-30 22:26:30] [ThreadPoolExecutor-0_2]   Processing image 14/29: CAM_DE_01_20240604231826_predseg_labels.png
[2025-12-30 22:26:30] [ThreadPoolExecutor-0_0]   Processing image 4/29: CAM_DE_01_20240521232426.jpg
[2025-12-30 22:26:33] [ThreadPoolExecutor-0_2]   Processing image 16/29: CAM_DE_01_20240604225426_predseg_labels.png
[2025-12-30 22:26:35] [ThreadPoolExecutor-0_1]   Processing image 48/66: CAM_DE_01_20240728183026_predseg_labels.png
[2025-12-30 22:26:35] [ThreadPoolExecutor-0_0]   Processing image 6/29: CAM_DE_01_20240521221226.jpg
[2025-12-30 22:26:36] [ThreadPoolExecutor-0_3]   Processing image 84/84: CAM_DE_01_20240727164226_predseg_labels.png
[2025-12-30 22:26:36] [ThreadPoolExecutor-0_2]   Processing image 18/29: CAM_DE_01_20240604220626_predseg_labels.png
[2025-12-30 22:26:38] [ThreadPoolExecutor-0_3]   Successfully processed 84 images.
[2025-12-30 22:26:38] [ThreadPoolExecutor-0_3] === Batch Rectification Complete ===
[2025-12-30 22:26:38] [ThreadPoolExecutor-0_3] +++ Successfully processed event DE_01_20240727152730_20240727234946 +++
[2025-12-30 22:26:38] [ThreadPoolExecutor-0_3] --- Processing event: DE_01_20240821123141_20240821191541 ---
[2025-12-30 22:26:38] [ThreadPoolExecutor-0_3] [DE_01_20240821123141_20240821191541] Rectifying images from: orig_images
[2025-12-30 22:26:38] [ThreadPoolExecutor-0_3] 
=== Starting Batch Rectification ===
[2025-12-30 22:26:38] [ThreadPoolExecutor-0_3]   Source folder: /rsstu/users/k/kanarde/NASA-Sunnyverse/rmccune/poseidon/data/down_east/flood_events/DE_01_20240821123141_20240821191541/orig_images
[2025-12-30 22:26:38] [ThreadPoolExecutor-0_3]   Output Zarr store: /rsstu/users/k/kanarde/NASA-Sunnyverse/rmccune/poseidon/data/down_east/flood_events/DE_01_20240821123141_20240821191541/zarr/orig_image_rects
[2025-12-30 22:26:38] [ThreadPoolExecutor-0_3]   Found 67 images to process.
[2025-12-30 22:26:38] [ThreadPoolExecutor-0_3]   Processing image 1/67: CAM_DE_01_20240821134826.jpg
[2025-12-30 22:26:39] [ThreadPoolExecutor-0_2]   Processing image 20/29: CAM_DE_01_20240604211225_predseg_labels.png
[2025-12-30 22:26:39] [ThreadPoolExecutor-0_0]   Processing image 8/29: CAM_DE_01_20240521211225.jpg
[2025-12-30 22:26:42] [ThreadPoolExecutor-0_2]   Processing image 22/29: CAM_DE_01_20240604222426_predseg_labels.png
[2025-12-30 22:26:44] [ThreadPoolExecutor-0_1]   Processing image 54/66: CAM_DE_01_20240728191226_predseg_labels.png
[2025-12-30 22:26:44] [ThreadPoolExecutor-0_0]   Processing image 10/29: CAM_DE_01_20240521233625.jpg
[2025-12-30 22:26:44] [ThreadPoolExecutor-0_2]   Processing image 24/29: CAM_DE_01_20240604224226_predseg_labels.png
[2025-12-30 22:26:48] [ThreadPoolExecutor-0_2]   Processing image 26/29: CAM_DE_01_20240604235426_predseg_labels.png
[2025-12-30 22:26:50] [ThreadPoolExecutor-0_0]   Processing image 12/29: CAM_DE_01_20240521224826.jpg
[2025-12-30 22:26:51] [ThreadPoolExecutor-0_3]   Processing image 6/67: CAM_DE_01_20240821130026.jpg
[2025-12-30 22:26:51] [ThreadPoolExecutor-0_2]   Processing image 28/29: CAM_DE_01_20240604212425_predseg_labels.png
[2025-12-30 22:26:52] [ThreadPoolExecutor-0_2]   Processing image 29/29: CAM_DE_01_20240604234826_predseg_labels.png
[2025-12-30 22:26:52] [ThreadPoolExecutor-0_1]   Processing image 60/66: CAM_DE_01_20240728204226_predseg_labels.png
[2025-12-30 22:26:53] [ThreadPoolExecutor-0_2]   Successfully processed 29 images.
[2025-12-30 22:26:53] [ThreadPoolExecutor-0_2] === Batch Rectification Complete ===
[2025-12-30 22:26:53] [ThreadPoolExecutor-0_2] +++ Successfully processed event DE_01_20240604210426_20240605061026 +++
[2025-12-30 22:26:53] [ThreadPoolExecutor-0_2] --- Processing event: DE_01_20240904110947_20240904192647 ---
[2025-12-30 22:26:53] [ThreadPoolExecutor-0_2] [DE_01_20240904110947_20240904192647] Rectifying images from: orig_images
[2025-12-30 22:26:53] [ThreadPoolExecutor-0_2] 
=== Starting Batch Rectification ===
[2025-12-30 22:26:53] [ThreadPoolExecutor-0_2]   Source folder: /rsstu/users/k/kanarde/NASA-Sunnyverse/rmccune/poseidon/data/down_east/flood_events/DE_01_20240904110947_20240904192647/orig_images
[2025-12-30 22:26:53] [ThreadPoolExecutor-0_2]   Output Zarr store: /rsstu/users/k/kanarde/NASA-Sunnyverse/rmccune/poseidon/data/down_east/flood_events/DE_01_20240904110947_20240904192647/zarr/orig_image_rects
[2025-12-30 22:26:53] [ThreadPoolExecutor-0_2]   Found 83 images to process.
[2025-12-30 22:26:53] [ThreadPoolExecutor-0_2]   Processing image 1/83: CAM_DE_01_20240904113626.jpg
[2025-12-30 22:26:56] [ThreadPoolExecutor-0_0]   Processing image 14/29: CAM_DE_01_20240521235426.jpg
[2025-12-30 22:27:01] [ThreadPoolExecutor-0_1]   Processing image 66/66: CAM_DE_01_20240728223025_predseg_labels.png
[2025-12-30 22:27:01] [ThreadPoolExecutor-0_0]   Processing image 16/29: CAM_DE_01_20240521234826.jpg
[2025-12-30 22:27:01] [ThreadPoolExecutor-0_1]   Successfully processed 66 images.
[2025-12-30 22:27:01] [ThreadPoolExecutor-0_1] === Batch Rectification Complete ===
[2025-12-30 22:27:01] [ThreadPoolExecutor-0_1] +++ Successfully processed event DE_01_20240728171958_20240729002658 +++
[2025-12-30 22:27:01] [ThreadPoolExecutor-0_1] --- Processing event: DE_01_20240905121152_20240905195452 ---
[2025-12-30 22:27:01] [ThreadPoolExecutor-0_1] [DE_01_20240905121152_20240905195452] Rectifying images from: orig_images
[2025-12-30 22:27:01] [ThreadPoolExecutor-0_1] 
=== Starting Batch Rectification ===
[2025-12-30 22:27:01] [ThreadPoolExecutor-0_1]   Source folder: /rsstu/users/k/kanarde/NASA-Sunnyverse/rmccune/poseidon/data/down_east/flood_events/DE_01_20240905121152_20240905195452/orig_images
[2025-12-30 22:27:01] [ThreadPoolExecutor-0_1]   Output Zarr store: /rsstu/users/k/kanarde/NASA-Sunnyverse/rmccune/poseidon/data/down_east/flood_events/DE_01_20240905121152_20240905195452/zarr/orig_image_rects
[2025-12-30 22:27:01] [ThreadPoolExecutor-0_1]   Found 77 images to process.
[2025-12-30 22:27:01] [ThreadPoolExecutor-0_1]   Processing image 1/77: CAM_DE_01_20240905163026.jpg
[2025-12-30 22:27:06] [ThreadPoolExecutor-0_3]   Processing image 12/67: CAM_DE_01_20240821143025.jpg
[2025-12-30 22:27:06] [ThreadPoolExecutor-0_0]   Processing image 18/29: CAM_DE_01_20240521224226.jpg
[2025-12-30 22:27:10] [ThreadPoolExecutor-0_0]   Processing image 20/29: CAM_DE_01_20240521213026.jpg
[2025-12-30 22:27:10] [ThreadPoolExecutor-0_2]   Processing image 8/83: CAM_DE_01_20240904165426.jpg
[2025-12-30 22:27:16] [ThreadPoolExecutor-0_0]   Processing image 22/29: CAM_DE_01_20240521220626.jpg
[2025-12-30 22:27:16] [ThreadPoolExecutor-0_1]   Processing image 7/77: CAM_DE_01_20240905180026.jpg
[2025-12-30 22:27:22] [ThreadPoolExecutor-0_0]   Processing image 24/29: CAM_DE_01_20240521214226.jpg
[2025-12-30 22:27:22] [ThreadPoolExecutor-0_3]   Processing image 18/67: CAM_DE_01_20240821172426.jpg
[2025-12-30 22:27:28] [ThreadPoolExecutor-0_0]   Processing image 26/29: CAM_DE_01_20240521230625.jpg
[2025-12-30 22:27:33] [ThreadPoolExecutor-0_2]   Processing image 16/83: CAM_DE_01_20240904182426.jpg
[2025-12-30 22:27:33] [ThreadPoolExecutor-0_0]   Processing image 28/29: CAM_DE_01_20240521223626.jpg
[2025-12-30 22:27:36] [ThreadPoolExecutor-0_0]   Processing image 29/29: CAM_DE_01_20240521212426.jpg
[2025-12-30 22:27:36] [ThreadPoolExecutor-0_1]   Processing image 14/77: CAM_DE_01_20240905124226.jpg
[2025-12-30 22:27:39] [ThreadPoolExecutor-0_0]   Successfully processed 29 images.
[2025-12-30 22:27:39] [ThreadPoolExecutor-0_0] === Batch Rectification Complete ===
[2025-12-30 22:27:39] [ThreadPoolExecutor-0_3]   Processing image 24/67: CAM_DE_01_20240821161225.jpg
[2025-12-30 22:27:39] [ThreadPoolExecutor-0_0] [DE_01_20240521210240_20240522064440] Rectifying labels from: labels
[2025-12-30 22:27:39] [ThreadPoolExecutor-0_0] 
=== Starting Batch Rectification ===
[2025-12-30 22:27:39] [ThreadPoolExecutor-0_0]   Source folder: /rsstu/users/k/kanarde/NASA-Sunnyverse/rmccune/poseidon/data/down_east/flood_events/DE_01_20240521210240_20240522064440/labels
[2025-12-30 22:27:39] [ThreadPoolExecutor-0_0]   Output Zarr store: /rsstu/users/k/kanarde/NASA-Sunnyverse/rmccune/poseidon/data/down_east/flood_events/DE_01_20240521210240_20240522064440/zarr/labels_rects
[2025-12-30 22:27:39] [ThreadPoolExecutor-0_0]   Found 29 images to process.
[2025-12-30 22:27:39] [ThreadPoolExecutor-0_0]   Processing image 1/29: CAM_DE_01_20240521232426_predseg_labels.png
[2025-12-30 22:27:41] [ThreadPoolExecutor-0_0]   Processing image 2/29: CAM_DE_01_20240521224226_predseg_labels.png
[2025-12-30 22:27:43] [ThreadPoolExecutor-0_0]   Processing image 4/29: CAM_DE_01_20240521214226_predseg_labels.png
[2025-12-30 22:27:46] [ThreadPoolExecutor-0_0]   Processing image 6/29: CAM_DE_01_20240521212426_predseg_labels.png
[2025-12-30 22:27:48] [ThreadPoolExecutor-0_0]   Processing image 8/29: CAM_DE_01_20240521213626_predseg_labels.png
[2025-12-30 22:27:51] [ThreadPoolExecutor-0_0]   Processing image 10/29: CAM_DE_01_20240521231225_predseg_labels.png
[2025-12-30 22:27:55] [ThreadPoolExecutor-0_0]   Processing image 12/29: CAM_DE_01_20240521214826_predseg_labels.png
[2025-12-30 22:27:55] [ThreadPoolExecutor-0_1]   Processing image 21/77: CAM_DE_01_20240905191225.jpg
[2025-12-30 22:27:55] [ThreadPoolExecutor-0_2]   Processing image 24/83: CAM_DE_01_20240904154826.jpg
[2025-12-30 22:27:55] [ThreadPoolExecutor-0_3]   Processing image 30/67: CAM_DE_01_20240821123626.jpg
[2025-12-30 22:27:57] [ThreadPoolExecutor-0_0]   Processing image 14/29: CAM_DE_01_20240521221826_predseg_labels.png
[2025-12-30 22:28:00] [ThreadPoolExecutor-0_0]   Processing image 16/29: CAM_DE_01_20240521221226_predseg_labels.png
[2025-12-30 22:28:02] [ThreadPoolExecutor-0_0]   Processing image 18/29: CAM_DE_01_20240521213026_predseg_labels.png
[2025-12-30 22:28:04] [ThreadPoolExecutor-0_0]   Processing image 20/29: CAM_DE_01_20240521230025_predseg_labels.png
[2025-12-30 22:28:07] [ThreadPoolExecutor-0_0]   Processing image 22/29: CAM_DE_01_20240521211225_predseg_labels.png
[2025-12-30 22:28:10] [ThreadPoolExecutor-0_0]   Processing image 24/29: CAM_DE_01_20240521234226_predseg_labels.png
[2025-12-30 22:28:10] [ThreadPoolExecutor-0_3]   Processing image 36/67: CAM_DE_01_20240821140025.jpg
[2025-12-30 22:28:12] [ThreadPoolExecutor-0_0]   Processing image 26/29: CAM_DE_01_20240521222426_predseg_labels.png
[2025-12-30 22:28:13] [ThreadPoolExecutor-0_1]   Processing image 28/77: CAM_DE_01_20240905160626.jpg
[2025-12-30 22:28:15] [ThreadPoolExecutor-0_0]   Processing image 28/29: CAM_DE_01_20240521231825_predseg_labels.png
[2025-12-30 22:28:16] [ThreadPoolExecutor-0_2]   Processing image 32/83: CAM_DE_01_20240904180626.jpg
[2025-12-30 22:28:16] [ThreadPoolExecutor-0_0]   Processing image 29/29: CAM_DE_01_20240521211825_predseg_labels.png
[2025-12-30 22:28:18] [ThreadPoolExecutor-0_0]   Successfully processed 29 images.
[2025-12-30 22:28:18] [ThreadPoolExecutor-0_0] === Batch Rectification Complete ===
[2025-12-30 22:28:18] [ThreadPoolExecutor-0_0] +++ Successfully processed event DE_01_20240521210240_20240522064440 +++
[2025-12-30 22:28:18] [ThreadPoolExecutor-0_0] --- Processing event: DE_01_20240906122050_20240906211013 ---
[2025-12-30 22:28:18] [ThreadPoolExecutor-0_0] [DE_01_20240906122050_20240906211013] Rectifying images from: orig_images
[2025-12-30 22:28:18] [ThreadPoolExecutor-0_0] 
=== Starting Batch Rectification ===
[2025-12-30 22:28:18] [ThreadPoolExecutor-0_0]   Source folder: /rsstu/users/k/kanarde/NASA-Sunnyverse/rmccune/poseidon/data/down_east/flood_events/DE_01_20240906122050_20240906211013/orig_images
[2025-12-30 22:28:18] [ThreadPoolExecutor-0_0]   Output Zarr store: /rsstu/users/k/kanarde/NASA-Sunnyverse/rmccune/poseidon/data/down_east/flood_events/DE_01_20240906122050_20240906211013/zarr/orig_image_rects
[2025-12-30 22:28:18] [ThreadPoolExecutor-0_0]   Found 88 images to process.
[2025-12-30 22:28:18] [ThreadPoolExecutor-0_0]   Processing image 1/88: CAM_DE_01_20240906140026.jpg
[2025-12-30 22:28:26] [ThreadPoolExecutor-0_3]   Processing image 42/67: CAM_DE_01_20240821170025.jpg
[2025-12-30 22:28:30] [ThreadPoolExecutor-0_1]   Processing image 35/77: CAM_DE_01_20240905161825.jpg
[2025-12-30 22:28:32] [ThreadPoolExecutor-0_0]   Processing image 8/88: CAM_DE_01_20240906183626.jpg
[2025-12-30 22:28:35] [ThreadPoolExecutor-0_2]   Processing image 40/83: CAM_DE_01_20240904180025.jpg
[2025-12-30 22:28:40] [ThreadPoolExecutor-0_3]   Processing image 48/67: CAM_DE_01_20240821144226.jpg
[2025-12-30 22:28:48] [ThreadPoolExecutor-0_1]   Processing image 42/77: CAM_DE_01_20240905135426.jpg
[2025-12-30 22:28:53] [ThreadPoolExecutor-0_0]   Processing image 16/88: CAM_DE_01_20240906160626.jpg
[2025-12-30 22:28:55] [ThreadPoolExecutor-0_3]   Processing image 54/67: CAM_DE_01_20240821184825.jpg
[2025-12-30 22:28:55] [ThreadPoolExecutor-0_2]   Processing image 48/83: CAM_DE_01_20240904151226.jpg
[2025-12-30 22:29:04] [ThreadPoolExecutor-0_1]   Processing image 49/77: CAM_DE_01_20240905173626.jpg
[2025-12-30 22:29:09] [ThreadPoolExecutor-0_3]   Processing image 60/67: CAM_DE_01_20240821143626.jpg
[2025-12-30 22:29:11] [ThreadPoolExecutor-0_0]   Processing image 24/88: CAM_DE_01_20240906163025.jpg
[2025-12-30 22:29:14] [ThreadPoolExecutor-0_2]   Processing image 56/83: CAM_DE_01_20240904152425.jpg
[2025-12-30 22:29:21] [ThreadPoolExecutor-0_1]   Processing image 56/77: CAM_DE_01_20240905170625.jpg
[2025-12-30 22:29:23] [ThreadPoolExecutor-0_3]   Processing image 66/67: CAM_DE_01_20240821151226.jpg
[2025-12-30 22:29:26] [ThreadPoolExecutor-0_3]   Processing image 67/67: CAM_DE_01_20240821155426.jpg
[2025-12-30 22:29:29] [ThreadPoolExecutor-0_3]   Successfully processed 67 images.
[2025-12-30 22:29:29] [ThreadPoolExecutor-0_3] === Batch Rectification Complete ===
[2025-12-30 22:29:29] [ThreadPoolExecutor-0_3] [DE_01_20240821123141_20240821191541] Rectifying labels from: labels
[2025-12-30 22:29:29] [ThreadPoolExecutor-0_3] 
=== Starting Batch Rectification ===
[2025-12-30 22:29:29] [ThreadPoolExecutor-0_3]   Source folder: /rsstu/users/k/kanarde/NASA-Sunnyverse/rmccune/poseidon/data/down_east/flood_events/DE_01_20240821123141_20240821191541/labels
[2025-12-30 22:29:29] [ThreadPoolExecutor-0_3]   Output Zarr store: /rsstu/users/k/kanarde/NASA-Sunnyverse/rmccune/poseidon/data/down_east/flood_events/DE_01_20240821123141_20240821191541/zarr/labels_rects
[2025-12-30 22:29:29] [ThreadPoolExecutor-0_3]   Found 67 images to process.
[2025-12-30 22:29:29] [ThreadPoolExecutor-0_3]   Processing image 1/67: CAM_DE_01_20240821154226_predseg_labels.png
[2025-12-30 22:29:32] [ThreadPoolExecutor-0_0]   Processing image 32/88: CAM_DE_01_20240906201826.jpg
[2025-12-30 22:29:34] [ThreadPoolExecutor-0_2]   Processing image 64/83: CAM_DE_01_20240904181825.jpg
[2025-12-30 22:29:36] [ThreadPoolExecutor-0_3]   Processing image 6/67: CAM_DE_01_20240821190626_predseg_labels.png
[2025-12-30 22:29:39] [ThreadPoolExecutor-0_1]   Processing image 63/77: CAM_DE_01_20240905121226.jpg
[2025-12-30 22:29:43] [ThreadPoolExecutor-0_3]   Processing image 12/67: CAM_DE_01_20240821150626_predseg_labels.png
[2025-12-30 22:29:51] [ThreadPoolExecutor-0_3]   Processing image 18/67: CAM_DE_01_20240821172426_predseg_labels.png
[2025-12-30 22:29:52] [ThreadPoolExecutor-0_0]   Processing image 40/88: CAM_DE_01_20240906125426.jpg
[2025-12-30 22:29:55] [ThreadPoolExecutor-0_2]   Processing image 72/83: CAM_DE_01_20240904114825.jpg
[2025-12-30 22:29:58] [ThreadPoolExecutor-0_1]   Processing image 70/77: CAM_DE_01_20240905140625.jpg
[2025-12-30 22:30:00] [ThreadPoolExecutor-0_3]   Processing image 24/67: CAM_DE_01_20240821170626_predseg_labels.png
[2025-12-30 22:30:08] [ThreadPoolExecutor-0_3]   Processing image 30/67: CAM_DE_01_20240821134225_predseg_labels.png
[2025-12-30 22:30:15] [ThreadPoolExecutor-0_0]   Processing image 48/88: CAM_DE_01_20240906140625.jpg
[2025-12-30 22:30:17] [ThreadPoolExecutor-0_3]   Processing image 36/67: CAM_DE_01_20240821144825_predseg_labels.png
[2025-12-30 22:30:17] [ThreadPoolExecutor-0_1]   Processing image 77/77: CAM_DE_01_20240905155426.jpg
[2025-12-30 22:30:17] [ThreadPoolExecutor-0_2]   Processing image 80/83: CAM_DE_01_20240904140026.jpg
[2025-12-30 22:30:20] [ThreadPoolExecutor-0_1]   Successfully processed 77 images.
[2025-12-30 22:30:20] [ThreadPoolExecutor-0_1] === Batch Rectification Complete ===
[2025-12-30 22:30:20] [ThreadPoolExecutor-0_1] [DE_01_20240905121152_20240905195452] Rectifying labels from: labels
[2025-12-30 22:30:20] [ThreadPoolExecutor-0_1] 
=== Starting Batch Rectification ===
[2025-12-30 22:30:20] [ThreadPoolExecutor-0_1]   Source folder: /rsstu/users/k/kanarde/NASA-Sunnyverse/rmccune/poseidon/data/down_east/flood_events/DE_01_20240905121152_20240905195452/labels
[2025-12-30 22:30:20] [ThreadPoolExecutor-0_1]   Output Zarr store: /rsstu/users/k/kanarde/NASA-Sunnyverse/rmccune/poseidon/data/down_east/flood_events/DE_01_20240905121152_20240905195452/zarr/labels_rects
[2025-12-30 22:30:20] [ThreadPoolExecutor-0_1]   Found 77 images to process.
[2025-12-30 22:30:20] [ThreadPoolExecutor-0_1]   Processing image 1/77: CAM_DE_01_20240905141225_predseg_labels.png
[2025-12-30 22:30:26] [ThreadPoolExecutor-0_3]   Processing image 42/67: CAM_DE_01_20240821174226_predseg_labels.png
[2025-12-30 22:30:27] [ThreadPoolExecutor-0_2]   Processing image 83/83: CAM_DE_01_20240904173025.jpg
[2025-12-30 22:30:30] [ThreadPoolExecutor-0_2]   Successfully processed 83 images.
[2025-12-30 22:30:30] [ThreadPoolExecutor-0_2] === Batch Rectification Complete ===
[2025-12-30 22:30:30] [ThreadPoolExecutor-0_2] [DE_01_20240904110947_20240904192647] Rectifying labels from: labels
[2025-12-30 22:30:30] [ThreadPoolExecutor-0_2] 
=== Starting Batch Rectification ===
[2025-12-30 22:30:30] [ThreadPoolExecutor-0_2]   Source folder: /rsstu/users/k/kanarde/NASA-Sunnyverse/rmccune/poseidon/data/down_east/flood_events/DE_01_20240904110947_20240904192647/labels
[2025-12-30 22:30:30] [ThreadPoolExecutor-0_2]   Output Zarr store: /rsstu/users/k/kanarde/NASA-Sunnyverse/rmccune/poseidon/data/down_east/flood_events/DE_01_20240904110947_20240904192647/zarr/labels_rects
[2025-12-30 22:30:30] [ThreadPoolExecutor-0_2]   Found 83 images to process.
[2025-12-30 22:30:30] [ThreadPoolExecutor-0_2]   Processing image 1/83: CAM_DE_01_20240904163026_predseg_labels.png
[2025-12-30 22:30:30] [ThreadPoolExecutor-0_1]   Processing image 7/77: CAM_DE_01_20240905152425_predseg_labels.png
[2025-12-30 22:30:35] [ThreadPoolExecutor-0_3]   Processing image 48/67: CAM_DE_01_20240821143626_predseg_labels.png
[2025-12-30 22:30:35] [ThreadPoolExecutor-0_0]   Processing image 56/88: CAM_DE_01_20240906134226.jpg
[2025-12-30 22:30:43] [ThreadPoolExecutor-0_2]   Processing image 8/83: CAM_DE_01_20240904183626_predseg_labels.png
[2025-12-30 22:30:43] [ThreadPoolExecutor-0_1]   Processing image 14/77: CAM_DE_01_20240905190025_predseg_labels.png
[2025-12-30 22:30:46] [ThreadPoolExecutor-0_3]   Processing image 54/67: CAM_DE_01_20240821162426_predseg_labels.png
[2025-12-30 22:30:55] [ThreadPoolExecutor-0_1]   Processing image 21/77: CAM_DE_01_20240905171826_predseg_labels.png
[2025-12-30 22:30:55] [ThreadPoolExecutor-0_0]   Processing image 64/88: CAM_DE_01_20240906210025.jpg
[2025-12-30 22:30:56] [ThreadPoolExecutor-0_2]   Processing image 16/83: CAM_DE_01_20240904161826_predseg_labels.png
[2025-12-30 22:30:56] [ThreadPoolExecutor-0_3]   Processing image 60/67: CAM_DE_01_20240821171226_predseg_labels.png
[2025-12-30 22:31:06] [ThreadPoolExecutor-0_1]   Processing image 28/77: CAM_DE_01_20240905164825_predseg_labels.png
[2025-12-30 22:31:06] [ThreadPoolExecutor-0_3]   Processing image 66/67: CAM_DE_01_20240821125426_predseg_labels.png
[2025-12-30 22:31:08] [ThreadPoolExecutor-0_3]   Processing image 67/67: CAM_DE_01_20240821185426_predseg_labels.png
[2025-12-30 22:31:10] [ThreadPoolExecutor-0_3]   Successfully processed 67 images.
[2025-12-30 22:31:10] [ThreadPoolExecutor-0_2]   Processing image 24/83: CAM_DE_01_20240904124825_predseg_labels.png
[2025-12-30 22:31:10] [ThreadPoolExecutor-0_3] === Batch Rectification Complete ===
[2025-12-30 22:31:10] [ThreadPoolExecutor-0_3] +++ Successfully processed event DE_01_20240821123141_20240821191541 +++
[2025-12-30 22:31:10] [ThreadPoolExecutor-0_3] --- Processing event: DE_01_20240907130344_20240907213616 ---
[2025-12-30 22:31:10] [ThreadPoolExecutor-0_3] [DE_01_20240907130344_20240907213616] Rectifying images from: orig_images
[2025-12-30 22:31:10] [ThreadPoolExecutor-0_3] 
=== Starting Batch Rectification ===
[2025-12-30 22:31:10] [ThreadPoolExecutor-0_3]   Source folder: /rsstu/users/k/kanarde/NASA-Sunnyverse/rmccune/poseidon/data/down_east/flood_events/DE_01_20240907130344_20240907213616/orig_images
[2025-12-30 22:31:10] [ThreadPoolExecutor-0_3]   Output Zarr store: /rsstu/users/k/kanarde/NASA-Sunnyverse/rmccune/poseidon/data/down_east/flood_events/DE_01_20240907130344_20240907213616/zarr/orig_image_rects
[2025-12-30 22:31:10] [ThreadPoolExecutor-0_3]   Found 84 images to process.
[2025-12-30 22:31:10] [ThreadPoolExecutor-0_3]   Processing image 1/84: CAM_DE_01_20240907150626.jpg
[2025-12-30 22:31:14] [ThreadPoolExecutor-0_0]   Processing image 72/88: CAM_DE_01_20240906201225.jpg
[2025-12-30 22:31:19] [ThreadPoolExecutor-0_1]   Processing image 35/77: CAM_DE_01_20240905161225_predseg_labels.png
[2025-12-30 22:31:22] [ThreadPoolExecutor-0_2]   Processing image 32/83: CAM_DE_01_20240904173625_predseg_labels.png
[2025-12-30 22:31:28] [ThreadPoolExecutor-0_1]   Processing image 42/77: CAM_DE_01_20240905151225_predseg_labels.png
[2025-12-30 22:31:31] [ThreadPoolExecutor-0_3]   Processing image 8/84: CAM_DE_01_20240907190626.jpg
[2025-12-30 22:31:33] [ThreadPoolExecutor-0_2]   Processing image 40/83: CAM_DE_01_20240904123626_predseg_labels.png
[2025-12-30 22:31:36] [ThreadPoolExecutor-0_0]   Processing image 80/88: CAM_DE_01_20240906203026.jpg
[2025-12-30 22:31:37] [ThreadPoolExecutor-0_1]   Processing image 49/77: CAM_DE_01_20240905145426_predseg_labels.png
[2025-12-30 22:31:43] [ThreadPoolExecutor-0_2]   Processing image 48/83: CAM_DE_01_20240904112425_predseg_labels.png
[2025-12-30 22:31:47] [ThreadPoolExecutor-0_1]   Processing image 56/77: CAM_DE_01_20240905161825_predseg_labels.png
[2025-12-30 22:31:51] [ThreadPoolExecutor-0_3]   Processing image 16/84: CAM_DE_01_20240907184825.jpg
[2025-12-30 22:31:57] [ThreadPoolExecutor-0_2]   Processing image 56/83: CAM_DE_01_20240904183026_predseg_labels.png
[2025-12-30 22:31:57] [ThreadPoolExecutor-0_0]   Processing image 88/88: CAM_DE_01_20240906133625.jpg
[2025-12-30 22:31:57] [ThreadPoolExecutor-0_1]   Processing image 63/77: CAM_DE_01_20240905193026_predseg_labels.png
[2025-12-30 22:32:00] [ThreadPoolExecutor-0_0]   Successfully processed 88 images.
[2025-12-30 22:32:00] [ThreadPoolExecutor-0_0] === Batch Rectification Complete ===
[2025-12-30 22:32:00] [ThreadPoolExecutor-0_0] [DE_01_20240906122050_20240906211013] Rectifying labels from: labels
[2025-12-30 22:32:00] [ThreadPoolExecutor-0_0] 
=== Starting Batch Rectification ===
[2025-12-30 22:32:00] [ThreadPoolExecutor-0_0]   Source folder: /rsstu/users/k/kanarde/NASA-Sunnyverse/rmccune/poseidon/data/down_east/flood_events/DE_01_20240906122050_20240906211013/labels
[2025-12-30 22:32:00] [ThreadPoolExecutor-0_0]   Output Zarr store: /rsstu/users/k/kanarde/NASA-Sunnyverse/rmccune/poseidon/data/down_east/flood_events/DE_01_20240906122050_20240906211013/zarr/labels_rects
[2025-12-30 22:32:00] [ThreadPoolExecutor-0_0]   Found 88 images to process.
[2025-12-30 22:32:00] [ThreadPoolExecutor-0_0]   Processing image 1/88: CAM_DE_01_20240906173625_predseg_labels.png
[2025-12-30 22:32:21] [ThreadPoolExecutor-0_2]   Processing image 64/83: CAM_DE_01_20240904153026_predseg_labels.png
[2025-12-30 22:32:21] [ThreadPoolExecutor-0_1]   Processing image 70/77: CAM_DE_01_20240905132426_predseg_labels.png
[2025-12-30 22:32:25] [ThreadPoolExecutor-0_3]   Processing image 24/84: CAM_DE_01_20240907191225.jpg
[2025-12-30 22:32:25] [ThreadPoolExecutor-0_0]   Processing image 8/88: CAM_DE_01_20240906194825_predseg_labels.png
[2025-12-30 22:32:34] [ThreadPoolExecutor-0_1]   Processing image 77/77: CAM_DE_01_20240905133026_predseg_labels.png
[2025-12-30 22:32:35] [ThreadPoolExecutor-0_2]   Processing image 72/83: CAM_DE_01_20240904172426_predseg_labels.png
[2025-12-30 22:32:35] [ThreadPoolExecutor-0_1]   Successfully processed 77 images.
[2025-12-30 22:32:35] [ThreadPoolExecutor-0_1] === Batch Rectification Complete ===
[2025-12-30 22:32:35] [ThreadPoolExecutor-0_1] +++ Successfully processed event DE_01_20240905121152_20240905195452 +++
[2025-12-30 22:32:35] [ThreadPoolExecutor-0_1] --- Processing event: DE_01_20240908125755_20240908225638 ---
[2025-12-30 22:32:35] [ThreadPoolExecutor-0_1] [DE_01_20240908125755_20240908225638] Rectifying images from: orig_images
[2025-12-30 22:32:35] [ThreadPoolExecutor-0_1] 
=== Starting Batch Rectification ===
[2025-12-30 22:32:35] [ThreadPoolExecutor-0_1]   Source folder: /rsstu/users/k/kanarde/NASA-Sunnyverse/rmccune/poseidon/data/down_east/flood_events/DE_01_20240908125755_20240908225638/orig_images
[2025-12-30 22:32:35] [ThreadPoolExecutor-0_1]   Output Zarr store: /rsstu/users/k/kanarde/NASA-Sunnyverse/rmccune/poseidon/data/down_east/flood_events/DE_01_20240908125755_20240908225638/zarr/orig_image_rects
[2025-12-30 22:32:35] [ThreadPoolExecutor-0_1]   Found 100 images to process.
[2025-12-30 22:32:35] [ThreadPoolExecutor-0_1]   Processing image 1/100: CAM_DE_01_20240908192425.jpg
[2025-12-30 22:32:38] [ThreadPoolExecutor-0_0]   Processing image 16/88: CAM_DE_01_20240906164826_predseg_labels.png
[2025-12-30 22:32:44] [ThreadPoolExecutor-0_3]   Processing image 32/84: CAM_DE_01_20240907154226.jpg
[2025-12-30 22:32:47] [ThreadPoolExecutor-0_2]   Processing image 80/83: CAM_DE_01_20240904141826_predseg_labels.png
[2025-12-30 22:32:50] [ThreadPoolExecutor-0_0]   Processing image 24/88: CAM_DE_01_20240906201225_predseg_labels.png
[2025-12-30 22:32:51] [ThreadPoolExecutor-0_2]   Processing image 83/83: CAM_DE_01_20240904152425_predseg_labels.png
[2025-12-30 22:32:53] [ThreadPoolExecutor-0_2]   Successfully processed 83 images.
[2025-12-30 22:32:53] [ThreadPoolExecutor-0_2] === Batch Rectification Complete ===
[2025-12-30 22:32:53] [ThreadPoolExecutor-0_2] +++ Successfully processed event DE_01_20240904110947_20240904192647 +++
[2025-12-30 22:32:53] [ThreadPoolExecutor-0_2] --- Processing event: DE_01_20240909143353_20240909225053 ---
[2025-12-30 22:32:53] [ThreadPoolExecutor-0_2] [DE_01_20240909143353_20240909225053] Rectifying images from: orig_images
[2025-12-30 22:32:53] [ThreadPoolExecutor-0_2] 
=== Starting Batch Rectification ===
[2025-12-30 22:32:53] [ThreadPoolExecutor-0_2]   Source folder: /rsstu/users/k/kanarde/NASA-Sunnyverse/rmccune/poseidon/data/down_east/flood_events/DE_01_20240909143353_20240909225053/orig_images
[2025-12-30 22:32:53] [ThreadPoolExecutor-0_2]   Output Zarr store: /rsstu/users/k/kanarde/NASA-Sunnyverse/rmccune/poseidon/data/down_east/flood_events/DE_01_20240909143353_20240909225053/zarr/orig_image_rects
[2025-12-30 22:32:53] [ThreadPoolExecutor-0_2]   Found 83 images to process.
[2025-12-30 22:32:53] [ThreadPoolExecutor-0_2]   Processing image 1/83: CAM_DE_01_20240909174826.jpg
[2025-12-30 22:33:01] [ThreadPoolExecutor-0_0]   Processing image 32/88: CAM_DE_01_20240906170026_predseg_labels.png
[2025-12-30 22:33:01] [ThreadPoolExecutor-0_1]   Processing image 10/100: CAM_DE_01_20240908155426.jpg
[2025-12-30 22:33:06] [ThreadPoolExecutor-0_3]   Processing image 40/84: CAM_DE_01_20240907195426.jpg
[2025-12-30 22:33:12] [ThreadPoolExecutor-0_2]   Processing image 8/83: CAM_DE_01_20240909151226.jpg
[2025-12-30 22:33:12] [ThreadPoolExecutor-0_0]   Processing image 40/88: CAM_DE_01_20240906155426_predseg_labels.png
[2025-12-30 22:33:23] [ThreadPoolExecutor-0_0]   Processing image 48/88: CAM_DE_01_20240906172426_predseg_labels.png
[2025-12-30 22:33:29] [ThreadPoolExecutor-0_1]   Processing image 20/100: CAM_DE_01_20240908171826.jpg
[2025-12-30 22:33:29] [ThreadPoolExecutor-0_3]   Processing image 48/84: CAM_DE_01_20240907210025.jpg
[2025-12-30 22:33:36] [ThreadPoolExecutor-0_2]   Processing image 16/83: CAM_DE_01_20240909202425.jpg
[2025-12-30 22:33:36] [ThreadPoolExecutor-0_0]   Processing image 56/88: CAM_DE_01_20240906142425_predseg_labels.png
[2025-12-30 22:33:47] [ThreadPoolExecutor-0_0]   Processing image 64/88: CAM_DE_01_20240906150026_predseg_labels.png
[2025-12-30 22:33:52] [ThreadPoolExecutor-0_3]   Processing image 56/84: CAM_DE_01_20240907133025.jpg
[2025-12-30 22:33:58] [ThreadPoolExecutor-0_0]   Processing image 72/88: CAM_DE_01_20240906134226_predseg_labels.png
[2025-12-30 22:33:58] [ThreadPoolExecutor-0_2]   Processing image 24/83: CAM_DE_01_20240909210025.jpg
[2025-12-30 22:33:58] [ThreadPoolExecutor-0_1]   Processing image 30/100: CAM_DE_01_20240908143026.jpg
[2025-12-30 22:34:11] [ThreadPoolExecutor-0_0]   Processing image 80/88: CAM_DE_01_20240906171826_predseg_labels.png
[2025-12-30 22:34:17] [ThreadPoolExecutor-0_3]   Processing image 64/84: CAM_DE_01_20240907180026.jpg
[2025-12-30 22:34:23] [ThreadPoolExecutor-0_0]   Processing image 88/88: CAM_DE_01_20240906134825_predseg_labels.png
[2025-12-30 22:34:23] [ThreadPoolExecutor-0_2]   Processing image 32/83: CAM_DE_01_20240909150625.jpg
[2025-12-30 22:34:25] [ThreadPoolExecutor-0_0]   Successfully processed 88 images.
[2025-12-30 22:34:25] [ThreadPoolExecutor-0_0] === Batch Rectification Complete ===
[2025-12-30 22:34:25] [ThreadPoolExecutor-0_0] +++ Successfully processed event DE_01_20240906122050_20240906211013 +++
[2025-12-30 22:34:25] [ThreadPoolExecutor-0_0] --- Processing event: DE_01_20240912180350_20240913013350 ---
[2025-12-30 22:34:25] [ThreadPoolExecutor-0_0] [DE_01_20240912180350_20240913013350] Rectifying images from: orig_images
[2025-12-30 22:34:25] [ThreadPoolExecutor-0_0] 
=== Starting Batch Rectification ===
[2025-12-30 22:34:25] [ThreadPoolExecutor-0_0]   Source folder: /rsstu/users/k/kanarde/NASA-Sunnyverse/rmccune/poseidon/data/down_east/flood_events/DE_01_20240912180350_20240913013350/orig_images
[2025-12-30 22:34:25] [ThreadPoolExecutor-0_0]   Output Zarr store: /rsstu/users/k/kanarde/NASA-Sunnyverse/rmccune/poseidon/data/down_east/flood_events/DE_01_20240912180350_20240913013350/zarr/orig_image_rects
[2025-12-30 22:34:25] [ThreadPoolExecutor-0_0]   Found 58 images to process.
[2025-12-30 22:34:25] [ThreadPoolExecutor-0_0]   Processing image 1/58: CAM_DE_01_20240912221226.jpg
[2025-12-30 22:34:28] [ThreadPoolExecutor-0_1]   Processing image 40/100: CAM_DE_01_20240908134826.jpg
[2025-12-30 22:34:34] [ThreadPoolExecutor-0_0]   Processing image 5/58: CAM_DE_01_20240912191226.jpg
[2025-12-30 22:34:40] [ThreadPoolExecutor-0_3]   Processing image 72/84: CAM_DE_01_20240907193026.jpg
[2025-12-30 22:34:45] [ThreadPoolExecutor-0_2]   Processing image 40/83: CAM_DE_01_20240909223026.jpg
[2025-12-30 22:34:48] [ThreadPoolExecutor-0_0]   Processing image 10/58: CAM_DE_01_20240912201226.jpg
[2025-12-30 22:34:57] [ThreadPoolExecutor-0_1]   Processing image 50/100: CAM_DE_01_20240908210626.jpg
[2025-12-30 22:35:01] [ThreadPoolExecutor-0_0]   Processing image 15/58: CAM_DE_01_20240912234616.jpg
[2025-12-30 22:35:01] [ThreadPoolExecutor-0_3]   Processing image 80/84: CAM_DE_01_20240907170025.jpg
[2025-12-30 22:35:06] [ThreadPoolExecutor-0_2]   Processing image 48/83: CAM_DE_01_20240909203626.jpg
[2025-12-30 22:35:12] [ThreadPoolExecutor-0_3]   Processing image 84/84: CAM_DE_01_20240907183626.jpg
[2025-12-30 22:35:15] [ThreadPoolExecutor-0_3]   Successfully processed 84 images.
[2025-12-30 22:35:15] [ThreadPoolExecutor-0_3] === Batch Rectification Complete ===
[2025-12-30 22:35:15] [ThreadPoolExecutor-0_3] [DE_01_20240907130344_20240907213616] Rectifying labels from: labels
[2025-12-30 22:35:15] [ThreadPoolExecutor-0_3] 
=== Starting Batch Rectification ===
[2025-12-30 22:35:15] [ThreadPoolExecutor-0_3]   Source folder: /rsstu/users/k/kanarde/NASA-Sunnyverse/rmccune/poseidon/data/down_east/flood_events/DE_01_20240907130344_20240907213616/labels
[2025-12-30 22:35:15] [ThreadPoolExecutor-0_3]   Output Zarr store: /rsstu/users/k/kanarde/NASA-Sunnyverse/rmccune/poseidon/data/down_east/flood_events/DE_01_20240907130344_20240907213616/zarr/labels_rects
[2025-12-30 22:35:15] [ThreadPoolExecutor-0_0]   Processing image 20/58: CAM_DE_01_20240912183625.jpg
[2025-12-30 22:35:15] [ThreadPoolExecutor-0_3]   Found 84 images to process.
[2025-12-30 22:35:15] [ThreadPoolExecutor-0_3]   Processing image 1/84: CAM_DE_01_20240907185426_predseg_labels.png
[2025-12-30 22:35:23] [ThreadPoolExecutor-0_1]   Processing image 60/100: CAM_DE_01_20240908193026.jpg
[2025-12-30 22:35:25] [ThreadPoolExecutor-0_3]   Processing image 8/84: CAM_DE_01_20240907194825_predseg_labels.png
[2025-12-30 22:35:28] [ThreadPoolExecutor-0_2]   Processing image 56/83: CAM_DE_01_20240909191226.jpg
[2025-12-30 22:35:28] [ThreadPoolExecutor-0_0]   Processing image 25/58: CAM_DE_01_20240912223026.jpg
[2025-12-30 22:35:36] [ThreadPoolExecutor-0_3]   Processing image 16/84: CAM_DE_01_20240907193625_predseg_labels.png
[2025-12-30 22:35:43] [ThreadPoolExecutor-0_0]   Processing image 30/58: CAM_DE_01_20240912195426.jpg
[2025-12-30 22:35:48] [ThreadPoolExecutor-0_3]   Processing image 24/84: CAM_DE_01_20240907143626_predseg_labels.png
[2025-12-30 22:36:14] [ThreadPoolExecutor-0_1]   Processing image 70/100: CAM_DE_01_20240908164226.jpg
[2025-12-30 22:36:14] [ThreadPoolExecutor-0_2]   Processing image 64/83: CAM_DE_01_20240909163025.jpg
[2025-12-30 22:36:22] [ThreadPoolExecutor-0_0]   Processing image 35/58: CAM_DE_01_20240912202426.jpg
[2025-12-30 22:36:25] [ThreadPoolExecutor-0_3]   Processing image 32/84: CAM_DE_01_20240907140626_predseg_labels.png
[2025-12-30 22:36:38] [ThreadPoolExecutor-0_3]   Processing image 40/84: CAM_DE_01_20240907190626_predseg_labels.png
[2025-12-30 22:36:39] [ThreadPoolExecutor-0_0]   Processing image 40/58: CAM_DE_01_20240912233407.jpg
[2025-12-30 22:36:41] [ThreadPoolExecutor-0_2]   Processing image 72/83: CAM_DE_01_20240909154226.jpg
[2025-12-30 22:36:48] [ThreadPoolExecutor-0_1]   Processing image 80/100: CAM_DE_01_20240908144226.jpg
[2025-12-30 22:36:50] [ThreadPoolExecutor-0_3]   Processing image 48/84: CAM_DE_01_20240907202426_predseg_labels.png
[2025-12-30 22:36:53] [ThreadPoolExecutor-0_0]   Processing image 45/58: CAM_DE_01_20240912194826.jpg
[2025-12-30 22:37:02] [ThreadPoolExecutor-0_3]   Processing image 56/84: CAM_DE_01_20240907150026_predseg_labels.png
[2025-12-30 22:37:05] [ThreadPoolExecutor-0_2]   Processing image 80/83: CAM_DE_01_20240909185426.jpg
[2025-12-30 22:37:09] [ThreadPoolExecutor-0_0]   Processing image 50/58: CAM_DE_01_20240912234010.jpg
[2025-12-30 22:37:15] [ThreadPoolExecutor-0_3]   Processing image 64/84: CAM_DE_01_20240907212426_predseg_labels.png
[2025-12-30 22:37:16] [ThreadPoolExecutor-0_2]   Processing image 83/83: CAM_DE_01_20240909171826.jpg
[2025-12-30 22:37:19] [ThreadPoolExecutor-0_2]   Successfully processed 83 images.
[2025-12-30 22:37:19] [ThreadPoolExecutor-0_2] === Batch Rectification Complete ===
[2025-12-30 22:37:19] [ThreadPoolExecutor-0_2] [DE_01_20240909143353_20240909225053] Rectifying labels from: labels
[2025-12-30 22:37:19] [ThreadPoolExecutor-0_2] 
=== Starting Batch Rectification ===
[2025-12-30 22:37:19] [ThreadPoolExecutor-0_2]   Source folder: /rsstu/users/k/kanarde/NASA-Sunnyverse/rmccune/poseidon/data/down_east/flood_events/DE_01_20240909143353_20240909225053/labels
[2025-12-30 22:37:19] [ThreadPoolExecutor-0_2]   Output Zarr store: /rsstu/users/k/kanarde/NASA-Sunnyverse/rmccune/poseidon/data/down_east/flood_events/DE_01_20240909143353_20240909225053/zarr/labels_rects
[2025-12-30 22:37:19] [ThreadPoolExecutor-0_1]   Processing image 90/100: CAM_DE_01_20240908141225.jpg
[2025-12-30 22:37:19] [ThreadPoolExecutor-0_2]   Found 83 images to process.
[2025-12-30 22:37:19] [ThreadPoolExecutor-0_2]   Processing image 1/83: CAM_DE_01_20240909194826_predseg_labels.png
[2025-12-30 22:37:24] [ThreadPoolExecutor-0_0]   Processing image 55/58: CAM_DE_01_20240912180625.jpg
[2025-12-30 22:37:27] [ThreadPoolExecutor-0_3]   Processing image 72/84: CAM_DE_01_20240907210025_predseg_labels.png
[2025-12-30 22:37:29] [ThreadPoolExecutor-0_2]   Processing image 8/83: CAM_DE_01_20240909205426_predseg_labels.png
[2025-12-30 22:37:34] [ThreadPoolExecutor-0_0]   Processing image 58/58: CAM_DE_01_20240912213026.jpg
[2025-12-30 22:37:37] [ThreadPoolExecutor-0_0]   Successfully processed 58 images.
[2025-12-30 22:37:37] [ThreadPoolExecutor-0_0] === Batch Rectification Complete ===
[2025-12-30 22:37:37] [ThreadPoolExecutor-0_0] [DE_01_20240912180350_20240913013350] Rectifying labels from: labels
[2025-12-30 22:37:37] [ThreadPoolExecutor-0_0] 
=== Starting Batch Rectification ===
[2025-12-30 22:37:37] [ThreadPoolExecutor-0_0]   Source folder: /rsstu/users/k/kanarde/NASA-Sunnyverse/rmccune/poseidon/data/down_east/flood_events/DE_01_20240912180350_20240913013350/labels
[2025-12-30 22:37:37] [ThreadPoolExecutor-0_0]   Output Zarr store: /rsstu/users/k/kanarde/NASA-Sunnyverse/rmccune/poseidon/data/down_east/flood_events/DE_01_20240912180350_20240913013350/zarr/labels_rects
[2025-12-30 22:37:37] [ThreadPoolExecutor-0_0]   Found 58 images to process.
[2025-12-30 22:37:37] [ThreadPoolExecutor-0_0]   Processing image 1/58: CAM_DE_01_20240912211226_predseg_labels.png
[2025-12-30 22:37:42] [ThreadPoolExecutor-0_3]   Processing image 80/84: CAM_DE_01_20240907134826_predseg_labels.png
[2025-12-30 22:37:45] [ThreadPoolExecutor-0_2]   Processing image 16/83: CAM_DE_01_20240909210025_predseg_labels.png
[2025-12-30 22:37:45] [ThreadPoolExecutor-0_0]   Processing image 5/58: CAM_DE_01_20240912231826_predseg_labels.png
[2025-12-30 22:37:49] [ThreadPoolExecutor-0_1]   Processing image 100/100: CAM_DE_01_20240908174225.jpg
[2025-12-30 22:37:49] [ThreadPoolExecutor-0_3]   Processing image 84/84: CAM_DE_01_20240907200625_predseg_labels.png
[2025-12-30 22:37:51] [ThreadPoolExecutor-0_3]   Successfully processed 84 images.
[2025-12-30 22:37:51] [ThreadPoolExecutor-0_3] === Batch Rectification Complete ===
[2025-12-30 22:37:51] [ThreadPoolExecutor-0_3] +++ Successfully processed event DE_01_20240907130344_20240907213616 +++
[2025-12-30 22:37:51] [ThreadPoolExecutor-0_3] --- Processing event: DE_01_20240913190445_20240914024845 ---
[2025-12-30 22:37:51] [ThreadPoolExecutor-0_3] [DE_01_20240913190445_20240914024845] Rectifying images from: orig_images
[2025-12-30 22:37:51] [ThreadPoolExecutor-0_3] 
=== Starting Batch Rectification ===
[2025-12-30 22:37:51] [ThreadPoolExecutor-0_3]   Source folder: /rsstu/users/k/kanarde/NASA-Sunnyverse/rmccune/poseidon/data/down_east/flood_events/DE_01_20240913190445_20240914024845/orig_images
[2025-12-30 22:37:51] [ThreadPoolExecutor-0_3]   Output Zarr store: /rsstu/users/k/kanarde/NASA-Sunnyverse/rmccune/poseidon/data/down_east/flood_events/DE_01_20240913190445_20240914024845/zarr/orig_image_rects
[2025-12-30 22:37:51] [ThreadPoolExecutor-0_3]   Found 49 images to process.
[2025-12-30 22:37:51] [ThreadPoolExecutor-0_3]   Processing image 1/49: CAM_DE_01_20240913194226.jpg
[2025-12-30 22:37:51] [ThreadPoolExecutor-0_1]   Successfully processed 100 images.
[2025-12-30 22:37:51] [ThreadPoolExecutor-0_1] === Batch Rectification Complete ===
[2025-12-30 22:37:51] [ThreadPoolExecutor-0_1] [DE_01_20240908125755_20240908225638] Rectifying labels from: labels
[2025-12-30 22:37:51] [ThreadPoolExecutor-0_1] 
=== Starting Batch Rectification ===
[2025-12-30 22:37:51] [ThreadPoolExecutor-0_1]   Source folder: /rsstu/users/k/kanarde/NASA-Sunnyverse/rmccune/poseidon/data/down_east/flood_events/DE_01_20240908125755_20240908225638/labels
[2025-12-30 22:37:51] [ThreadPoolExecutor-0_1]   Output Zarr store: /rsstu/users/k/kanarde/NASA-Sunnyverse/rmccune/poseidon/data/down_east/flood_events/DE_01_20240908125755_20240908225638/zarr/labels_rects
[2025-12-30 22:37:52] [ThreadPoolExecutor-0_1]   Found 100 images to process.
[2025-12-30 22:37:52] [ThreadPoolExecutor-0_1]   Processing image 1/100: CAM_DE_01_20240908204826_predseg_labels.png
[2025-12-30 22:37:55] [ThreadPoolExecutor-0_0]   Processing image 10/58: CAM_DE_01_20240912232806_predseg_labels.png
[2025-12-30 22:37:58] [ThreadPoolExecutor-0_3]   Processing image 4/49: CAM_DE_01_20240913203625.jpg
[2025-12-30 22:38:00] [ThreadPoolExecutor-0_2]   Processing image 24/83: CAM_DE_01_20240909180626_predseg_labels.png
[2025-12-30 22:38:04] [ThreadPoolExecutor-0_0]   Processing image 15/58: CAM_DE_01_20240912191226_predseg_labels.png
[2025-12-30 22:38:07] [ThreadPoolExecutor-0_1]   Processing image 10/100: CAM_DE_01_20240908200626_predseg_labels.png
[2025-12-30 22:38:07] [ThreadPoolExecutor-0_3]   Processing image 8/49: CAM_DE_01_20240913220626.jpg
[2025-12-30 22:38:12] [ThreadPoolExecutor-0_0]   Processing image 20/58: CAM_DE_01_20240912190025_predseg_labels.png
[2025-12-30 22:38:13] [ThreadPoolExecutor-0_2]   Processing image 32/83: CAM_DE_01_20240909214826_predseg_labels.png
[2025-12-30 22:38:16] [ThreadPoolExecutor-0_3]   Processing image 12/49: CAM_DE_01_20240913223026.jpg
[2025-12-30 22:38:21] [ThreadPoolExecutor-0_0]   Processing image 25/58: CAM_DE_01_20240912235845_predseg_labels.png
[2025-12-30 22:38:25] [ThreadPoolExecutor-0_1]   Processing image 20/100: CAM_DE_01_20240908143626_predseg_labels.png
[2025-12-30 22:38:26] [ThreadPoolExecutor-0_3]   Processing image 16/49: CAM_DE_01_20240913233408.jpg
[2025-12-30 22:38:29] [ThreadPoolExecutor-0_2]   Processing image 40/83: CAM_DE_01_20240909181825_predseg_labels.png
[2025-12-30 22:38:30] [ThreadPoolExecutor-0_0]   Processing image 30/58: CAM_DE_01_20240912201826_predseg_labels.png
[2025-12-30 22:38:35] [ThreadPoolExecutor-0_3]   Processing image 20/49: CAM_DE_01_20240913202426.jpg
[2025-12-30 22:38:39] [ThreadPoolExecutor-0_0]   Processing image 35/58: CAM_DE_01_20240912210025_predseg_labels.png
[2025-12-30 22:38:41] [ThreadPoolExecutor-0_1]   Processing image 30/100: CAM_DE_01_20240908212425_predseg_labels.png
[2025-12-30 22:38:43] [ThreadPoolExecutor-0_2]   Processing image 48/83: CAM_DE_01_20240909221825_predseg_labels.png
[2025-12-30 22:38:44] [ThreadPoolExecutor-0_3]   Processing image 24/49: CAM_DE_01_20240913200026.jpg
[2025-12-30 22:38:49] [ThreadPoolExecutor-0_0]   Processing image 40/58: CAM_DE_01_20240912214226_predseg_labels.png
[2025-12-30 22:38:55] [ThreadPoolExecutor-0_3]   Processing image 28/49: CAM_DE_01_20240913190625.jpg
[2025-12-30 22:38:58] [ThreadPoolExecutor-0_0]   Processing image 45/58: CAM_DE_01_20240912181225_predseg_labels.png
[2025-12-30 22:38:58] [ThreadPoolExecutor-0_2]   Processing image 56/83: CAM_DE_01_20240909215426_predseg_labels.png
[2025-12-30 22:39:00] [ThreadPoolExecutor-0_1]   Processing image 40/100: CAM_DE_01_20240908144226_predseg_labels.png
[2025-12-30 22:39:04] [ThreadPoolExecutor-0_3]   Processing image 32/49: CAM_DE_01_20240913191825.jpg
[2025-12-30 22:39:07] [ThreadPoolExecutor-0_0]   Processing image 50/58: CAM_DE_01_20240912191825_predseg_labels.png
[2025-12-30 22:39:12] [ThreadPoolExecutor-0_2]   Processing image 64/83: CAM_DE_01_20240909170026_predseg_labels.png
[2025-12-30 22:39:14] [ThreadPoolExecutor-0_3]   Processing image 36/49: CAM_DE_01_20240913224226.jpg
[2025-12-30 22:39:21] [ThreadPoolExecutor-0_0]   Processing image 55/58: CAM_DE_01_20240912203626_predseg_labels.png
[2025-12-30 22:39:34] [ThreadPoolExecutor-0_1]   Processing image 50/100: CAM_DE_01_20240908190026_predseg_labels.png
[2025-12-30 22:39:47] [ThreadPoolExecutor-0_0]   Processing image 58/58: CAM_DE_01_20240912184225_predseg_labels.png
[2025-12-30 22:39:49] [ThreadPoolExecutor-0_0]   Successfully processed 58 images.
[2025-12-30 22:39:49] [ThreadPoolExecutor-0_0] === Batch Rectification Complete ===
[2025-12-30 22:39:49] [ThreadPoolExecutor-0_0] +++ Successfully processed event DE_01_20240912180350_20240913013350 +++
[2025-12-30 22:39:49] [ThreadPoolExecutor-0_0] --- Processing event: DE_01_20240914175120_20240915054340 ---
[2025-12-30 22:39:49] [ThreadPoolExecutor-0_0] [DE_01_20240914175120_20240915054340] Rectifying images from: orig_images
[2025-12-30 22:39:49] [ThreadPoolExecutor-0_0] 
=== Starting Batch Rectification ===
[2025-12-30 22:39:49] [ThreadPoolExecutor-0_0]   Source folder: /rsstu/users/k/kanarde/NASA-Sunnyverse/rmccune/poseidon/data/down_east/flood_events/DE_01_20240914175120_20240915054340/orig_images
[2025-12-30 22:39:49] [ThreadPoolExecutor-0_0]   Output Zarr store: /rsstu/users/k/kanarde/NASA-Sunnyverse/rmccune/poseidon/data/down_east/flood_events/DE_01_20240914175120_20240915054340/zarr/orig_image_rects
[2025-12-30 22:39:49] [ThreadPoolExecutor-0_0]   Found 60 images to process.
[2025-12-30 22:39:49] [ThreadPoolExecutor-0_0]   Processing image 1/60: CAM_DE_01_20240914180025.jpg
[2025-12-30 22:39:50] [ThreadPoolExecutor-0_3]   Processing image 40/49: CAM_DE_01_20240913232806.jpg
[2025-12-30 22:39:52] [ThreadPoolExecutor-0_2]   Processing image 72/83: CAM_DE_01_20240909221226_predseg_labels.png
[2025-12-30 22:40:00] [ThreadPoolExecutor-0_1]   Processing image 60/100: CAM_DE_01_20240908210626_predseg_labels.png
[2025-12-30 22:40:01] [ThreadPoolExecutor-0_3]   Processing image 44/49: CAM_DE_01_20240913225426.jpg
[2025-12-30 22:40:04] [ThreadPoolExecutor-0_0]   Processing image 6/60: CAM_DE_01_20240914225426.jpg
[2025-12-30 22:40:04] [ThreadPoolExecutor-0_2]   Processing image 80/83: CAM_DE_01_20240909151226_predseg_labels.png
[2025-12-30 22:40:09] [ThreadPoolExecutor-0_2]   Processing image 83/83: CAM_DE_01_20240909175426_predseg_labels.png
[2025-12-30 22:40:10] [ThreadPoolExecutor-0_2]   Successfully processed 83 images.
[2025-12-30 22:40:10] [ThreadPoolExecutor-0_2] === Batch Rectification Complete ===
[2025-12-30 22:40:10] [ThreadPoolExecutor-0_2] +++ Successfully processed event DE_01_20240909143353_20240909225053 +++
[2025-12-30 22:40:10] [ThreadPoolExecutor-0_2] --- Processing event: DE_01_20240915073214_20240915161757 ---
[2025-12-30 22:40:10] [ThreadPoolExecutor-0_2] [DE_01_20240915073214_20240915161757] Rectifying images from: orig_images
[2025-12-30 22:40:10] [ThreadPoolExecutor-0_2] 
=== Starting Batch Rectification ===
[2025-12-30 22:40:10] [ThreadPoolExecutor-0_2]   Source folder: /rsstu/users/k/kanarde/NASA-Sunnyverse/rmccune/poseidon/data/down_east/flood_events/DE_01_20240915073214_20240915161757/orig_images
[2025-12-30 22:40:10] [ThreadPoolExecutor-0_2]   Output Zarr store: /rsstu/users/k/kanarde/NASA-Sunnyverse/rmccune/poseidon/data/down_east/flood_events/DE_01_20240915073214_20240915161757/zarr/orig_image_rects
[2025-12-30 22:40:10] [ThreadPoolExecutor-0_2]   Found 62 images to process.
[2025-12-30 22:40:10] [ThreadPoolExecutor-0_2]   Processing image 1/62: CAM_DE_01_20240915131226.jpg
[2025-12-30 22:40:14] [ThreadPoolExecutor-0_3]   Processing image 48/49: CAM_DE_01_20240913231226.jpg
[2025-12-30 22:40:16] [ThreadPoolExecutor-0_1]   Processing image 70/100: CAM_DE_01_20240908180626_predseg_labels.png
[2025-12-30 22:40:17] [ThreadPoolExecutor-0_3]   Processing image 49/49: CAM_DE_01_20240913200626.jpg
[2025-12-30 22:40:20] [ThreadPoolExecutor-0_3]   Successfully processed 49 images.
[2025-12-30 22:40:20] [ThreadPoolExecutor-0_3] === Batch Rectification Complete ===
[2025-12-30 22:40:20] [ThreadPoolExecutor-0_3] [DE_01_20240913190445_20240914024845] Rectifying labels from: labels
[2025-12-30 22:40:20] [ThreadPoolExecutor-0_3] 
=== Starting Batch Rectification ===
[2025-12-30 22:40:20] [ThreadPoolExecutor-0_3]   Source folder: /rsstu/users/k/kanarde/NASA-Sunnyverse/rmccune/poseidon/data/down_east/flood_events/DE_01_20240913190445_20240914024845/labels
[2025-12-30 22:40:20] [ThreadPoolExecutor-0_3]   Output Zarr store: /rsstu/users/k/kanarde/NASA-Sunnyverse/rmccune/poseidon/data/down_east/flood_events/DE_01_20240913190445_20240914024845/zarr/labels_rects
[2025-12-30 22:40:20] [ThreadPoolExecutor-0_3]   Found 49 images to process.
[2025-12-30 22:40:20] [ThreadPoolExecutor-0_3]   Processing image 1/49: CAM_DE_01_20240913230026_predseg_labels.png
[2025-12-30 22:40:22] [ThreadPoolExecutor-0_0]   Processing image 12/60: CAM_DE_01_20240914182425.jpg
[2025-12-30 22:40:24] [ThreadPoolExecutor-0_3]   Processing image 4/49: CAM_DE_01_20240913191225_predseg_labels.png
[2025-12-30 22:40:25] [ThreadPoolExecutor-0_2]   Processing image 6/62: CAM_DE_01_20240915144825.jpg
[2025-12-30 22:40:30] [ThreadPoolExecutor-0_3]   Processing image 8/49: CAM_DE_01_20240913213626_predseg_labels.png
[2025-12-30 22:40:30] [ThreadPoolExecutor-0_1]   Processing image 80/100: CAM_DE_01_20240908133626_predseg_labels.png
[2025-12-30 22:40:35] [ThreadPoolExecutor-0_3]   Processing image 12/49: CAM_DE_01_20240913210025_predseg_labels.png
[2025-12-30 22:40:38] [ThreadPoolExecutor-0_0]   Processing image 18/60: CAM_DE_01_20240914220026.jpg
[2025-12-30 22:40:40] [ThreadPoolExecutor-0_3]   Processing image 16/49: CAM_DE_01_20240913212425_predseg_labels.png
[2025-12-30 22:40:40] [ThreadPoolExecutor-0_2]   Processing image 12/62: CAM_DE_01_20240915104606.jpg
[2025-12-30 22:40:44] [ThreadPoolExecutor-0_1]   Processing image 90/100: CAM_DE_01_20240908171826_predseg_labels.png
[2025-12-30 22:40:46] [ThreadPoolExecutor-0_3]   Processing image 20/49: CAM_DE_01_20240913193026_predseg_labels.png
[2025-12-30 22:40:51] [ThreadPoolExecutor-0_3]   Processing image 24/49: CAM_DE_01_20240913233408_predseg_labels.png
[2025-12-30 22:40:55] [ThreadPoolExecutor-0_0]   Processing image 24/60: CAM_DE_01_20240914180626.jpg
[2025-12-30 22:40:57] [ThreadPoolExecutor-0_2]   Processing image 18/62: CAM_DE_01_20240915160025.jpg
[2025-12-30 22:40:57] [ThreadPoolExecutor-0_3]   Processing image 28/49: CAM_DE_01_20240913231226_predseg_labels.png
[2025-12-30 22:40:57] [ThreadPoolExecutor-0_1]   Processing image 100/100: CAM_DE_01_20240908135425_predseg_labels.png
[2025-12-30 22:40:59] [ThreadPoolExecutor-0_1]   Successfully processed 100 images.
[2025-12-30 22:40:59] [ThreadPoolExecutor-0_1] === Batch Rectification Complete ===
[2025-12-30 22:40:59] [ThreadPoolExecutor-0_1] +++ Successfully processed event DE_01_20240908125755_20240908225638 +++
[2025-12-30 22:40:59] [ThreadPoolExecutor-0_1] --- Processing event: DE_01_20240915181913_20240916072658 ---
[2025-12-30 22:40:59] [ThreadPoolExecutor-0_1] [DE_01_20240915181913_20240916072658] Rectifying images from: orig_images
[2025-12-30 22:40:59] [ThreadPoolExecutor-0_1] 
=== Starting Batch Rectification ===
[2025-12-30 22:40:59] [ThreadPoolExecutor-0_1]   Source folder: /rsstu/users/k/kanarde/NASA-Sunnyverse/rmccune/poseidon/data/down_east/flood_events/DE_01_20240915181913_20240916072658/orig_images
[2025-12-30 22:40:59] [ThreadPoolExecutor-0_1]   Output Zarr store: /rsstu/users/k/kanarde/NASA-Sunnyverse/rmccune/poseidon/data/down_east/flood_events/DE_01_20240915181913_20240916072658/zarr/orig_image_rects
[2025-12-30 22:40:59] [ThreadPoolExecutor-0_1]   Found 56 images to process.
[2025-12-30 22:40:59] [ThreadPoolExecutor-0_1]   Processing image 1/56: CAM_DE_01_20240915183025.jpg
[2025-12-30 22:41:04] [ThreadPoolExecutor-0_3]   Processing image 32/49: CAM_DE_01_20240913214225_predseg_labels.png
[2025-12-30 22:41:09] [ThreadPoolExecutor-0_3]   Processing image 36/49: CAM_DE_01_20240913222426_predseg_labels.png
[2025-12-30 22:41:10] [ThreadPoolExecutor-0_0]   Processing image 30/60: CAM_DE_01_20240914215425.jpg
[2025-12-30 22:41:10] [ThreadPoolExecutor-0_1]   Processing image 5/56: CAM_DE_01_20240915183625.jpg
[2025-12-30 22:41:12] [ThreadPoolExecutor-0_2]   Processing image 24/62: CAM_DE_01_20240915101056.jpg
[2025-12-30 22:41:14] [ThreadPoolExecutor-0_3]   Processing image 40/49: CAM_DE_01_20240913220025_predseg_labels.png
[2025-12-30 22:41:19] [ThreadPoolExecutor-0_3]   Processing image 44/49: CAM_DE_01_20240913230626_predseg_labels.png
[2025-12-30 22:41:22] [ThreadPoolExecutor-0_1]   Processing image 10/56: CAM_DE_01_20240915204826.jpg
[2025-12-30 22:41:24] [ThreadPoolExecutor-0_3]   Processing image 48/49: CAM_DE_01_20240913232806_predseg_labels.png
[2025-12-30 22:41:25] [ThreadPoolExecutor-0_0]   Processing image 36/60: CAM_DE_01_20240914214826.jpg
[2025-12-30 22:41:25] [ThreadPoolExecutor-0_3]   Processing image 49/49: CAM_DE_01_20240913215426_predseg_labels.png
[2025-12-30 22:41:27] [ThreadPoolExecutor-0_3]   Successfully processed 49 images.
[2025-12-30 22:41:27] [ThreadPoolExecutor-0_3] === Batch Rectification Complete ===
[2025-12-30 22:41:27] [ThreadPoolExecutor-0_3] +++ Successfully processed event DE_01_20240913190445_20240914024845 +++
[2025-12-30 22:41:27] [ThreadPoolExecutor-0_3] --- Processing event: DE_01_20240916062308_20240916184521 ---
[2025-12-30 22:41:27] [ThreadPoolExecutor-0_3] [DE_01_20240916062308_20240916184521] Rectifying images from: orig_images
[2025-12-30 22:41:27] [ThreadPoolExecutor-0_3] 
=== Starting Batch Rectification ===
[2025-12-30 22:41:27] [ThreadPoolExecutor-0_3]   Source folder: /rsstu/users/k/kanarde/NASA-Sunnyverse/rmccune/poseidon/data/down_east/flood_events/DE_01_20240916062308_20240916184521/orig_images
[2025-12-30 22:41:27] [ThreadPoolExecutor-0_3]   Output Zarr store: /rsstu/users/k/kanarde/NASA-Sunnyverse/rmccune/poseidon/data/down_east/flood_events/DE_01_20240916062308_20240916184521/zarr/orig_image_rects
[2025-12-30 22:41:27] [ThreadPoolExecutor-0_3]   Found 85 images to process.
[2025-12-30 22:41:27] [ThreadPoolExecutor-0_3]   Processing image 1/85: CAM_DE_01_20240916113626.jpg
[2025-12-30 22:41:28] [ThreadPoolExecutor-0_2]   Processing image 30/62: CAM_DE_01_20240915144225.jpg
[2025-12-30 22:41:35] [ThreadPoolExecutor-0_1]   Processing image 15/56: CAM_DE_01_20240915220625.jpg
[2025-12-30 22:41:40] [ThreadPoolExecutor-0_0]   Processing image 42/60: CAM_DE_01_20240914183626.jpg
[2025-12-30 22:41:43] [ThreadPoolExecutor-0_3]   Processing image 8/85: CAM_DE_01_20240916182426.jpg
[2025-12-30 22:41:43] [ThreadPoolExecutor-0_2]   Processing image 36/62: CAM_DE_01_20240915110626.jpg
[2025-12-30 22:41:48] [ThreadPoolExecutor-0_1]   Processing image 20/56: CAM_DE_01_20240915193625.jpg
[2025-12-30 22:41:55] [ThreadPoolExecutor-0_0]   Processing image 48/60: CAM_DE_01_20240914201226.jpg
[2025-12-30 22:41:58] [ThreadPoolExecutor-0_2]   Processing image 42/62: CAM_DE_01_20240915121825.jpg
[2025-12-30 22:42:01] [ThreadPoolExecutor-0_1]   Processing image 25/56: CAM_DE_01_20240915231225.jpg
[2025-12-30 22:42:04] [ThreadPoolExecutor-0_3]   Processing image 16/85: CAM_DE_01_20240916123026.jpg
[2025-12-30 22:42:10] [ThreadPoolExecutor-0_0]   Processing image 54/60: CAM_DE_01_20240914221225.jpg
[2025-12-30 22:42:13] [ThreadPoolExecutor-0_2]   Processing image 48/62: CAM_DE_01_20240915111226.jpg
[2025-12-30 22:42:13] [ThreadPoolExecutor-0_1]   Processing image 30/56: CAM_DE_01_20240915203026.jpg
[2025-12-30 22:42:23] [ThreadPoolExecutor-0_3]   Processing image 24/85: CAM_DE_01_20240916143626.jpg
[2025-12-30 22:42:26] [ThreadPoolExecutor-0_0]   Processing image 60/60: CAM_DE_01_20240914211226.jpg
[2025-12-30 22:42:26] [ThreadPoolExecutor-0_1]   Processing image 35/56: CAM_DE_01_20240915221225.jpg
[2025-12-30 22:42:29] [ThreadPoolExecutor-0_0]   Successfully processed 60 images.
[2025-12-30 22:42:29] [ThreadPoolExecutor-0_0] === Batch Rectification Complete ===
[2025-12-30 22:42:29] [ThreadPoolExecutor-0_0] [DE_01_20240914175120_20240915054340] Rectifying labels from: labels
[2025-12-30 22:42:29] [ThreadPoolExecutor-0_0] 
=== Starting Batch Rectification ===
[2025-12-30 22:42:29] [ThreadPoolExecutor-0_0]   Source folder: /rsstu/users/k/kanarde/NASA-Sunnyverse/rmccune/poseidon/data/down_east/flood_events/DE_01_20240914175120_20240915054340/labels
[2025-12-30 22:42:29] [ThreadPoolExecutor-0_0]   Output Zarr store: /rsstu/users/k/kanarde/NASA-Sunnyverse/rmccune/poseidon/data/down_east/flood_events/DE_01_20240914175120_20240915054340/zarr/labels_rects
[2025-12-30 22:42:29] [ThreadPoolExecutor-0_2]   Processing image 54/62: CAM_DE_01_20240915125425.jpg
[2025-12-30 22:42:29] [ThreadPoolExecutor-0_0]   Found 60 images to process.
[2025-12-30 22:42:29] [ThreadPoolExecutor-0_0]   Processing image 1/60: CAM_DE_01_20240914212426_predseg_labels.png
[2025-12-30 22:42:37] [ThreadPoolExecutor-0_0]   Processing image 6/60: CAM_DE_01_20240914233409_predseg_labels.png
[2025-12-30 22:42:40] [ThreadPoolExecutor-0_1]   Processing image 40/56: CAM_DE_01_20240915230625.jpg
[2025-12-30 22:42:45] [ThreadPoolExecutor-0_0]   Processing image 12/60: CAM_DE_01_20240914215425_predseg_labels.png
[2025-12-30 22:42:46] [ThreadPoolExecutor-0_3]   Processing image 32/85: CAM_DE_01_20240916174825.jpg
[2025-12-30 22:42:46] [ThreadPoolExecutor-0_2]   Processing image 60/62: CAM_DE_01_20240915141826.jpg
[2025-12-30 22:42:52] [ThreadPoolExecutor-0_2]   Processing image 62/62: CAM_DE_01_20240915153026.jpg
[2025-12-30 22:42:54] [ThreadPoolExecutor-0_0]   Processing image 18/60: CAM_DE_01_20240914235237_predseg_labels.png
[2025-12-30 22:42:55] [ThreadPoolExecutor-0_1]   Processing image 45/56: CAM_DE_01_20240915212426.jpg
[2025-12-30 22:42:55] [ThreadPoolExecutor-0_2]   Successfully processed 62 images.
[2025-12-30 22:42:55] [ThreadPoolExecutor-0_2] === Batch Rectification Complete ===
[2025-12-30 22:42:55] [ThreadPoolExecutor-0_2] [DE_01_20240915073214_20240915161757] Rectifying labels from: labels
[2025-12-30 22:42:55] [ThreadPoolExecutor-0_2] 
=== Starting Batch Rectification ===
[2025-12-30 22:42:55] [ThreadPoolExecutor-0_2]   Source folder: /rsstu/users/k/kanarde/NASA-Sunnyverse/rmccune/poseidon/data/down_east/flood_events/DE_01_20240915073214_20240915161757/labels
[2025-12-30 22:42:55] [ThreadPoolExecutor-0_2]   Output Zarr store: /rsstu/users/k/kanarde/NASA-Sunnyverse/rmccune/poseidon/data/down_east/flood_events/DE_01_20240915073214_20240915161757/zarr/labels_rects
[2025-12-30 22:42:55] [ThreadPoolExecutor-0_2]   Found 62 images to process.
[2025-12-30 22:42:55] [ThreadPoolExecutor-0_2]   Processing image 1/62: CAM_DE_01_20240915140025_predseg_labels.png
[2025-12-30 22:43:03] [ThreadPoolExecutor-0_2]   Processing image 6/62: CAM_DE_01_20240915110626_predseg_labels.png
[2025-12-30 22:43:03] [ThreadPoolExecutor-0_0]   Processing image 24/60: CAM_DE_01_20240914213025_predseg_labels.png
[2025-12-30 22:43:10] [ThreadPoolExecutor-0_3]   Processing image 40/85: CAM_DE_01_20240916161226.jpg
[2025-12-30 22:43:10] [ThreadPoolExecutor-0_1]   Processing image 50/56: CAM_DE_01_20240915223025.jpg
[2025-12-30 22:43:12] [ThreadPoolExecutor-0_0]   Processing image 30/60: CAM_DE_01_20240914232806_predseg_labels.png
[2025-12-30 22:43:12] [ThreadPoolExecutor-0_2]   Processing image 12/62: CAM_DE_01_20240915153026_predseg_labels.png
[2025-12-30 22:43:21] [ThreadPoolExecutor-0_0]   Processing image 36/60: CAM_DE_01_20240914204225_predseg_labels.png
[2025-12-30 22:43:21] [ThreadPoolExecutor-0_2]   Processing image 18/62: CAM_DE_01_20240915130025_predseg_labels.png
[2025-12-30 22:43:24] [ThreadPoolExecutor-0_1]   Processing image 55/56: CAM_DE_01_20240915214226.jpg
[2025-12-30 22:43:49] [ThreadPoolExecutor-0_1]   Processing image 56/56: CAM_DE_01_20240915202426.jpg
[2025-12-30 22:43:53] [ThreadPoolExecutor-0_1]   Successfully processed 56 images.
[2025-12-30 22:43:53] [ThreadPoolExecutor-0_1] === Batch Rectification Complete ===
[2025-12-30 22:43:53] [ThreadPoolExecutor-0_1] [DE_01_20240915181913_20240916072658] Rectifying labels from: labels
[2025-12-30 22:43:53] [ThreadPoolExecutor-0_1] 
=== Starting Batch Rectification ===
[2025-12-30 22:43:53] [ThreadPoolExecutor-0_1]   Source folder: /rsstu/users/k/kanarde/NASA-Sunnyverse/rmccune/poseidon/data/down_east/flood_events/DE_01_20240915181913_20240916072658/labels
[2025-12-30 22:43:53] [ThreadPoolExecutor-0_1]   Output Zarr store: /rsstu/users/k/kanarde/NASA-Sunnyverse/rmccune/poseidon/data/down_east/flood_events/DE_01_20240915181913_20240916072658/zarr/labels_rects
[2025-12-30 22:43:53] [ThreadPoolExecutor-0_1]   Found 56 images to process.
[2025-12-30 22:43:53] [ThreadPoolExecutor-0_1]   Processing image 1/56: CAM_DE_01_20240915201225_predseg_labels.png
[2025-12-30 22:43:53] [ThreadPoolExecutor-0_2]   Processing image 24/62: CAM_DE_01_20240915113625_predseg_labels.png
[2025-12-30 22:43:53] [ThreadPoolExecutor-0_0]   Processing image 42/60: CAM_DE_01_20240914191826_predseg_labels.png
[2025-12-30 22:43:57] [ThreadPoolExecutor-0_3]   Processing image 48/85: CAM_DE_01_20240916140625.jpg
[2025-12-30 22:44:01] [ThreadPoolExecutor-0_1]   Processing image 5/56: CAM_DE_01_20240915231826_predseg_labels.png
[2025-12-30 22:44:05] [ThreadPoolExecutor-0_2]   Processing image 30/62: CAM_DE_01_20240915131226_predseg_labels.png
[2025-12-30 22:44:05] [ThreadPoolExecutor-0_0]   Processing image 48/60: CAM_DE_01_20240914224825_predseg_labels.png
[2025-12-30 22:44:10] [ThreadPoolExecutor-0_1]   Processing image 10/56: CAM_DE_01_20240915205426_predseg_labels.png
[2025-12-30 22:44:12] [ThreadPoolExecutor-0_3]   Processing image 56/85: CAM_DE_01_20240916111226.jpg
[2025-12-30 22:44:16] [ThreadPoolExecutor-0_2]   Processing image 36/62: CAM_DE_01_20240915123025_predseg_labels.png
[2025-12-30 22:44:16] [ThreadPoolExecutor-0_0]   Processing image 54/60: CAM_DE_01_20240914185426_predseg_labels.png
[2025-12-30 22:44:19] [ThreadPoolExecutor-0_1]   Processing image 15/56: CAM_DE_01_20240915204225_predseg_labels.png
[2025-12-30 22:44:26] [ThreadPoolExecutor-0_0]   Processing image 60/60: CAM_DE_01_20240914194226_predseg_labels.png
[2025-12-30 22:44:26] [ThreadPoolExecutor-0_2]   Processing image 42/62: CAM_DE_01_20240915101056_predseg_labels.png
[2025-12-30 22:44:28] [ThreadPoolExecutor-0_0]   Successfully processed 60 images.
[2025-12-30 22:44:28] [ThreadPoolExecutor-0_0] === Batch Rectification Complete ===
[2025-12-30 22:44:28] [ThreadPoolExecutor-0_0] +++ Successfully processed event DE_01_20240914175120_20240915054340 +++
[2025-12-30 22:44:28] [ThreadPoolExecutor-0_0] --- Processing event: DE_01_20240916130121_20240916192905 ---
[2025-12-30 22:44:28] [ThreadPoolExecutor-0_1]   Processing image 20/56: CAM_DE_01_20240915201825_predseg_labels.png
[2025-12-30 22:44:28] [ThreadPoolExecutor-0_0] [DE_01_20240916130121_20240916192905] Rectifying images from: orig_images
[2025-12-30 22:44:28] [ThreadPoolExecutor-0_0] 
=== Starting Batch Rectification ===
[2025-12-30 22:44:28] [ThreadPoolExecutor-0_0]   Source folder: /rsstu/users/k/kanarde/NASA-Sunnyverse/rmccune/poseidon/data/down_east/flood_events/DE_01_20240916130121_20240916192905/orig_images
[2025-12-30 22:44:28] [ThreadPoolExecutor-0_0]   Output Zarr store: /rsstu/users/k/kanarde/NASA-Sunnyverse/rmccune/poseidon/data/down_east/flood_events/DE_01_20240916130121_20240916192905/zarr/orig_image_rects
[2025-12-30 22:44:28] [ThreadPoolExecutor-0_0]   Found 64 images to process.
[2025-12-30 22:44:28] [ThreadPoolExecutor-0_0]   Processing image 1/64: CAM_DE_01_20240916151825.jpg
[2025-12-30 22:44:34] [ThreadPoolExecutor-0_3]   Processing image 64/85: CAM_DE_01_20240916102236.jpg
[2025-12-30 22:44:36] [ThreadPoolExecutor-0_2]   Processing image 48/62: CAM_DE_01_20240915134226_predseg_labels.png
[2025-12-30 22:44:36] [ThreadPoolExecutor-0_1]   Processing image 25/56: CAM_DE_01_20240915210625_predseg_labels.png
[2025-12-30 22:44:43] [ThreadPoolExecutor-0_0]   Processing image 6/64: CAM_DE_01_20240916143025.jpg
[2025-12-30 22:44:43] [ThreadPoolExecutor-0_1]   Processing image 30/56: CAM_DE_01_20240915212426_predseg_labels.png
[2025-12-30 22:44:45] [ThreadPoolExecutor-0_2]   Processing image 54/62: CAM_DE_01_20240915104606_predseg_labels.png
[2025-12-30 22:44:51] [ThreadPoolExecutor-0_1]   Processing image 35/56: CAM_DE_01_20240915220625_predseg_labels.png
[2025-12-30 22:44:54] [ThreadPoolExecutor-0_2]   Processing image 60/62: CAM_DE_01_20240915142425_predseg_labels.png
[2025-12-30 22:44:57] [ThreadPoolExecutor-0_2]   Processing image 62/62: CAM_DE_01_20240915120026_predseg_labels.png
[2025-12-30 22:44:58] [ThreadPoolExecutor-0_3]   Processing image 72/85: CAM_DE_01_20240916164225.jpg
[2025-12-30 22:44:58] [ThreadPoolExecutor-0_1]   Processing image 40/56: CAM_DE_01_20240915221225_predseg_labels.png
[2025-12-30 22:44:58] [ThreadPoolExecutor-0_2]   Successfully processed 62 images.
[2025-12-30 22:44:58] [ThreadPoolExecutor-0_2] === Batch Rectification Complete ===
[2025-12-30 22:44:58] [ThreadPoolExecutor-0_2] +++ Successfully processed event DE_01_20240915073214_20240915161757 +++
[2025-12-30 22:44:58] [ThreadPoolExecutor-0_2] --- Processing event: DE_01_20240916173742_20240917080648 ---
[2025-12-30 22:44:58] [ThreadPoolExecutor-0_2] [DE_01_20240916173742_20240917080648] Rectifying images from: orig_images
[2025-12-30 22:44:58] [ThreadPoolExecutor-0_2] 
=== Starting Batch Rectification ===
[2025-12-30 22:44:58] [ThreadPoolExecutor-0_2]   Source folder: /rsstu/users/k/kanarde/NASA-Sunnyverse/rmccune/poseidon/data/down_east/flood_events/DE_01_20240916173742_20240917080648/orig_images
[2025-12-30 22:44:58] [ThreadPoolExecutor-0_2]   Output Zarr store: /rsstu/users/k/kanarde/NASA-Sunnyverse/rmccune/poseidon/data/down_east/flood_events/DE_01_20240916173742_20240917080648/zarr/orig_image_rects
[2025-12-30 22:44:58] [ThreadPoolExecutor-0_2]   Found 61 images to process.
[2025-12-30 22:44:58] [ThreadPoolExecutor-0_2]   Processing image 1/61: CAM_DE_01_20240916223026.jpg
[2025-12-30 22:45:01] [ThreadPoolExecutor-0_0]   Processing image 12/64: CAM_DE_01_20240916150625.jpg
[2025-12-30 22:45:06] [ThreadPoolExecutor-0_1]   Processing image 45/56: CAM_DE_01_20240915182425_predseg_labels.png
[2025-12-30 22:45:13] [ThreadPoolExecutor-0_1]   Processing image 50/56: CAM_DE_01_20240915233408_predseg_labels.png
[2025-12-30 22:45:13] [ThreadPoolExecutor-0_2]   Processing image 6/61: CAM_DE_01_20240916200026.jpg
[2025-12-30 22:45:18] [ThreadPoolExecutor-0_0]   Processing image 18/64: CAM_DE_01_20240916163626.jpg
[2025-12-30 22:45:20] [ThreadPoolExecutor-0_1]   Processing image 55/56: CAM_DE_01_20240915235857_predseg_labels.png
[2025-12-30 22:45:21] [ThreadPoolExecutor-0_3]   Processing image 80/85: CAM_DE_01_20240916125425.jpg
[2025-12-30 22:45:21] [ThreadPoolExecutor-0_1]   Processing image 56/56: CAM_DE_01_20240915235319_predseg_labels.png
[2025-12-30 22:45:23] [ThreadPoolExecutor-0_1]   Successfully processed 56 images.
[2025-12-30 22:45:23] [ThreadPoolExecutor-0_1] === Batch Rectification Complete ===
[2025-12-30 22:45:23] [ThreadPoolExecutor-0_1] +++ Successfully processed event DE_01_20240915181913_20240916072658 +++
[2025-12-30 22:45:23] [ThreadPoolExecutor-0_1] --- Processing event: DE_01_20240917073044_20240917192156 ---
[2025-12-30 22:45:23] [ThreadPoolExecutor-0_1] [DE_01_20240917073044_20240917192156] Rectifying images from: orig_images
[2025-12-30 22:45:23] [ThreadPoolExecutor-0_1] 
=== Starting Batch Rectification ===
[2025-12-30 22:45:23] [ThreadPoolExecutor-0_1]   Source folder: /rsstu/users/k/kanarde/NASA-Sunnyverse/rmccune/poseidon/data/down_east/flood_events/DE_01_20240917073044_20240917192156/orig_images
[2025-12-30 22:45:23] [ThreadPoolExecutor-0_1]   Output Zarr store: /rsstu/users/k/kanarde/NASA-Sunnyverse/rmccune/poseidon/data/down_east/flood_events/DE_01_20240917073044_20240917192156/zarr/orig_image_rects
[2025-12-30 22:45:23] [ThreadPoolExecutor-0_1]   Found 31 images to process.
[2025-12-30 22:45:23] [ThreadPoolExecutor-0_1]   Processing image 1/31: CAM_DE_01_20240917124825.jpg
[2025-12-30 22:45:28] [ThreadPoolExecutor-0_1]   Processing image 3/31: CAM_DE_01_20240917130625.jpg
[2025-12-30 22:45:29] [ThreadPoolExecutor-0_2]   Processing image 12/61: CAM_DE_01_20240916214826.jpg
[2025-12-30 22:45:35] [ThreadPoolExecutor-0_3]   Processing image 85/85: CAM_DE_01_20240916133025.jpg
[2025-12-30 22:45:35] [ThreadPoolExecutor-0_1]   Processing image 6/31: CAM_DE_01_20240917120026.jpg
[2025-12-30 22:45:35] [ThreadPoolExecutor-0_0]   Processing image 24/64: CAM_DE_01_20240916144825.jpg
[2025-12-30 22:45:38] [ThreadPoolExecutor-0_3]   Successfully processed 85 images.
[2025-12-30 22:45:38] [ThreadPoolExecutor-0_3] === Batch Rectification Complete ===
[2025-12-30 22:45:38] [ThreadPoolExecutor-0_3] [DE_01_20240916062308_20240916184521] Rectifying labels from: labels
[2025-12-30 22:45:38] [ThreadPoolExecutor-0_3] 
=== Starting Batch Rectification ===
[2025-12-30 22:45:38] [ThreadPoolExecutor-0_3]   Source folder: /rsstu/users/k/kanarde/NASA-Sunnyverse/rmccune/poseidon/data/down_east/flood_events/DE_01_20240916062308_20240916184521/labels
[2025-12-30 22:45:38] [ThreadPoolExecutor-0_3]   Output Zarr store: /rsstu/users/k/kanarde/NASA-Sunnyverse/rmccune/poseidon/data/down_east/flood_events/DE_01_20240916062308_20240916184521/zarr/labels_rects
[2025-12-30 22:45:38] [ThreadPoolExecutor-0_3]   Found 85 images to process.
[2025-12-30 22:45:38] [ThreadPoolExecutor-0_3]   Processing image 1/85: CAM_DE_01_20240916121825_predseg_labels.png
[2025-12-30 22:45:45] [ThreadPoolExecutor-0_1]   Processing image 9/31: CAM_DE_01_20240917105425.jpg
[2025-12-30 22:45:48] [ThreadPoolExecutor-0_2]   Processing image 18/61: CAM_DE_01_20240916213625.jpg
[2025-12-30 22:45:50] [ThreadPoolExecutor-0_3]   Processing image 8/85: CAM_DE_01_20240916163026_predseg_labels.png
[2025-12-30 22:45:54] [ThreadPoolExecutor-0_0]   Processing image 30/64: CAM_DE_01_20240916131225.jpg
[2025-12-30 22:45:54] [ThreadPoolExecutor-0_1]   Processing image 12/31: CAM_DE_01_20240917124226.jpg
[2025-12-30 22:46:03] [ThreadPoolExecutor-0_3]   Processing image 16/85: CAM_DE_01_20240916144226_predseg_labels.png
[2025-12-30 22:46:04] [ThreadPoolExecutor-0_1]   Processing image 15/31: CAM_DE_01_20240917123626.jpg
[2025-12-30 22:46:07] [ThreadPoolExecutor-0_2]   Processing image 24/61: CAM_DE_01_20240916214226.jpg
[2025-12-30 22:46:12] [ThreadPoolExecutor-0_1]   Processing image 18/31: CAM_DE_01_20240917113626.jpg
[2025-12-30 22:46:12] [ThreadPoolExecutor-0_0]   Processing image 36/64: CAM_DE_01_20240916140625.jpg
[2025-12-30 22:46:14] [ThreadPoolExecutor-0_3]   Processing image 24/85: CAM_DE_01_20240916170026_predseg_labels.png
[2025-12-30 22:46:20] [ThreadPoolExecutor-0_1]   Processing image 21/31: CAM_DE_01_20240917122426.jpg
[2025-12-30 22:46:23] [ThreadPoolExecutor-0_2]   Processing image 30/61: CAM_DE_01_20240916224826.jpg
[2025-12-30 22:46:25] [ThreadPoolExecutor-0_3]   Processing image 32/85: CAM_DE_01_20240916121226_predseg_labels.png
[2025-12-30 22:46:29] [ThreadPoolExecutor-0_1]   Processing image 24/31: CAM_DE_01_20240917100457.jpg
[2025-12-30 22:46:29] [ThreadPoolExecutor-0_0]   Processing image 42/64: CAM_DE_01_20240916184826.jpg
[2025-12-30 22:47:06] [ThreadPoolExecutor-0_3]   Processing image 40/85: CAM_DE_01_20240916105206_predseg_labels.png
[2025-12-30 22:47:07] [ThreadPoolExecutor-0_1]   Processing image 27/31: CAM_DE_01_20240917101059.jpg
[2025-12-30 22:47:09] [ThreadPoolExecutor-0_2]   Processing image 36/61: CAM_DE_01_20240916212426.jpg
[2025-12-30 22:47:15] [ThreadPoolExecutor-0_0]   Processing image 48/64: CAM_DE_01_20240916154826.jpg
[2025-12-30 22:47:15] [ThreadPoolExecutor-0_1]   Processing image 30/31: CAM_DE_01_20240917102224.jpg
[2025-12-30 22:47:17] [ThreadPoolExecutor-0_3]   Processing image 48/85: CAM_DE_01_20240916123026_predseg_labels.png
[2025-12-30 22:47:18] [ThreadPoolExecutor-0_1]   Processing image 31/31: CAM_DE_01_20240917110625.jpg
[2025-12-30 22:47:20] [ThreadPoolExecutor-0_1]   Successfully processed 31 images.
[2025-12-30 22:47:20] [ThreadPoolExecutor-0_1] === Batch Rectification Complete ===
[2025-12-30 22:47:20] [ThreadPoolExecutor-0_1] [DE_01_20240917073044_20240917192156] Rectifying labels from: labels
[2025-12-30 22:47:20] [ThreadPoolExecutor-0_1] 
=== Starting Batch Rectification ===
[2025-12-30 22:47:20] [ThreadPoolExecutor-0_1]   Source folder: /rsstu/users/k/kanarde/NASA-Sunnyverse/rmccune/poseidon/data/down_east/flood_events/DE_01_20240917073044_20240917192156/labels
[2025-12-30 22:47:20] [ThreadPoolExecutor-0_1]   Output Zarr store: /rsstu/users/k/kanarde/NASA-Sunnyverse/rmccune/poseidon/data/down_east/flood_events/DE_01_20240917073044_20240917192156/zarr/labels_rects
[2025-12-30 22:47:20] [ThreadPoolExecutor-0_1]   Found 31 images to process.
[2025-12-30 22:47:20] [ThreadPoolExecutor-0_1]   Processing image 1/31: CAM_DE_01_20240917103407_predseg_labels.png
[2025-12-30 22:47:24] [ThreadPoolExecutor-0_1]   Processing image 3/31: CAM_DE_01_20240917101059_predseg_labels.png
[2025-12-30 22:47:27] [ThreadPoolExecutor-0_2]   Processing image 42/61: CAM_DE_01_20240916175426.jpg
[2025-12-30 22:47:28] [ThreadPoolExecutor-0_1]   Processing image 6/31: CAM_DE_01_20240917102224_predseg_labels.png
[2025-12-30 22:47:28] [ThreadPoolExecutor-0_3]   Processing image 56/85: CAM_DE_01_20240916114226_predseg_labels.png
[2025-12-30 22:47:33] [ThreadPoolExecutor-0_0]   Processing image 54/64: CAM_DE_01_20240916170026.jpg
[2025-12-30 22:47:34] [ThreadPoolExecutor-0_1]   Processing image 9/31: CAM_DE_01_20240917124825_predseg_labels.png
[2025-12-30 22:47:38] [ThreadPoolExecutor-0_1]   Processing image 12/31: CAM_DE_01_20240917121826_predseg_labels.png
[2025-12-30 22:47:42] [ThreadPoolExecutor-0_3]   Processing image 64/85: CAM_DE_01_20240916171226_predseg_labels.png
[2025-12-30 22:47:43] [ThreadPoolExecutor-0_1]   Processing image 15/31: CAM_DE_01_20240917104006_predseg_labels.png
[2025-12-30 22:47:45] [ThreadPoolExecutor-0_2]   Processing image 48/61: CAM_DE_01_20240916230026.jpg
[2025-12-30 22:47:48] [ThreadPoolExecutor-0_1]   Processing image 18/31: CAM_DE_01_20240917120026_predseg_labels.png
[2025-12-30 22:47:49] [ThreadPoolExecutor-0_0]   Processing image 60/64: CAM_DE_01_20240916155425.jpg
[2025-12-30 22:47:52] [ThreadPoolExecutor-0_1]   Processing image 21/31: CAM_DE_01_20240917124226_predseg_labels.png
[2025-12-30 22:47:54] [ThreadPoolExecutor-0_3]   Processing image 72/85: CAM_DE_01_20240916165426_predseg_labels.png
[2025-12-30 22:47:57] [ThreadPoolExecutor-0_1]   Processing image 24/31: CAM_DE_01_20240917123626_predseg_labels.png
[2025-12-30 22:48:01] [ThreadPoolExecutor-0_2]   Processing image 54/61: CAM_DE_01_20240916215425.jpg
[2025-12-30 22:48:01] [ThreadPoolExecutor-0_0]   Processing image 64/64: CAM_DE_01_20240916133025.jpg
[2025-12-30 22:48:01] [ThreadPoolExecutor-0_1]   Processing image 27/31: CAM_DE_01_20240917102811_predseg_labels.png
[2025-12-30 22:48:04] [ThreadPoolExecutor-0_0]   Successfully processed 64 images.
[2025-12-30 22:48:04] [ThreadPoolExecutor-0_0] === Batch Rectification Complete ===
[2025-12-30 22:48:04] [ThreadPoolExecutor-0_0] [DE_01_20240916130121_20240916192905] Rectifying labels from: labels
[2025-12-30 22:48:04] [ThreadPoolExecutor-0_0] 
=== Starting Batch Rectification ===
[2025-12-30 22:48:04] [ThreadPoolExecutor-0_0]   Source folder: /rsstu/users/k/kanarde/NASA-Sunnyverse/rmccune/poseidon/data/down_east/flood_events/DE_01_20240916130121_20240916192905/labels
[2025-12-30 22:48:04] [ThreadPoolExecutor-0_0]   Output Zarr store: /rsstu/users/k/kanarde/NASA-Sunnyverse/rmccune/poseidon/data/down_east/flood_events/DE_01_20240916130121_20240916192905/zarr/labels_rects
[2025-12-30 22:48:04] [ThreadPoolExecutor-0_0]   Found 64 images to process.
[2025-12-30 22:48:04] [ThreadPoolExecutor-0_0]   Processing image 1/64: CAM_DE_01_20240916152426_predseg_labels.png
[2025-12-30 22:48:06] [ThreadPoolExecutor-0_1]   Processing image 30/31: CAM_DE_01_20240917110625_predseg_labels.png
[2025-12-30 22:48:06] [ThreadPoolExecutor-0_3]   Processing image 80/85: CAM_DE_01_20240916175426_predseg_labels.png
[2025-12-30 22:48:08] [ThreadPoolExecutor-0_1]   Processing image 31/31: CAM_DE_01_20240917112426_predseg_labels.png
[2025-12-30 22:48:10] [ThreadPoolExecutor-0_1]   Successfully processed 31 images.
[2025-12-30 22:48:10] [ThreadPoolExecutor-0_1] === Batch Rectification Complete ===
[2025-12-30 22:48:10] [ThreadPoolExecutor-0_1] +++ Successfully processed event DE_01_20240917073044_20240917192156 +++
[2025-12-30 22:48:10] [ThreadPoolExecutor-0_1] --- Processing event: DE_01_20240921105956_20240921231819 ---
[2025-12-30 22:48:10] [ThreadPoolExecutor-0_1] [DE_01_20240921105956_20240921231819] Rectifying images from: orig_images
[2025-12-30 22:48:10] [ThreadPoolExecutor-0_1] 
=== Starting Batch Rectification ===
[2025-12-30 22:48:10] [ThreadPoolExecutor-0_1]   Source folder: /rsstu/users/k/kanarde/NASA-Sunnyverse/rmccune/poseidon/data/down_east/flood_events/DE_01_20240921105956_20240921231819/orig_images
[2025-12-30 22:48:10] [ThreadPoolExecutor-0_1]   Output Zarr store: /rsstu/users/k/kanarde/NASA-Sunnyverse/rmccune/poseidon/data/down_east/flood_events/DE_01_20240921105956_20240921231819/zarr/orig_image_rects
[2025-12-30 22:48:10] [ThreadPoolExecutor-0_1]   Found 74 images to process.
[2025-12-30 22:48:10] [ThreadPoolExecutor-0_1]   Processing image 1/74: CAM_DE_01_20240921194826.jpg
[2025-12-30 22:48:14] [ThreadPoolExecutor-0_0]   Processing image 6/64: CAM_DE_01_20240916131225_predseg_labels.png
[2025-12-30 22:48:15] [ThreadPoolExecutor-0_3]   Processing image 85/85: CAM_DE_01_20240916120626_predseg_labels.png
[2025-12-30 22:48:16] [ThreadPoolExecutor-0_3]   Successfully processed 85 images.
[2025-12-30 22:48:16] [ThreadPoolExecutor-0_3] === Batch Rectification Complete ===
[2025-12-30 22:48:16] [ThreadPoolExecutor-0_3] +++ Successfully processed event DE_01_20240916062308_20240916184521 +++
[2025-12-30 22:48:16] [ThreadPoolExecutor-0_3] --- Processing event: DE_01_20240922122000_20240923000949 ---
[2025-12-30 22:48:16] [ThreadPoolExecutor-0_3] [DE_01_20240922122000_20240923000949] Rectifying images from: orig_images
[2025-12-30 22:48:16] [ThreadPoolExecutor-0_3] 
=== Starting Batch Rectification ===
[2025-12-30 22:48:16] [ThreadPoolExecutor-0_3]   Source folder: /rsstu/users/k/kanarde/NASA-Sunnyverse/rmccune/poseidon/data/down_east/flood_events/DE_01_20240922122000_20240923000949/orig_images
[2025-12-30 22:48:16] [ThreadPoolExecutor-0_3]   Output Zarr store: /rsstu/users/k/kanarde/NASA-Sunnyverse/rmccune/poseidon/data/down_east/flood_events/DE_01_20240922122000_20240923000949/zarr/orig_image_rects
[2025-12-30 22:48:16] [ThreadPoolExecutor-0_3]   Found 116 images to process.
[2025-12-30 22:48:16] [ThreadPoolExecutor-0_3]   Processing image 1/116: CAM_DE_01_20240922204825.jpg
[2025-12-30 22:48:17] [ThreadPoolExecutor-0_2]   Processing image 60/61: CAM_DE_01_20240916204225.jpg
[2025-12-30 22:48:20] [ThreadPoolExecutor-0_2]   Processing image 61/61: CAM_DE_01_20240916204826.jpg
[2025-12-30 22:48:21] [ThreadPoolExecutor-0_0]   Processing image 12/64: CAM_DE_01_20240916144226_predseg_labels.png
[2025-12-30 22:48:22] [ThreadPoolExecutor-0_2]   Successfully processed 61 images.
[2025-12-30 22:48:22] [ThreadPoolExecutor-0_2] === Batch Rectification Complete ===
[2025-12-30 22:48:22] [ThreadPoolExecutor-0_2] [DE_01_20240916173742_20240917080648] Rectifying labels from: labels
[2025-12-30 22:48:22] [ThreadPoolExecutor-0_2] 
=== Starting Batch Rectification ===
[2025-12-30 22:48:22] [ThreadPoolExecutor-0_2]   Source folder: /rsstu/users/k/kanarde/NASA-Sunnyverse/rmccune/poseidon/data/down_east/flood_events/DE_01_20240916173742_20240917080648/labels
[2025-12-30 22:48:22] [ThreadPoolExecutor-0_2]   Output Zarr store: /rsstu/users/k/kanarde/NASA-Sunnyverse/rmccune/poseidon/data/down_east/flood_events/DE_01_20240916173742_20240917080648/zarr/labels_rects
[2025-12-30 22:48:22] [ThreadPoolExecutor-0_2]   Found 61 images to process.
[2025-12-30 22:48:22] [ThreadPoolExecutor-0_2]   Processing image 1/61: CAM_DE_01_20240916180025_predseg_labels.png
[2025-12-30 22:48:25] [ThreadPoolExecutor-0_1]   Processing image 7/74: CAM_DE_01_20240921214826.jpg
[2025-12-30 22:48:29] [ThreadPoolExecutor-0_0]   Processing image 18/64: CAM_DE_01_20240916170026_predseg_labels.png
[2025-12-30 22:48:29] [ThreadPoolExecutor-0_2]   Processing image 6/61: CAM_DE_01_20240916194226_predseg_labels.png
[2025-12-30 22:48:38] [ThreadPoolExecutor-0_2]   Processing image 12/61: CAM_DE_01_20240916193025_predseg_labels.png
[2025-12-30 22:48:38] [ThreadPoolExecutor-0_0]   Processing image 24/64: CAM_DE_01_20240916174825_predseg_labels.png
[2025-12-30 22:48:41] [ThreadPoolExecutor-0_3]   Processing image 11/116: CAM_DE_01_20240922181826.jpg
[2025-12-30 22:48:44] [ThreadPoolExecutor-0_1]   Processing image 14/74: CAM_DE_01_20240921224825.jpg
[2025-12-30 22:48:47] [ThreadPoolExecutor-0_0]   Processing image 30/64: CAM_DE_01_20240916173625_predseg_labels.png
[2025-12-30 22:48:47] [ThreadPoolExecutor-0_2]   Processing image 18/61: CAM_DE_01_20240916222425_predseg_labels.png
[2025-12-30 22:48:55] [ThreadPoolExecutor-0_2]   Processing image 24/61: CAM_DE_01_20240916213625_predseg_labels.png
[2025-12-30 22:48:55] [ThreadPoolExecutor-0_0]   Processing image 36/64: CAM_DE_01_20240916183026_predseg_labels.png
[2025-12-30 22:49:04] [ThreadPoolExecutor-0_1]   Processing image 21/74: CAM_DE_01_20240921170026.jpg
[2025-12-30 22:49:04] [ThreadPoolExecutor-0_2]   Processing image 30/61: CAM_DE_01_20240916182426_predseg_labels.png
[2025-12-30 22:49:04] [ThreadPoolExecutor-0_0]   Processing image 42/64: CAM_DE_01_20240916190626_predseg_labels.png
[2025-12-30 22:49:12] [ThreadPoolExecutor-0_3]   Processing image 22/116: CAM_DE_01_20240922162426.jpg
[2025-12-30 22:49:12] [ThreadPoolExecutor-0_0]   Processing image 48/64: CAM_DE_01_20240916133626_predseg_labels.png
[2025-12-30 22:49:12] [ThreadPoolExecutor-0_2]   Processing image 36/61: CAM_DE_01_20240916174225_predseg_labels.png
[2025-12-30 22:49:20] [ThreadPoolExecutor-0_0]   Processing image 54/64: CAM_DE_01_20240916135426_predseg_labels.png
[2025-12-30 22:49:20] [ThreadPoolExecutor-0_2]   Processing image 42/61: CAM_DE_01_20240916204225_predseg_labels.png
[2025-12-30 22:49:23] [ThreadPoolExecutor-0_1]   Processing image 28/74: CAM_DE_01_20240921184825.jpg
[2025-12-30 22:49:28] [ThreadPoolExecutor-0_2]   Processing image 48/61: CAM_DE_01_20240916203026_predseg_labels.png
[2025-12-30 22:49:28] [ThreadPoolExecutor-0_0]   Processing image 60/64: CAM_DE_01_20240916153626_predseg_labels.png
[2025-12-30 22:49:34] [ThreadPoolExecutor-0_0]   Processing image 64/64: CAM_DE_01_20240916192425_predseg_labels.png
[2025-12-30 22:49:36] [ThreadPoolExecutor-0_0]   Successfully processed 64 images.
[2025-12-30 22:49:36] [ThreadPoolExecutor-0_0] === Batch Rectification Complete ===
[2025-12-30 22:49:36] [ThreadPoolExecutor-0_0] +++ Successfully processed event DE_01_20240916130121_20240916192905 +++
[2025-12-30 22:49:36] [ThreadPoolExecutor-0_0] --- Processing event: DE_01_20240923124448_20240924011456 ---
[2025-12-30 22:49:36] [ThreadPoolExecutor-0_0] [DE_01_20240923124448_20240924011456] Rectifying images from: orig_images
[2025-12-30 22:49:36] [ThreadPoolExecutor-0_0] 
=== Starting Batch Rectification ===
[2025-12-30 22:49:36] [ThreadPoolExecutor-0_0]   Source folder: /rsstu/users/k/kanarde/NASA-Sunnyverse/rmccune/poseidon/data/down_east/flood_events/DE_01_20240923124448_20240924011456/orig_images
[2025-12-30 22:49:36] [ThreadPoolExecutor-0_0]   Output Zarr store: /rsstu/users/k/kanarde/NASA-Sunnyverse/rmccune/poseidon/data/down_east/flood_events/DE_01_20240923124448_20240924011456/zarr/orig_image_rects
[2025-12-30 22:49:36] [ThreadPoolExecutor-0_0]   Found 111 images to process.
[2025-12-30 22:49:36] [ThreadPoolExecutor-0_0]   Processing image 1/111: CAM_DE_01_20240923154826.jpg
[2025-12-30 22:49:37] [ThreadPoolExecutor-0_2]   Processing image 54/61: CAM_DE_01_20240916210625_predseg_labels.png
[2025-12-30 22:49:43] [ThreadPoolExecutor-0_1]   Processing image 35/74: CAM_DE_01_20240921190626.jpg
[2025-12-30 22:49:43] [ThreadPoolExecutor-0_3]   Processing image 33/116: CAM_DE_01_20240922140026.jpg
[2025-12-30 22:49:46] [ThreadPoolExecutor-0_2]   Processing image 60/61: CAM_DE_01_20240916192425_predseg_labels.png
[2025-12-30 22:49:49] [ThreadPoolExecutor-0_2]   Processing image 61/61: CAM_DE_01_20240916234651_predseg_labels.png
[2025-12-30 22:49:50] [ThreadPoolExecutor-0_2]   Successfully processed 61 images.
[2025-12-30 22:49:50] [ThreadPoolExecutor-0_2] === Batch Rectification Complete ===
[2025-12-30 22:49:50] [ThreadPoolExecutor-0_2] +++ Successfully processed event DE_01_20240916173742_20240917080648 +++
[2025-12-30 22:49:50] [ThreadPoolExecutor-0_2] --- Processing event: DE_01_20240924134030_20240925014726 ---
[2025-12-30 22:49:50] [ThreadPoolExecutor-0_2] [DE_01_20240924134030_20240925014726] Rectifying images from: orig_images
[2025-12-30 22:49:50] [ThreadPoolExecutor-0_2] 
=== Starting Batch Rectification ===
[2025-12-30 22:49:50] [ThreadPoolExecutor-0_2]   Source folder: /rsstu/users/k/kanarde/NASA-Sunnyverse/rmccune/poseidon/data/down_east/flood_events/DE_01_20240924134030_20240925014726/orig_images
[2025-12-30 22:49:50] [ThreadPoolExecutor-0_2]   Output Zarr store: /rsstu/users/k/kanarde/NASA-Sunnyverse/rmccune/poseidon/data/down_east/flood_events/DE_01_20240924134030_20240925014726/zarr/orig_image_rects
[2025-12-30 22:49:50] [ThreadPoolExecutor-0_2]   Found 99 images to process.
[2025-12-30 22:49:50] [ThreadPoolExecutor-0_2]   Processing image 1/99: CAM_DE_01_20240924145426.jpg
[2025-12-30 22:50:03] [ThreadPoolExecutor-0_0]   Processing image 11/111: CAM_DE_01_20240923171826.jpg
[2025-12-30 22:50:03] [ThreadPoolExecutor-0_1]   Processing image 42/74: CAM_DE_01_20240921171825.jpg
[2025-12-30 22:50:10] [ThreadPoolExecutor-0_2]   Processing image 9/99: CAM_DE_01_20240924174225.jpg
[2025-12-30 22:50:14] [ThreadPoolExecutor-0_3]   Processing image 44/116: CAM_DE_01_20240922134826.jpg
[2025-12-30 22:50:21] [ThreadPoolExecutor-0_1]   Processing image 49/74: CAM_DE_01_20240921203026.jpg
[2025-12-30 22:50:32] [ThreadPoolExecutor-0_0]   Processing image 22/111: CAM_DE_01_20240923134225.jpg
[2025-12-30 22:50:35] [ThreadPoolExecutor-0_2]   Processing image 18/99: CAM_DE_01_20240924203025.jpg
[2025-12-30 22:50:39] [ThreadPoolExecutor-0_1]   Processing image 56/74: CAM_DE_01_20240921201825.jpg
[2025-12-30 22:50:42] [ThreadPoolExecutor-0_3]   Processing image 55/116: CAM_DE_01_20240922215426.jpg
[2025-12-30 22:51:23] [ThreadPoolExecutor-0_1]   Processing image 63/74: CAM_DE_01_20240921215426.jpg
[2025-12-30 22:51:24] [ThreadPoolExecutor-0_2]   Processing image 27/99: CAM_DE_01_20240924220025.jpg
[2025-12-30 22:51:26] [ThreadPoolExecutor-0_0]   Processing image 33/111: CAM_DE_01_20240923214226.jpg
[2025-12-30 22:51:36] [ThreadPoolExecutor-0_3]   Processing image 66/116: CAM_DE_01_20240922124225.jpg
[2025-12-30 22:51:41] [ThreadPoolExecutor-0_1]   Processing image 70/74: CAM_DE_01_20240921222426.jpg
[2025-12-30 22:51:47] [ThreadPoolExecutor-0_2]   Processing image 36/99: CAM_DE_01_20240924223025.jpg
[2025-12-30 22:51:53] [ThreadPoolExecutor-0_1]   Processing image 74/74: CAM_DE_01_20240921203626.jpg
[2025-12-30 22:51:55] [ThreadPoolExecutor-0_0]   Processing image 44/111: CAM_DE_01_20240923141826.jpg
[2025-12-30 22:51:55] [ThreadPoolExecutor-0_1]   Successfully processed 74 images.
[2025-12-30 22:51:55] [ThreadPoolExecutor-0_1] === Batch Rectification Complete ===
[2025-12-30 22:51:55] [ThreadPoolExecutor-0_1] [DE_01_20240921105956_20240921231819] Rectifying labels from: labels
[2025-12-30 22:51:55] [ThreadPoolExecutor-0_1] 
=== Starting Batch Rectification ===
[2025-12-30 22:51:55] [ThreadPoolExecutor-0_1]   Source folder: /rsstu/users/k/kanarde/NASA-Sunnyverse/rmccune/poseidon/data/down_east/flood_events/DE_01_20240921105956_20240921231819/labels
[2025-12-30 22:51:55] [ThreadPoolExecutor-0_1]   Output Zarr store: /rsstu/users/k/kanarde/NASA-Sunnyverse/rmccune/poseidon/data/down_east/flood_events/DE_01_20240921105956_20240921231819/zarr/labels_rects
[2025-12-30 22:51:55] [ThreadPoolExecutor-0_1]   Found 74 images to process.
[2025-12-30 22:51:55] [ThreadPoolExecutor-0_1]   Processing image 1/74: CAM_DE_01_20240921205425_predseg_labels.png
[2025-12-30 22:52:03] [ThreadPoolExecutor-0_1]   Processing image 7/74: CAM_DE_01_20240921155426_predseg_labels.png
[2025-12-30 22:52:07] [ThreadPoolExecutor-0_3]   Processing image 77/116: CAM_DE_01_20240922134226.jpg
[2025-12-30 22:52:12] [ThreadPoolExecutor-0_2]   Processing image 45/99: CAM_DE_01_20240924184225.jpg
[2025-12-30 22:52:14] [ThreadPoolExecutor-0_1]   Processing image 14/74: CAM_DE_01_20240921193625_predseg_labels.png
[2025-12-30 22:52:24] [ThreadPoolExecutor-0_1]   Processing image 21/74: CAM_DE_01_20240921190026_predseg_labels.png
[2025-12-30 22:52:27] [ThreadPoolExecutor-0_0]   Processing image 55/111: CAM_DE_01_20240923175426.jpg
[2025-12-30 22:52:35] [ThreadPoolExecutor-0_1]   Processing image 28/74: CAM_DE_01_20240921222426_predseg_labels.png
[2025-12-30 22:52:39] [ThreadPoolExecutor-0_3]   Processing image 88/116: CAM_DE_01_20240922211226.jpg
[2025-12-30 22:52:39] [ThreadPoolExecutor-0_2]   Processing image 54/99: CAM_DE_01_20240924153026.jpg
[2025-12-30 22:52:45] [ThreadPoolExecutor-0_1]   Processing image 35/74: CAM_DE_01_20240921213626_predseg_labels.png
[2025-12-30 22:52:59] [ThreadPoolExecutor-0_1]   Processing image 42/74: CAM_DE_01_20240921230026_predseg_labels.png
[2025-12-30 22:53:03] [ThreadPoolExecutor-0_0]   Processing image 66/111: CAM_DE_01_20240923203025.jpg
[2025-12-30 22:53:10] [ThreadPoolExecutor-0_2]   Processing image 63/99: CAM_DE_01_20240924141826.jpg
[2025-12-30 22:53:10] [ThreadPoolExecutor-0_1]   Processing image 49/74: CAM_DE_01_20240921173026_predseg_labels.png
[2025-12-30 22:53:17] [ThreadPoolExecutor-0_3]   Processing image 99/116: CAM_DE_01_20240922210626.jpg
[2025-12-30 22:53:22] [ThreadPoolExecutor-0_1]   Processing image 56/74: CAM_DE_01_20240921210626_predseg_labels.png
[2025-12-30 22:53:32] [ThreadPoolExecutor-0_1]   Processing image 63/74: CAM_DE_01_20240921183625_predseg_labels.png
[2025-12-30 22:53:38] [ThreadPoolExecutor-0_2]   Processing image 72/99: CAM_DE_01_20240924190626.jpg
[2025-12-30 22:53:38] [ThreadPoolExecutor-0_0]   Processing image 77/111: CAM_DE_01_20240923203626.jpg
[2025-12-30 22:53:44] [ThreadPoolExecutor-0_1]   Processing image 70/74: CAM_DE_01_20240921213026_predseg_labels.png
[2025-12-30 22:53:51] [ThreadPoolExecutor-0_1]   Processing image 74/74: CAM_DE_01_20240921170026_predseg_labels.png
[2025-12-30 22:53:52] [ThreadPoolExecutor-0_3]   Processing image 110/116: CAM_DE_01_20240922153626.jpg
[2025-12-30 22:53:52] [ThreadPoolExecutor-0_1]   Successfully processed 74 images.
[2025-12-30 22:53:52] [ThreadPoolExecutor-0_1] === Batch Rectification Complete ===
[2025-12-30 22:53:52] [ThreadPoolExecutor-0_1] +++ Successfully processed event DE_01_20240921105956_20240921231819 +++
[2025-12-30 22:53:52] [ThreadPoolExecutor-0_1] --- Processing event: DE_01_20241001085917_20241001182918 ---
[2025-12-30 22:53:52] [ThreadPoolExecutor-0_1] [DE_01_20241001085917_20241001182918] Rectifying images from: orig_images
[2025-12-30 22:53:52] [ThreadPoolExecutor-0_1] 
=== Starting Batch Rectification ===
[2025-12-30 22:53:52] [ThreadPoolExecutor-0_1]   Source folder: /rsstu/users/k/kanarde/NASA-Sunnyverse/rmccune/poseidon/data/down_east/flood_events/DE_01_20241001085917_20241001182918/orig_images
[2025-12-30 22:53:52] [ThreadPoolExecutor-0_1]   Output Zarr store: /rsstu/users/k/kanarde/NASA-Sunnyverse/rmccune/poseidon/data/down_east/flood_events/DE_01_20241001085917_20241001182918/zarr/orig_image_rects
[2025-12-30 22:53:52] [ThreadPoolExecutor-0_1]   Found 81 images to process.
[2025-12-30 22:53:52] [ThreadPoolExecutor-0_1]   Processing image 1/81: CAM_DE_01_20241001104607.jpg
[2025-12-30 22:54:06] [ThreadPoolExecutor-0_2]   Processing image 81/99: CAM_DE_01_20240924143626.jpg
[2025-12-30 22:54:09] [ThreadPoolExecutor-0_3]   Processing image 116/116: CAM_DE_01_20240922150025.jpg
[2025-12-30 22:54:12] [ThreadPoolExecutor-0_1]   Processing image 8/81: CAM_DE_01_20241001134826.jpg
[2025-12-30 22:54:12] [ThreadPoolExecutor-0_3]   Successfully processed 116 images.
[2025-12-30 22:54:12] [ThreadPoolExecutor-0_3] === Batch Rectification Complete ===
[2025-12-30 22:54:12] [ThreadPoolExecutor-0_0]   Processing image 88/111: CAM_DE_01_20240923214826.jpg
[2025-12-30 22:54:12] [ThreadPoolExecutor-0_3] [DE_01_20240922122000_20240923000949] Rectifying labels from: labels
[2025-12-30 22:54:12] [ThreadPoolExecutor-0_3] 
=== Starting Batch Rectification ===
[2025-12-30 22:54:12] [ThreadPoolExecutor-0_3]   Source folder: /rsstu/users/k/kanarde/NASA-Sunnyverse/rmccune/poseidon/data/down_east/flood_events/DE_01_20240922122000_20240923000949/labels
[2025-12-30 22:54:12] [ThreadPoolExecutor-0_3]   Output Zarr store: /rsstu/users/k/kanarde/NASA-Sunnyverse/rmccune/poseidon/data/down_east/flood_events/DE_01_20240922122000_20240923000949/zarr/labels_rects
[2025-12-30 22:54:12] [ThreadPoolExecutor-0_3]   Found 116 images to process.
[2025-12-30 22:54:12] [ThreadPoolExecutor-0_3]   Processing image 1/116: CAM_DE_01_20240922194226_predseg_labels.png
[2025-12-30 22:54:28] [ThreadPoolExecutor-0_3]   Processing image 11/116: CAM_DE_01_20240922131226_predseg_labels.png
[2025-12-30 22:54:34] [ThreadPoolExecutor-0_2]   Processing image 90/99: CAM_DE_01_20240924191226.jpg
[2025-12-30 22:54:36] [ThreadPoolExecutor-0_1]   Processing image 16/81: CAM_DE_01_20241001160026.jpg
[2025-12-30 22:54:45] [ThreadPoolExecutor-0_3]   Processing image 22/116: CAM_DE_01_20240922224826_predseg_labels.png
[2025-12-30 22:54:46] [ThreadPoolExecutor-0_0]   Processing image 99/111: CAM_DE_01_20240923161826.jpg
[2025-12-30 22:55:00] [ThreadPoolExecutor-0_2]   Processing image 99/99: CAM_DE_01_20240924232812.jpg
[2025-12-30 22:55:00] [ThreadPoolExecutor-0_1]   Processing image 24/81: CAM_DE_01_20241001152426.jpg
[2025-12-30 22:55:00] [ThreadPoolExecutor-0_3]   Processing image 33/116: CAM_DE_01_20240922144225_predseg_labels.png
[2025-12-30 22:55:02] [ThreadPoolExecutor-0_2]   Successfully processed 99 images.
[2025-12-30 22:55:02] [ThreadPoolExecutor-0_2] === Batch Rectification Complete ===
[2025-12-30 22:55:02] [ThreadPoolExecutor-0_2] [DE_01_20240924134030_20240925014726] Rectifying labels from: labels
[2025-12-30 22:55:02] [ThreadPoolExecutor-0_2] 
=== Starting Batch Rectification ===
[2025-12-30 22:55:02] [ThreadPoolExecutor-0_2]   Source folder: /rsstu/users/k/kanarde/NASA-Sunnyverse/rmccune/poseidon/data/down_east/flood_events/DE_01_20240924134030_20240925014726/labels
[2025-12-30 22:55:02] [ThreadPoolExecutor-0_2]   Output Zarr store: /rsstu/users/k/kanarde/NASA-Sunnyverse/rmccune/poseidon/data/down_east/flood_events/DE_01_20240924134030_20240925014726/zarr/labels_rects
[2025-12-30 22:55:03] [ThreadPoolExecutor-0_2]   Found 99 images to process.
[2025-12-30 22:55:03] [ThreadPoolExecutor-0_2]   Processing image 1/99: CAM_DE_01_20240924220626_predseg_labels.png
[2025-12-30 22:55:42] [ThreadPoolExecutor-0_2]   Processing image 9/99: CAM_DE_01_20240924213026_predseg_labels.png
[2025-12-30 22:55:49] [ThreadPoolExecutor-0_3]   Processing image 44/116: CAM_DE_01_20240922211826_predseg_labels.png
[2025-12-30 22:55:49] [ThreadPoolExecutor-0_0]   Processing image 110/111: CAM_DE_01_20240923133025.jpg
[2025-12-30 22:55:53] [ThreadPoolExecutor-0_0]   Processing image 111/111: CAM_DE_01_20240923152425.jpg
[2025-12-30 22:55:57] [ThreadPoolExecutor-0_0]   Successfully processed 111 images.
[2025-12-30 22:55:57] [ThreadPoolExecutor-0_0] === Batch Rectification Complete ===
[2025-12-30 22:55:57] [ThreadPoolExecutor-0_0] [DE_01_20240923124448_20240924011456] Rectifying labels from: labels
[2025-12-30 22:55:57] [ThreadPoolExecutor-0_0] 
=== Starting Batch Rectification ===
[2025-12-30 22:55:57] [ThreadPoolExecutor-0_0]   Source folder: /rsstu/users/k/kanarde/NASA-Sunnyverse/rmccune/poseidon/data/down_east/flood_events/DE_01_20240923124448_20240924011456/labels
[2025-12-30 22:55:57] [ThreadPoolExecutor-0_0]   Output Zarr store: /rsstu/users/k/kanarde/NASA-Sunnyverse/rmccune/poseidon/data/down_east/flood_events/DE_01_20240923124448_20240924011456/zarr/labels_rects
[2025-12-30 22:55:57] [ThreadPoolExecutor-0_1]   Processing image 32/81: CAM_DE_01_20241001180026.jpg
[2025-12-30 22:55:57] [ThreadPoolExecutor-0_0]   Found 111 images to process.
[2025-12-30 22:55:57] [ThreadPoolExecutor-0_0]   Processing image 1/111: CAM_DE_01_20240923153025_predseg_labels.png
[2025-12-30 22:56:05] [ThreadPoolExecutor-0_2]   Processing image 18/99: CAM_DE_01_20240924224826_predseg_labels.png
[2025-12-30 22:56:11] [ThreadPoolExecutor-0_3]   Processing image 55/116: CAM_DE_01_20240922171826_predseg_labels.png
[2025-12-30 22:56:16] [ThreadPoolExecutor-0_0]   Processing image 11/111: CAM_DE_01_20240923144826_predseg_labels.png
[2025-12-30 22:56:16] [ThreadPoolExecutor-0_1]   Processing image 40/81: CAM_DE_01_20241001155426.jpg
[2025-12-30 22:56:23] [ThreadPoolExecutor-0_2]   Processing image 27/99: CAM_DE_01_20240924213626_predseg_labels.png
[2025-12-30 22:56:32] [ThreadPoolExecutor-0_3]   Processing image 66/116: CAM_DE_01_20240922133026_predseg_labels.png
[2025-12-30 22:56:37] [ThreadPoolExecutor-0_0]   Processing image 22/111: CAM_DE_01_20240923135426_predseg_labels.png
[2025-12-30 22:56:38] [ThreadPoolExecutor-0_1]   Processing image 48/81: CAM_DE_01_20241001153025.jpg
[2025-12-30 22:56:40] [ThreadPoolExecutor-0_2]   Processing image 36/99: CAM_DE_01_20240924215425_predseg_labels.png
[2025-12-30 22:56:54] [ThreadPoolExecutor-0_3]   Processing image 77/116: CAM_DE_01_20240922223026_predseg_labels.png
[2025-12-30 22:56:58] [ThreadPoolExecutor-0_2]   Processing image 45/99: CAM_DE_01_20240924190626_predseg_labels.png
[2025-12-30 22:56:59] [ThreadPoolExecutor-0_1]   Processing image 56/81: CAM_DE_01_20241001134226.jpg
[2025-12-30 22:57:00] [ThreadPoolExecutor-0_0]   Processing image 33/111: CAM_DE_01_20240923211826_predseg_labels.png
[2025-12-30 22:57:15] [ThreadPoolExecutor-0_2]   Processing image 54/99: CAM_DE_01_20240924222426_predseg_labels.png
[2025-12-30 22:57:15] [ThreadPoolExecutor-0_3]   Processing image 88/116: CAM_DE_01_20240922142426_predseg_labels.png
[2025-12-30 22:57:18] [ThreadPoolExecutor-0_1]   Processing image 64/81: CAM_DE_01_20241001130025.jpg
[2025-12-30 22:57:20] [ThreadPoolExecutor-0_0]   Processing image 44/111: CAM_DE_01_20240923230625_predseg_labels.png
[2025-12-30 22:57:31] [ThreadPoolExecutor-0_2]   Processing image 63/99: CAM_DE_01_20240924163625_predseg_labels.png
[2025-12-30 22:57:34] [ThreadPoolExecutor-0_3]   Processing image 99/116: CAM_DE_01_20240922181225_predseg_labels.png
[2025-12-30 22:57:37] [ThreadPoolExecutor-0_1]   Processing image 72/81: CAM_DE_01_20241001141826.jpg
[2025-12-30 22:57:39] [ThreadPoolExecutor-0_0]   Processing image 55/111: CAM_DE_01_20240923220626_predseg_labels.png
[2025-12-30 22:57:46] [ThreadPoolExecutor-0_2]   Processing image 72/99: CAM_DE_01_20240924181825_predseg_labels.png
[2025-12-30 22:57:54] [ThreadPoolExecutor-0_3]   Processing image 110/116: CAM_DE_01_20240922153626_predseg_labels.png
[2025-12-30 22:57:56] [ThreadPoolExecutor-0_1]   Processing image 80/81: CAM_DE_01_20241001161225.jpg
[2025-12-30 22:57:58] [ThreadPoolExecutor-0_1]   Processing image 81/81: CAM_DE_01_20241001143025.jpg
[2025-12-30 22:58:00] [ThreadPoolExecutor-0_0]   Processing image 66/111: CAM_DE_01_20240923183626_predseg_labels.png
[2025-12-30 22:58:01] [ThreadPoolExecutor-0_1]   Successfully processed 81 images.
[2025-12-30 22:58:01] [ThreadPoolExecutor-0_1] === Batch Rectification Complete ===
[2025-12-30 22:58:01] [ThreadPoolExecutor-0_1] [DE_01_20241001085917_20241001182918] Rectifying labels from: labels
[2025-12-30 22:58:01] [ThreadPoolExecutor-0_1] 
=== Starting Batch Rectification ===
[2025-12-30 22:58:01] [ThreadPoolExecutor-0_1]   Source folder: /rsstu/users/k/kanarde/NASA-Sunnyverse/rmccune/poseidon/data/down_east/flood_events/DE_01_20241001085917_20241001182918/labels
[2025-12-30 22:58:01] [ThreadPoolExecutor-0_1]   Output Zarr store: /rsstu/users/k/kanarde/NASA-Sunnyverse/rmccune/poseidon/data/down_east/flood_events/DE_01_20241001085917_20241001182918/zarr/labels_rects
[2025-12-30 22:58:01] [ThreadPoolExecutor-0_1]   Found 81 images to process.
[2025-12-30 22:58:01] [ThreadPoolExecutor-0_1]   Processing image 1/81: CAM_DE_01_20241001113626_predseg_labels.png
[2025-12-30 22:58:03] [ThreadPoolExecutor-0_2]   Processing image 81/99: CAM_DE_01_20240924203025_predseg_labels.png
[2025-12-30 22:58:04] [ThreadPoolExecutor-0_3]   Processing image 116/116: CAM_DE_01_20240922131826_predseg_labels.png
[2025-12-30 22:58:06] [ThreadPoolExecutor-0_3]   Successfully processed 116 images.
[2025-12-30 22:58:06] [ThreadPoolExecutor-0_3] === Batch Rectification Complete ===
[2025-12-30 22:58:06] [ThreadPoolExecutor-0_3] +++ Successfully processed event DE_01_20240922122000_20240923000949 +++
[2025-12-30 22:58:06] [ThreadPoolExecutor-0_3] --- Processing event: DE_01_20241002084117_20241002202918 ---
[2025-12-30 22:58:06] [ThreadPoolExecutor-0_3] [DE_01_20241002084117_20241002202918] Rectifying images from: orig_images
[2025-12-30 22:58:06] [ThreadPoolExecutor-0_3] 
=== Starting Batch Rectification ===
[2025-12-30 22:58:06] [ThreadPoolExecutor-0_3]   Source folder: /rsstu/users/k/kanarde/NASA-Sunnyverse/rmccune/poseidon/data/down_east/flood_events/DE_01_20241002084117_20241002202918/orig_images
[2025-12-30 22:58:06] [ThreadPoolExecutor-0_3]   Output Zarr store: /rsstu/users/k/kanarde/NASA-Sunnyverse/rmccune/poseidon/data/down_east/flood_events/DE_01_20241002084117_20241002202918/zarr/orig_image_rects
[2025-12-30 22:58:06] [ThreadPoolExecutor-0_3]   Found 103 images to process.
[2025-12-30 22:58:06] [ThreadPoolExecutor-0_3]   Processing image 1/103: CAM_DE_01_20241002181825.jpg
[2025-12-30 22:58:13] [ThreadPoolExecutor-0_1]   Processing image 8/81: CAM_DE_01_20241001140626_predseg_labels.png
[2025-12-30 22:58:18] [ThreadPoolExecutor-0_2]   Processing image 90/99: CAM_DE_01_20240924151825_predseg_labels.png
[2025-12-30 22:58:18] [ThreadPoolExecutor-0_0]   Processing image 77/111: CAM_DE_01_20240923141826_predseg_labels.png
[2025-12-30 22:58:25] [ThreadPoolExecutor-0_1]   Processing image 16/81: CAM_DE_01_20241001134826_predseg_labels.png
[2025-12-30 22:58:25] [ThreadPoolExecutor-0_3]   Processing image 10/103: CAM_DE_01_20241002120025.jpg
[2025-12-30 22:58:33] [ThreadPoolExecutor-0_2]   Processing image 99/99: CAM_DE_01_20240924231607_predseg_labels.png
[2025-12-30 22:58:35] [ThreadPoolExecutor-0_2]   Successfully processed 99 images.
[2025-12-30 22:58:35] [ThreadPoolExecutor-0_2] === Batch Rectification Complete ===
[2025-12-30 22:58:35] [ThreadPoolExecutor-0_2] +++ Successfully processed event DE_01_20240924134030_20240925014726 +++
[2025-12-30 22:58:35] [ThreadPoolExecutor-0_2] --- Processing event: DE_01_20241003082917_20241003213518 ---
[2025-12-30 22:58:35] [ThreadPoolExecutor-0_2] [DE_01_20241003082917_20241003213518] Rectifying images from: orig_images
[2025-12-30 22:58:35] [ThreadPoolExecutor-0_2] 
=== Starting Batch Rectification ===
[2025-12-30 22:58:35] [ThreadPoolExecutor-0_2]   Source folder: /rsstu/users/k/kanarde/NASA-Sunnyverse/rmccune/poseidon/data/down_east/flood_events/DE_01_20241003082917_20241003213518/orig_images
[2025-12-30 22:58:35] [ThreadPoolExecutor-0_2]   Output Zarr store: /rsstu/users/k/kanarde/NASA-Sunnyverse/rmccune/poseidon/data/down_east/flood_events/DE_01_20241003082917_20241003213518/zarr/orig_image_rects
[2025-12-30 22:58:35] [ThreadPoolExecutor-0_2]   Found 114 images to process.
[2025-12-30 22:58:35] [ThreadPoolExecutor-0_2]   Processing image 1/114: CAM_DE_01_20241003170626.jpg
[2025-12-30 22:58:37] [ThreadPoolExecutor-0_0]   Processing image 88/111: CAM_DE_01_20240923214226_predseg_labels.png
[2025-12-30 22:58:40] [ThreadPoolExecutor-0_1]   Processing image 24/81: CAM_DE_01_20241001133026_predseg_labels.png
[2025-12-30 22:58:51] [ThreadPoolExecutor-0_1]   Processing image 32/81: CAM_DE_01_20241001105805_predseg_labels.png
[2025-12-30 22:58:52] [ThreadPoolExecutor-0_0]   Processing image 99/111: CAM_DE_01_20240923232808_predseg_labels.png
[2025-12-30 22:58:53] [ThreadPoolExecutor-0_3]   Processing image 20/103: CAM_DE_01_20241002104607.jpg
[2025-12-30 22:59:24] [ThreadPoolExecutor-0_2]   Processing image 11/114: CAM_DE_01_20241003103412.jpg
[2025-12-30 22:59:28] [ThreadPoolExecutor-0_1]   Processing image 40/81: CAM_DE_01_20241001161225_predseg_labels.png
[2025-12-30 22:59:34] [ThreadPoolExecutor-0_0]   Processing image 110/111: CAM_DE_01_20240923191225_predseg_labels.png
[2025-12-30 22:59:36] [ThreadPoolExecutor-0_0]   Processing image 111/111: CAM_DE_01_20240923210025_predseg_labels.png
[2025-12-30 22:59:37] [ThreadPoolExecutor-0_0]   Successfully processed 111 images.
[2025-12-30 22:59:37] [ThreadPoolExecutor-0_0] === Batch Rectification Complete ===
[2025-12-30 22:59:37] [ThreadPoolExecutor-0_0] +++ Successfully processed event DE_01_20240923124448_20240924011456 +++
[2025-12-30 22:59:37] [ThreadPoolExecutor-0_0] --- Processing event: DE_01_20241004094717_20241004212352 ---
[2025-12-30 22:59:37] [ThreadPoolExecutor-0_0] [DE_01_20241004094717_20241004212352] Rectifying images from: orig_images
[2025-12-30 22:59:37] [ThreadPoolExecutor-0_0] 
=== Starting Batch Rectification ===
[2025-12-30 22:59:37] [ThreadPoolExecutor-0_0]   Source folder: /rsstu/users/k/kanarde/NASA-Sunnyverse/rmccune/poseidon/data/down_east/flood_events/DE_01_20241004094717_20241004212352/orig_images
[2025-12-30 22:59:37] [ThreadPoolExecutor-0_0]   Output Zarr store: /rsstu/users/k/kanarde/NASA-Sunnyverse/rmccune/poseidon/data/down_east/flood_events/DE_01_20241004094717_20241004212352/zarr/orig_image_rects
[2025-12-30 22:59:37] [ThreadPoolExecutor-0_0]   Found 113 images to process.
[2025-12-30 22:59:37] [ThreadPoolExecutor-0_0]   Processing image 1/113: CAM_DE_01_20241004184225.jpg
[2025-12-30 22:59:39] [ThreadPoolExecutor-0_1]   Processing image 48/81: CAM_DE_01_20241001141826_predseg_labels.png
[2025-12-30 22:59:46] [ThreadPoolExecutor-0_3]   Processing image 30/103: CAM_DE_01_20241002134826.jpg
[2025-12-30 22:59:51] [ThreadPoolExecutor-0_1]   Processing image 56/81: CAM_DE_01_20241001130025_predseg_labels.png
[2025-12-30 22:59:57] [ThreadPoolExecutor-0_2]   Processing image 22/114: CAM_DE_01_20241003205426.jpg
[2025-12-30 23:00:03] [ThreadPoolExecutor-0_1]   Processing image 64/81: CAM_DE_01_20241001123625_predseg_labels.png
[2025-12-30 23:00:05] [ThreadPoolExecutor-0_0]   Processing image 11/113: CAM_DE_01_20241004190626.jpg
[2025-12-30 23:00:15] [ThreadPoolExecutor-0_3]   Processing image 40/103: CAM_DE_01_20241002143026.jpg
[2025-12-30 23:00:15] [ThreadPoolExecutor-0_1]   Processing image 72/81: CAM_DE_01_20241001163626_predseg_labels.png
[2025-12-30 23:00:25] [ThreadPoolExecutor-0_1]   Processing image 80/81: CAM_DE_01_20241001144826_predseg_labels.png
[2025-12-30 23:00:27] [ThreadPoolExecutor-0_1]   Processing image 81/81: CAM_DE_01_20241001121825_predseg_labels.png
[2025-12-30 23:00:28] [ThreadPoolExecutor-0_2]   Processing image 33/114: CAM_DE_01_20241003113026.jpg
[2025-12-30 23:00:28] [ThreadPoolExecutor-0_1]   Successfully processed 81 images.
[2025-12-30 23:00:28] [ThreadPoolExecutor-0_1] === Batch Rectification Complete ===
[2025-12-30 23:00:28] [ThreadPoolExecutor-0_1] +++ Successfully processed event DE_01_20241001085917_20241001182918 +++
[2025-12-30 23:00:28] [ThreadPoolExecutor-0_1] --- Processing event: DE_01_20241005104804_20241005211801 ---
[2025-12-30 23:00:28] [ThreadPoolExecutor-0_1] [DE_01_20241005104804_20241005211801] Rectifying images from: orig_images
[2025-12-30 23:00:28] [ThreadPoolExecutor-0_1] 
=== Starting Batch Rectification ===
[2025-12-30 23:00:28] [ThreadPoolExecutor-0_1]   Source folder: /rsstu/users/k/kanarde/NASA-Sunnyverse/rmccune/poseidon/data/down_east/flood_events/DE_01_20241005104804_20241005211801/orig_images
[2025-12-30 23:00:28] [ThreadPoolExecutor-0_1]   Output Zarr store: /rsstu/users/k/kanarde/NASA-Sunnyverse/rmccune/poseidon/data/down_east/flood_events/DE_01_20241005104804_20241005211801/zarr/orig_image_rects
[2025-12-30 23:00:28] [ThreadPoolExecutor-0_1]   Found 105 images to process.
[2025-12-30 23:00:28] [ThreadPoolExecutor-0_1]   Processing image 1/105: CAM_DE_01_20241005132426.jpg
[2025-12-30 23:00:36] [ThreadPoolExecutor-0_0]   Processing image 22/113: CAM_DE_01_20241004204826.jpg
[2025-12-30 23:00:41] [ThreadPoolExecutor-0_3]   Processing image 50/103: CAM_DE_01_20241002154826.jpg
[2025-12-30 23:00:52] [ThreadPoolExecutor-0_1]   Processing image 10/105: CAM_DE_01_20241005124226.jpg
[2025-12-30 23:00:58] [ThreadPoolExecutor-0_2]   Processing image 44/114: CAM_DE_01_20241003211226.jpg
[2025-12-30 23:01:05] [ThreadPoolExecutor-0_0]   Processing image 33/113: CAM_DE_01_20241004181225.jpg
[2025-12-30 23:01:07] [ThreadPoolExecutor-0_3]   Processing image 60/103: CAM_DE_01_20241002123026.jpg
[2025-12-30 23:01:18] [ThreadPoolExecutor-0_1]   Processing image 20/105: CAM_DE_01_20241005144225.jpg
[2025-12-30 23:01:27] [ThreadPoolExecutor-0_2]   Processing image 55/114: CAM_DE_01_20241003173626.jpg
[2025-12-30 23:01:35] [ThreadPoolExecutor-0_3]   Processing image 70/103: CAM_DE_01_20241002180025.jpg
[2025-12-30 23:01:35] [ThreadPoolExecutor-0_0]   Processing image 44/113: CAM_DE_01_20241004154825.jpg
[2025-12-30 23:01:44] [ThreadPoolExecutor-0_1]   Processing image 30/105: CAM_DE_01_20241005170026.jpg
[2025-12-30 23:01:54] [ThreadPoolExecutor-0_2]   Processing image 66/114: CAM_DE_01_20241003163026.jpg
[2025-12-30 23:01:59] [ThreadPoolExecutor-0_3]   Processing image 80/103: CAM_DE_01_20241002161226.jpg
[2025-12-30 23:02:02] [ThreadPoolExecutor-0_0]   Processing image 55/113: CAM_DE_01_20241004131225.jpg
[2025-12-30 23:02:10] [ThreadPoolExecutor-0_1]   Processing image 40/105: CAM_DE_01_20241005161826.jpg
[2025-12-30 23:02:56] [ThreadPoolExecutor-0_2]   Processing image 77/114: CAM_DE_01_20241003121826.jpg
[2025-12-30 23:02:58] [ThreadPoolExecutor-0_3]   Processing image 90/103: CAM_DE_01_20241002140026.jpg
[2025-12-30 23:03:05] [ThreadPoolExecutor-0_0]   Processing image 66/113: CAM_DE_01_20241004163625.jpg
[2025-12-30 23:03:09] [ThreadPoolExecutor-0_1]   Processing image 50/105: CAM_DE_01_20241005111225.jpg
[2025-12-30 23:03:27] [ThreadPoolExecutor-0_2]   Processing image 88/114: CAM_DE_01_20241003124226.jpg
[2025-12-30 23:03:27] [ThreadPoolExecutor-0_3]   Processing image 100/103: CAM_DE_01_20241002101112.jpg
[2025-12-30 23:03:36] [ThreadPoolExecutor-0_3]   Processing image 103/103: CAM_DE_01_20241002182426.jpg
[2025-12-30 23:03:36] [ThreadPoolExecutor-0_0]   Processing image 77/113: CAM_DE_01_20241004183625.jpg
[2025-12-30 23:03:38] [ThreadPoolExecutor-0_3]   Successfully processed 103 images.
[2025-12-30 23:03:38] [ThreadPoolExecutor-0_3] === Batch Rectification Complete ===
[2025-12-30 23:03:38] [ThreadPoolExecutor-0_3] [DE_01_20241002084117_20241002202918] Rectifying labels from: labels
[2025-12-30 23:03:38] [ThreadPoolExecutor-0_3] 
=== Starting Batch Rectification ===
[2025-12-30 23:03:38] [ThreadPoolExecutor-0_3]   Source folder: /rsstu/users/k/kanarde/NASA-Sunnyverse/rmccune/poseidon/data/down_east/flood_events/DE_01_20241002084117_20241002202918/labels
[2025-12-30 23:03:38] [ThreadPoolExecutor-0_3]   Output Zarr store: /rsstu/users/k/kanarde/NASA-Sunnyverse/rmccune/poseidon/data/down_east/flood_events/DE_01_20241002084117_20241002202918/zarr/labels_rects
[2025-12-30 23:03:38] [ThreadPoolExecutor-0_3]   Found 103 images to process.
[2025-12-30 23:03:38] [ThreadPoolExecutor-0_3]   Processing image 1/103: CAM_DE_01_20241002114225_predseg_labels.png
[2025-12-30 23:03:38] [ThreadPoolExecutor-0_1]   Processing image 60/105: CAM_DE_01_20241005193626.jpg
[2025-12-30 23:03:53] [ThreadPoolExecutor-0_3]   Processing image 10/103: CAM_DE_01_20241002200025_predseg_labels.png
[2025-12-30 23:04:00] [ThreadPoolExecutor-0_2]   Processing image 99/114: CAM_DE_01_20241003202425.jpg
[2025-12-30 23:04:09] [ThreadPoolExecutor-0_3]   Processing image 20/103: CAM_DE_01_20241002105206_predseg_labels.png
[2025-12-30 23:04:10] [ThreadPoolExecutor-0_1]   Processing image 70/105: CAM_DE_01_20241005121225.jpg
[2025-12-30 23:04:10] [ThreadPoolExecutor-0_0]   Processing image 88/113: CAM_DE_01_20241004115426.jpg
[2025-12-30 23:04:27] [ThreadPoolExecutor-0_3]   Processing image 30/103: CAM_DE_01_20241002155426_predseg_labels.png
[2025-12-30 23:04:37] [ThreadPoolExecutor-0_2]   Processing image 110/114: CAM_DE_01_20241003143625.jpg
[2025-12-30 23:04:42] [ThreadPoolExecutor-0_3]   Processing image 40/103: CAM_DE_01_20241002154826_predseg_labels.png
[2025-12-30 23:04:44] [ThreadPoolExecutor-0_1]   Processing image 80/105: CAM_DE_01_20241005192426.jpg
[2025-12-30 23:04:47] [ThreadPoolExecutor-0_0]   Processing image 99/113: CAM_DE_01_20241004135425.jpg
[2025-12-30 23:04:50] [ThreadPoolExecutor-0_2]   Processing image 114/114: CAM_DE_01_20241003111225.jpg
[2025-12-30 23:04:54] [ThreadPoolExecutor-0_2]   Successfully processed 114 images.
[2025-12-30 23:04:54] [ThreadPoolExecutor-0_2] === Batch Rectification Complete ===
[2025-12-30 23:04:54] [ThreadPoolExecutor-0_2] [DE_01_20241003082917_20241003213518] Rectifying labels from: labels
[2025-12-30 23:04:54] [ThreadPoolExecutor-0_2] 
=== Starting Batch Rectification ===
[2025-12-30 23:04:54] [ThreadPoolExecutor-0_2]   Source folder: /rsstu/users/k/kanarde/NASA-Sunnyverse/rmccune/poseidon/data/down_east/flood_events/DE_01_20241003082917_20241003213518/labels
[2025-12-30 23:04:54] [ThreadPoolExecutor-0_2]   Output Zarr store: /rsstu/users/k/kanarde/NASA-Sunnyverse/rmccune/poseidon/data/down_east/flood_events/DE_01_20241003082917_20241003213518/zarr/labels_rects
[2025-12-30 23:04:54] [ThreadPoolExecutor-0_2]   Found 114 images to process.
[2025-12-30 23:04:54] [ThreadPoolExecutor-0_2]   Processing image 1/114: CAM_DE_01_20241003120026_predseg_labels.png
[2025-12-30 23:04:59] [ThreadPoolExecutor-0_3]   Processing image 50/103: CAM_DE_01_20241002121825_predseg_labels.png
[2025-12-30 23:05:10] [ThreadPoolExecutor-0_2]   Processing image 11/114: CAM_DE_01_20241003144225_predseg_labels.png
[2025-12-30 23:05:14] [ThreadPoolExecutor-0_3]   Processing image 60/103: CAM_DE_01_20241002202426_predseg_labels.png
[2025-12-30 23:05:15] [ThreadPoolExecutor-0_1]   Processing image 90/105: CAM_DE_01_20241005151225.jpg
[2025-12-30 23:05:22] [ThreadPoolExecutor-0_0]   Processing image 110/113: CAM_DE_01_20241004103414.jpg
[2025-12-30 23:05:26] [ThreadPoolExecutor-0_2]   Processing image 22/114: CAM_DE_01_20241003170026_predseg_labels.png
[2025-12-30 23:05:40] [ThreadPoolExecutor-0_3]   Processing image 70/103: CAM_DE_01_20241002191226_predseg_labels.png
[2025-12-30 23:05:44] [ThreadPoolExecutor-0_0]   Processing image 113/113: CAM_DE_01_20241004133626.jpg
[2025-12-30 23:06:02] [ThreadPoolExecutor-0_0]   Successfully processed 113 images.
[2025-12-30 23:06:02] [ThreadPoolExecutor-0_0] === Batch Rectification Complete ===
[2025-12-30 23:06:02] [ThreadPoolExecutor-0_0] [DE_01_20241004094717_20241004212352] Rectifying labels from: labels
[2025-12-30 23:06:02] [ThreadPoolExecutor-0_0] 
=== Starting Batch Rectification ===
[2025-12-30 23:06:02] [ThreadPoolExecutor-0_0]   Source folder: /rsstu/users/k/kanarde/NASA-Sunnyverse/rmccune/poseidon/data/down_east/flood_events/DE_01_20241004094717_20241004212352/labels
[2025-12-30 23:06:02] [ThreadPoolExecutor-0_0]   Output Zarr store: /rsstu/users/k/kanarde/NASA-Sunnyverse/rmccune/poseidon/data/down_east/flood_events/DE_01_20241004094717_20241004212352/zarr/labels_rects
[2025-12-30 23:06:02] [ThreadPoolExecutor-0_0]   Found 113 images to process.
[2025-12-30 23:06:02] [ThreadPoolExecutor-0_0]   Processing image 1/113: CAM_DE_01_20241004205426_predseg_labels.png
[2025-12-30 23:06:13] [ThreadPoolExecutor-0_1]   Processing image 100/105: CAM_DE_01_20241005165425.jpg
[2025-12-30 23:06:15] [ThreadPoolExecutor-0_2]   Processing image 33/114: CAM_DE_01_20241003141226_predseg_labels.png
[2025-12-30 23:06:17] [ThreadPoolExecutor-0_3]   Processing image 80/103: CAM_DE_01_20241002152425_predseg_labels.png
[2025-12-30 23:06:21] [ThreadPoolExecutor-0_0]   Processing image 11/113: CAM_DE_01_20241004142426_predseg_labels.png
[2025-12-30 23:06:23] [ThreadPoolExecutor-0_1]   Processing image 105/105: CAM_DE_01_20241005173026.jpg
[2025-12-30 23:06:25] [ThreadPoolExecutor-0_1]   Successfully processed 105 images.
[2025-12-30 23:06:25] [ThreadPoolExecutor-0_1] === Batch Rectification Complete ===
[2025-12-30 23:06:25] [ThreadPoolExecutor-0_1] [DE_01_20241005104804_20241005211801] Rectifying labels from: labels
[2025-12-30 23:06:25] [ThreadPoolExecutor-0_1] 
=== Starting Batch Rectification ===
[2025-12-30 23:06:25] [ThreadPoolExecutor-0_1]   Source folder: /rsstu/users/k/kanarde/NASA-Sunnyverse/rmccune/poseidon/data/down_east/flood_events/DE_01_20241005104804_20241005211801/labels
[2025-12-30 23:06:25] [ThreadPoolExecutor-0_1]   Output Zarr store: /rsstu/users/k/kanarde/NASA-Sunnyverse/rmccune/poseidon/data/down_east/flood_events/DE_01_20241005104804_20241005211801/zarr/labels_rects
[2025-12-30 23:06:25] [ThreadPoolExecutor-0_1]   Found 105 images to process.
[2025-12-30 23:06:25] [ThreadPoolExecutor-0_1]   Processing image 1/105: CAM_DE_01_20241005153626_predseg_labels.png
[2025-12-30 23:06:32] [ThreadPoolExecutor-0_2]   Processing image 44/114: CAM_DE_01_20241003171826_predseg_labels.png
[2025-12-30 23:06:32] [ThreadPoolExecutor-0_3]   Processing image 90/103: CAM_DE_01_20241002104607_predseg_labels.png
[2025-12-30 23:06:39] [ThreadPoolExecutor-0_0]   Processing image 22/113: CAM_DE_01_20241004151225_predseg_labels.png
[2025-12-30 23:06:39] [ThreadPoolExecutor-0_1]   Processing image 10/105: CAM_DE_01_20241005110626_predseg_labels.png
[2025-12-30 23:06:48] [ThreadPoolExecutor-0_3]   Processing image 100/103: CAM_DE_01_20241002143026_predseg_labels.png
[2025-12-30 23:06:49] [ThreadPoolExecutor-0_2]   Processing image 55/114: CAM_DE_01_20241003155426_predseg_labels.png
[2025-12-30 23:06:52] [ThreadPoolExecutor-0_3]   Processing image 103/103: CAM_DE_01_20241002134826_predseg_labels.png
[2025-12-30 23:06:54] [ThreadPoolExecutor-0_1]   Processing image 20/105: CAM_DE_01_20241005200625_predseg_labels.png
[2025-12-30 23:06:54] [ThreadPoolExecutor-0_3]   Successfully processed 103 images.
[2025-12-30 23:06:54] [ThreadPoolExecutor-0_3] === Batch Rectification Complete ===
[2025-12-30 23:06:54] [ThreadPoolExecutor-0_3] +++ Successfully processed event DE_01_20241002084117_20241002202918 +++
[2025-12-30 23:06:54] [ThreadPoolExecutor-0_3] --- Processing event: DE_01_20241006113119_20241006221319 ---
[2025-12-30 23:06:54] [ThreadPoolExecutor-0_3] [DE_01_20241006113119_20241006221319] Rectifying images from: orig_images
[2025-12-30 23:06:54] [ThreadPoolExecutor-0_3] 
=== Starting Batch Rectification ===
[2025-12-30 23:06:54] [ThreadPoolExecutor-0_3]   Source folder: /rsstu/users/k/kanarde/NASA-Sunnyverse/rmccune/poseidon/data/down_east/flood_events/DE_01_20241006113119_20241006221319/orig_images
[2025-12-30 23:06:54] [ThreadPoolExecutor-0_3]   Output Zarr store: /rsstu/users/k/kanarde/NASA-Sunnyverse/rmccune/poseidon/data/down_east/flood_events/DE_01_20241006113119_20241006221319/zarr/orig_image_rects
[2025-12-30 23:06:54] [ThreadPoolExecutor-0_3]   Found 106 images to process.
[2025-12-30 23:06:54] [ThreadPoolExecutor-0_3]   Processing image 1/106: CAM_DE_01_20241006220628.jpg
[2025-12-30 23:06:55] [ThreadPoolExecutor-0_0]   Processing image 33/113: CAM_DE_01_20241004111825_predseg_labels.png
[2025-12-30 23:07:05] [ThreadPoolExecutor-0_2]   Processing image 66/114: CAM_DE_01_20241003111826_predseg_labels.png
[2025-12-30 23:07:08] [ThreadPoolExecutor-0_1]   Processing image 30/105: CAM_DE_01_20241005170626_predseg_labels.png
[2025-12-30 23:07:11] [ThreadPoolExecutor-0_0]   Processing image 44/113: CAM_DE_01_20241004184225_predseg_labels.png
[2025-12-30 23:07:11] [ThreadPoolExecutor-0_3]   Processing image 10/106: CAM_DE_01_20241006210035.jpg
[2025-12-30 23:07:22] [ThreadPoolExecutor-0_2]   Processing image 77/114: CAM_DE_01_20241003100509_predseg_labels.png
[2025-12-30 23:07:24] [ThreadPoolExecutor-0_1]   Processing image 40/105: CAM_DE_01_20241005123626_predseg_labels.png
[2025-12-30 23:07:28] [ThreadPoolExecutor-0_0]   Processing image 55/113: CAM_DE_01_20241004110626_predseg_labels.png
[2025-12-30 23:07:30] [ThreadPoolExecutor-0_3]   Processing image 20/106: CAM_DE_01_20241006190026.jpg
[2025-12-30 23:07:36] [ThreadPoolExecutor-0_1]   Processing image 50/105: CAM_DE_01_20241005112426_predseg_labels.png
[2025-12-30 23:07:36] [ThreadPoolExecutor-0_2]   Processing image 88/114: CAM_DE_01_20241003181825_predseg_labels.png
[2025-12-30 23:07:42] [ThreadPoolExecutor-0_0]   Processing image 66/113: CAM_DE_01_20241004210026_predseg_labels.png
[2025-12-30 23:07:49] [ThreadPoolExecutor-0_3]   Processing image 30/106: CAM_DE_01_20241006113625.jpg
[2025-12-30 23:07:58] [ThreadPoolExecutor-0_1]   Processing image 60/105: CAM_DE_01_20241005131226_predseg_labels.png
[2025-12-30 23:08:06] [ThreadPoolExecutor-0_2]   Processing image 99/114: CAM_DE_01_20241003154225_predseg_labels.png
[2025-12-30 23:08:18] [ThreadPoolExecutor-0_0]   Processing image 77/113: CAM_DE_01_20241004121226_predseg_labels.png
[2025-12-30 23:08:26] [ThreadPoolExecutor-0_1]   Processing image 70/105: CAM_DE_01_20241005110405_predseg_labels.png
[2025-12-30 23:08:27] [ThreadPoolExecutor-0_3]   Processing image 40/106: CAM_DE_01_20241006144825.jpg
[2025-12-30 23:08:28] [ThreadPoolExecutor-0_2]   Processing image 110/114: CAM_DE_01_20241003123626_predseg_labels.png
[2025-12-30 23:08:33] [ThreadPoolExecutor-0_2]   Processing image 114/114: CAM_DE_01_20241003134225_predseg_labels.png
[2025-12-30 23:08:33] [ThreadPoolExecutor-0_0]   Processing image 88/113: CAM_DE_01_20241004174226_predseg_labels.png
[2025-12-30 23:08:35] [ThreadPoolExecutor-0_2]   Successfully processed 114 images.
[2025-12-30 23:08:35] [ThreadPoolExecutor-0_2] === Batch Rectification Complete ===
[2025-12-30 23:08:35] [ThreadPoolExecutor-0_2] +++ Successfully processed event DE_01_20241003082917_20241003213518 +++
[2025-12-30 23:08:35] [ThreadPoolExecutor-0_2] --- Processing event: DE_01_20241007123528_20241007222928 ---
[2025-12-30 23:08:35] [ThreadPoolExecutor-0_2] [DE_01_20241007123528_20241007222928] Rectifying images from: orig_images
[2025-12-30 23:08:35] [ThreadPoolExecutor-0_2] 
=== Starting Batch Rectification ===
[2025-12-30 23:08:35] [ThreadPoolExecutor-0_2]   Source folder: /rsstu/users/k/kanarde/NASA-Sunnyverse/rmccune/poseidon/data/down_east/flood_events/DE_01_20241007123528_20241007222928/orig_images
[2025-12-30 23:08:35] [ThreadPoolExecutor-0_2]   Output Zarr store: /rsstu/users/k/kanarde/NASA-Sunnyverse/rmccune/poseidon/data/down_east/flood_events/DE_01_20241007123528_20241007222928/zarr/orig_image_rects
[2025-12-30 23:08:35] [ThreadPoolExecutor-0_2]   Found 99 images to process.
[2025-12-30 23:08:35] [ThreadPoolExecutor-0_2]   Processing image 1/99: CAM_DE_01_20241007153026.jpg
[2025-12-30 23:08:38] [ThreadPoolExecutor-0_1]   Processing image 80/105: CAM_DE_01_20241005192426_predseg_labels.png
[2025-12-30 23:08:45] [ThreadPoolExecutor-0_3]   Processing image 50/106: CAM_DE_01_20241006143026.jpg
[2025-12-30 23:08:47] [ThreadPoolExecutor-0_0]   Processing image 99/113: CAM_DE_01_20241004124826_predseg_labels.png
[2025-12-30 23:08:50] [ThreadPoolExecutor-0_1]   Processing image 90/105: CAM_DE_01_20241005174225_predseg_labels.png
[2025-12-30 23:08:53] [ThreadPoolExecutor-0_2]   Processing image 9/99: CAM_DE_01_20241007164826.jpg
[2025-12-30 23:09:01] [ThreadPoolExecutor-0_0]   Processing image 110/113: CAM_DE_01_20241004134825_predseg_labels.png
[2025-12-30 23:09:03] [ThreadPoolExecutor-0_1]   Processing image 100/105: CAM_DE_01_20241005121225_predseg_labels.png
[2025-12-30 23:09:05] [ThreadPoolExecutor-0_0]   Processing image 113/113: CAM_DE_01_20241004163026_predseg_labels.png
[2025-12-30 23:09:06] [ThreadPoolExecutor-0_0]   Successfully processed 113 images.
[2025-12-30 23:09:06] [ThreadPoolExecutor-0_0] === Batch Rectification Complete ===
[2025-12-30 23:09:06] [ThreadPoolExecutor-0_0] +++ Successfully processed event DE_01_20241004094717_20241004212352 +++
[2025-12-30 23:09:06] [ThreadPoolExecutor-0_0] --- Processing event: DE_01_20241008130038_20241009001238 ---
[2025-12-30 23:09:06] [ThreadPoolExecutor-0_0] [DE_01_20241008130038_20241009001238] Rectifying images from: orig_images
[2025-12-30 23:09:06] [ThreadPoolExecutor-0_0] 
=== Starting Batch Rectification ===
[2025-12-30 23:09:06] [ThreadPoolExecutor-0_0]   Source folder: /rsstu/users/k/kanarde/NASA-Sunnyverse/rmccune/poseidon/data/down_east/flood_events/DE_01_20241008130038_20241009001238/orig_images
[2025-12-30 23:09:06] [ThreadPoolExecutor-0_0]   Output Zarr store: /rsstu/users/k/kanarde/NASA-Sunnyverse/rmccune/poseidon/data/down_east/flood_events/DE_01_20241008130038_20241009001238/zarr/orig_image_rects
[2025-12-30 23:09:06] [ThreadPoolExecutor-0_0]   Found 106 images to process.
[2025-12-30 23:09:06] [ThreadPoolExecutor-0_0]   Processing image 1/106: CAM_DE_01_20241008133026.jpg
[2025-12-30 23:09:11] [ThreadPoolExecutor-0_1]   Processing image 105/105: CAM_DE_01_20241005201225_predseg_labels.png
[2025-12-30 23:09:11] [ThreadPoolExecutor-0_1]   Successfully processed 105 images.
[2025-12-30 23:09:11] [ThreadPoolExecutor-0_1] === Batch Rectification Complete ===
[2025-12-30 23:09:11] [ThreadPoolExecutor-0_1] +++ Successfully processed event DE_01_20241005104804_20241005211801 +++
[2025-12-30 23:09:11] [ThreadPoolExecutor-0_3]   Processing image 60/106: CAM_DE_01_20241006133025.jpg
[2025-12-30 23:09:11] [ThreadPoolExecutor-0_1] --- Processing event: DE_01_20241009130147_20241010005547 ---
[2025-12-30 23:09:11] [ThreadPoolExecutor-0_1] [DE_01_20241009130147_20241010005547] Rectifying images from: orig_images
[2025-12-30 23:09:11] [ThreadPoolExecutor-0_1] 
=== Starting Batch Rectification ===
[2025-12-30 23:09:11] [ThreadPoolExecutor-0_1]   Source folder: /rsstu/users/k/kanarde/NASA-Sunnyverse/rmccune/poseidon/data/down_east/flood_events/DE_01_20241009130147_20241010005547/orig_images
[2025-12-30 23:09:11] [ThreadPoolExecutor-0_1]   Output Zarr store: /rsstu/users/k/kanarde/NASA-Sunnyverse/rmccune/poseidon/data/down_east/flood_events/DE_01_20241009130147_20241010005547/zarr/orig_image_rects
[2025-12-30 23:09:12] [ThreadPoolExecutor-0_1]   Found 107 images to process.
[2025-12-30 23:09:12] [ThreadPoolExecutor-0_1]   Processing image 1/107: CAM_DE_01_20241009200626.jpg
[2025-12-30 23:09:16] [ThreadPoolExecutor-0_2]   Processing image 18/99: CAM_DE_01_20241007124826.jpg
[2025-12-30 23:09:28] [ThreadPoolExecutor-0_0]   Processing image 10/106: CAM_DE_01_20241008210026.jpg
[2025-12-30 23:09:33] [ThreadPoolExecutor-0_1]   Processing image 10/107: CAM_DE_01_20241009202426.jpg
[2025-12-30 23:09:36] [ThreadPoolExecutor-0_3]   Processing image 70/106: CAM_DE_01_20241006201829.jpg
[2025-12-30 23:09:39] [ThreadPoolExecutor-0_2]   Processing image 27/99: CAM_DE_01_20241007201225.jpg
[2025-12-30 23:09:55] [ThreadPoolExecutor-0_0]   Processing image 20/106: CAM_DE_01_20241008152426.jpg
[2025-12-30 23:10:00] [ThreadPoolExecutor-0_1]   Processing image 20/107: CAM_DE_01_20241009234701.jpg
[2025-12-30 23:10:02] [ThreadPoolExecutor-0_3]   Processing image 80/106: CAM_DE_01_20241006121225.jpg
[2025-12-30 23:10:02] [ThreadPoolExecutor-0_2]   Processing image 36/99: CAM_DE_01_20241007160026.jpg
[2025-12-30 23:10:20] [ThreadPoolExecutor-0_0]   Processing image 30/106: CAM_DE_01_20241008184225.jpg
[2025-12-30 23:10:25] [ThreadPoolExecutor-0_1]   Processing image 30/107: CAM_DE_01_20241009190626.jpg
[2025-12-30 23:10:25] [ThreadPoolExecutor-0_2]   Processing image 45/99: CAM_DE_01_20241007170625.jpg
[2025-12-30 23:10:28] [ThreadPoolExecutor-0_3]   Processing image 90/106: CAM_DE_01_20241006211835.jpg
[2025-12-30 23:10:45] [ThreadPoolExecutor-0_0]   Processing image 40/106: CAM_DE_01_20241008170626.jpg
[2025-12-30 23:10:47] [ThreadPoolExecutor-0_2]   Processing image 54/99: CAM_DE_01_20241007155425.jpg
[2025-12-30 23:10:50] [ThreadPoolExecutor-0_1]   Processing image 40/107: CAM_DE_01_20241009173625.jpg
[2025-12-30 23:10:52] [ThreadPoolExecutor-0_3]   Processing image 100/106: CAM_DE_01_20241006211236.jpg
[2025-12-30 23:11:07] [ThreadPoolExecutor-0_3]   Processing image 106/106: CAM_DE_01_20241006194225.jpg
[2025-12-30 23:11:10] [ThreadPoolExecutor-0_0]   Processing image 50/106: CAM_DE_01_20241008225206.jpg
[2025-12-30 23:11:10] [ThreadPoolExecutor-0_3]   Successfully processed 106 images.
[2025-12-30 23:11:10] [ThreadPoolExecutor-0_3] === Batch Rectification Complete ===
[2025-12-30 23:11:10] [ThreadPoolExecutor-0_3] [DE_01_20241006113119_20241006221319] Rectifying labels from: labels
[2025-12-30 23:11:10] [ThreadPoolExecutor-0_3] 
=== Starting Batch Rectification ===
[2025-12-30 23:11:10] [ThreadPoolExecutor-0_3]   Source folder: /rsstu/users/k/kanarde/NASA-Sunnyverse/rmccune/poseidon/data/down_east/flood_events/DE_01_20241006113119_20241006221319/labels
[2025-12-30 23:11:10] [ThreadPoolExecutor-0_3]   Output Zarr store: /rsstu/users/k/kanarde/NASA-Sunnyverse/rmccune/poseidon/data/down_east/flood_events/DE_01_20241006113119_20241006221319/zarr/labels_rects
[2025-12-30 23:11:10] [ThreadPoolExecutor-0_2]   Processing image 63/99: CAM_DE_01_20241007150626.jpg
[2025-12-30 23:11:10] [ThreadPoolExecutor-0_3]   Found 106 images to process.
[2025-12-30 23:11:10] [ThreadPoolExecutor-0_3]   Processing image 1/106: CAM_DE_01_20241006204835_predseg_labels.png
[2025-12-30 23:11:15] [ThreadPoolExecutor-0_1]   Processing image 50/107: CAM_DE_01_20241009182426.jpg
[2025-12-30 23:11:22] [ThreadPoolExecutor-0_3]   Processing image 10/106: CAM_DE_01_20241006211236_predseg_labels.png
[2025-12-30 23:11:33] [ThreadPoolExecutor-0_2]   Processing image 72/99: CAM_DE_01_20241007161826.jpg
[2025-12-30 23:11:35] [ThreadPoolExecutor-0_3]   Processing image 20/106: CAM_DE_01_20241006192426_predseg_labels.png
[2025-12-30 23:11:36] [ThreadPoolExecutor-0_0]   Processing image 60/106: CAM_DE_01_20241008164226.jpg
[2025-12-30 23:11:41] [ThreadPoolExecutor-0_1]   Processing image 60/107: CAM_DE_01_20241009204225.jpg
[2025-12-30 23:11:49] [ThreadPoolExecutor-0_3]   Processing image 30/106: CAM_DE_01_20241006133025_predseg_labels.png
[2025-12-30 23:11:58] [ThreadPoolExecutor-0_2]   Processing image 81/99: CAM_DE_01_20241007190025.jpg
[2025-12-30 23:12:03] [ThreadPoolExecutor-0_3]   Processing image 40/106: CAM_DE_01_20241006193626_predseg_labels.png
[2025-12-30 23:12:03] [ThreadPoolExecutor-0_0]   Processing image 70/106: CAM_DE_01_20241008171826.jpg
[2025-12-30 23:12:08] [ThreadPoolExecutor-0_1]   Processing image 70/107: CAM_DE_01_20241009141826.jpg
[2025-12-30 23:12:15] [ThreadPoolExecutor-0_3]   Processing image 50/106: CAM_DE_01_20241006140626_predseg_labels.png
[2025-12-30 23:12:21] [ThreadPoolExecutor-0_2]   Processing image 90/99: CAM_DE_01_20241007171825.jpg
[2025-12-30 23:12:28] [ThreadPoolExecutor-0_3]   Processing image 60/106: CAM_DE_01_20241006160025_predseg_labels.png
[2025-12-30 23:12:28] [ThreadPoolExecutor-0_0]   Processing image 80/106: CAM_DE_01_20241008191225.jpg
[2025-12-30 23:12:33] [ThreadPoolExecutor-0_1]   Processing image 80/107: CAM_DE_01_20241009155426.jpg
[2025-12-30 23:12:40] [ThreadPoolExecutor-0_3]   Processing image 70/106: CAM_DE_01_20241006113625_predseg_labels.png
[2025-12-30 23:12:43] [ThreadPoolExecutor-0_2]   Processing image 99/99: CAM_DE_01_20241007221225.jpg
[2025-12-30 23:12:45] [ThreadPoolExecutor-0_2]   Successfully processed 99 images.
[2025-12-30 23:12:45] [ThreadPoolExecutor-0_2] === Batch Rectification Complete ===
[2025-12-30 23:12:45] [ThreadPoolExecutor-0_2] [DE_01_20241007123528_20241007222928] Rectifying labels from: labels
[2025-12-30 23:12:45] [ThreadPoolExecutor-0_2] 
=== Starting Batch Rectification ===
[2025-12-30 23:12:45] [ThreadPoolExecutor-0_2]   Source folder: /rsstu/users/k/kanarde/NASA-Sunnyverse/rmccune/poseidon/data/down_east/flood_events/DE_01_20241007123528_20241007222928/labels
[2025-12-30 23:12:45] [ThreadPoolExecutor-0_2]   Output Zarr store: /rsstu/users/k/kanarde/NASA-Sunnyverse/rmccune/poseidon/data/down_east/flood_events/DE_01_20241007123528_20241007222928/zarr/labels_rects
[2025-12-30 23:12:45] [ThreadPoolExecutor-0_2]   Found 99 images to process.
[2025-12-30 23:12:45] [ThreadPoolExecutor-0_2]   Processing image 1/99: CAM_DE_01_20241007143625_predseg_labels.png
[2025-12-30 23:12:57] [ThreadPoolExecutor-0_3]   Processing image 80/106: CAM_DE_01_20241006181226_predseg_labels.png
[2025-12-30 23:13:03] [ThreadPoolExecutor-0_0]   Processing image 90/106: CAM_DE_01_20241008154825.jpg
[2025-12-30 23:13:18] [ThreadPoolExecutor-0_2]   Processing image 9/99: CAM_DE_01_20241007164826_predseg_labels.png
[2025-12-30 23:13:24] [ThreadPoolExecutor-0_1]   Processing image 90/107: CAM_DE_01_20241009210026.jpg
[2025-12-30 23:13:36] [ThreadPoolExecutor-0_3]   Processing image 90/106: CAM_DE_01_20241006170625_predseg_labels.png
[2025-12-30 23:13:39] [ThreadPoolExecutor-0_2]   Processing image 18/99: CAM_DE_01_20241007192425_predseg_labels.png
[2025-12-30 23:13:49] [ThreadPoolExecutor-0_3]   Processing image 100/106: CAM_DE_01_20241006134826_predseg_labels.png
[2025-12-30 23:13:50] [ThreadPoolExecutor-0_0]   Processing image 100/106: CAM_DE_01_20241008131226.jpg
[2025-12-30 23:13:50] [ThreadPoolExecutor-0_2]   Processing image 27/99: CAM_DE_01_20241007212426_predseg_labels.png
[2025-12-30 23:13:55] [ThreadPoolExecutor-0_1]   Processing image 100/107: CAM_DE_01_20241009153626.jpg
[2025-12-30 23:13:57] [ThreadPoolExecutor-0_3]   Processing image 106/106: CAM_DE_01_20241006130026_predseg_labels.png
[2025-12-30 23:13:58] [ThreadPoolExecutor-0_3]   Successfully processed 106 images.
[2025-12-30 23:13:58] [ThreadPoolExecutor-0_3] === Batch Rectification Complete ===
[2025-12-30 23:13:58] [ThreadPoolExecutor-0_3] +++ Successfully processed event DE_01_20241006113119_20241006221319 +++
[2025-12-30 23:13:58] [ThreadPoolExecutor-0_3] --- Processing event: DE_01_20241010145732_20241011015131 ---
[2025-12-30 23:13:58] [ThreadPoolExecutor-0_3] [DE_01_20241010145732_20241011015131] Rectifying images from: orig_images
[2025-12-30 23:13:58] [ThreadPoolExecutor-0_3] 
=== Starting Batch Rectification ===
[2025-12-30 23:13:58] [ThreadPoolExecutor-0_3]   Source folder: /rsstu/users/k/kanarde/NASA-Sunnyverse/rmccune/poseidon/data/down_east/flood_events/DE_01_20241010145732_20241011015131/orig_images
[2025-12-30 23:13:58] [ThreadPoolExecutor-0_3]   Output Zarr store: /rsstu/users/k/kanarde/NASA-Sunnyverse/rmccune/poseidon/data/down_east/flood_events/DE_01_20241010145732_20241011015131/zarr/orig_image_rects
[2025-12-30 23:13:58] [ThreadPoolExecutor-0_3]   Found 87 images to process.
[2025-12-30 23:13:58] [ThreadPoolExecutor-0_3]   Processing image 1/87: CAM_DE_01_20241010175426.jpg
[2025-12-30 23:14:02] [ThreadPoolExecutor-0_2]   Processing image 36/99: CAM_DE_01_20241007123626_predseg_labels.png
[2025-12-30 23:14:05] [ThreadPoolExecutor-0_0]   Processing image 106/106: CAM_DE_01_20241008140625.jpg
[2025-12-30 23:14:07] [ThreadPoolExecutor-0_0]   Successfully processed 106 images.
[2025-12-30 23:14:07] [ThreadPoolExecutor-0_0] === Batch Rectification Complete ===
[2025-12-30 23:14:07] [ThreadPoolExecutor-0_0] [DE_01_20241008130038_20241009001238] Rectifying labels from: labels
[2025-12-30 23:14:07] [ThreadPoolExecutor-0_0] 
=== Starting Batch Rectification ===
[2025-12-30 23:14:07] [ThreadPoolExecutor-0_0]   Source folder: /rsstu/users/k/kanarde/NASA-Sunnyverse/rmccune/poseidon/data/down_east/flood_events/DE_01_20241008130038_20241009001238/labels
[2025-12-30 23:14:07] [ThreadPoolExecutor-0_0]   Output Zarr store: /rsstu/users/k/kanarde/NASA-Sunnyverse/rmccune/poseidon/data/down_east/flood_events/DE_01_20241008130038_20241009001238/zarr/labels_rects
[2025-12-30 23:14:07] [ThreadPoolExecutor-0_0]   Found 106 images to process.
[2025-12-30 23:14:07] [ThreadPoolExecutor-0_0]   Processing image 1/106: CAM_DE_01_20241008220625_predseg_labels.png
[2025-12-30 23:14:11] [ThreadPoolExecutor-0_1]   Processing image 107/107: CAM_DE_01_20241009150626.jpg
[2025-12-30 23:14:11] [ThreadPoolExecutor-0_2]   Processing image 45/99: CAM_DE_01_20241007213626_predseg_labels.png
[2025-12-30 23:14:13] [ThreadPoolExecutor-0_3]   Processing image 8/87: CAM_DE_01_20241010225806.jpg
[2025-12-30 23:14:13] [ThreadPoolExecutor-0_1]   Successfully processed 107 images.
[2025-12-30 23:14:13] [ThreadPoolExecutor-0_1] === Batch Rectification Complete ===
[2025-12-30 23:14:13] [ThreadPoolExecutor-0_1] [DE_01_20241009130147_20241010005547] Rectifying labels from: labels
[2025-12-30 23:14:13] [ThreadPoolExecutor-0_1] 
=== Starting Batch Rectification ===
[2025-12-30 23:14:13] [ThreadPoolExecutor-0_1]   Source folder: /rsstu/users/k/kanarde/NASA-Sunnyverse/rmccune/poseidon/data/down_east/flood_events/DE_01_20241009130147_20241010005547/labels
[2025-12-30 23:14:13] [ThreadPoolExecutor-0_1]   Output Zarr store: /rsstu/users/k/kanarde/NASA-Sunnyverse/rmccune/poseidon/data/down_east/flood_events/DE_01_20241009130147_20241010005547/zarr/labels_rects
[2025-12-30 23:14:13] [ThreadPoolExecutor-0_1]   Found 107 images to process.
[2025-12-30 23:14:13] [ThreadPoolExecutor-0_1]   Processing image 1/107: CAM_DE_01_20241009222426_predseg_labels.png
[2025-12-30 23:14:19] [ThreadPoolExecutor-0_0]   Processing image 10/106: CAM_DE_01_20241008194826_predseg_labels.png
[2025-12-30 23:14:24] [ThreadPoolExecutor-0_2]   Processing image 54/99: CAM_DE_01_20241007203025_predseg_labels.png
[2025-12-30 23:14:27] [ThreadPoolExecutor-0_1]   Processing image 10/107: CAM_DE_01_20241009161226_predseg_labels.png
[2025-12-30 23:14:28] [ThreadPoolExecutor-0_3]   Processing image 16/87: CAM_DE_01_20241010184826.jpg
[2025-12-30 23:14:33] [ThreadPoolExecutor-0_0]   Processing image 20/106: CAM_DE_01_20241008181826_predseg_labels.png
[2025-12-30 23:14:37] [ThreadPoolExecutor-0_2]   Processing image 63/99: CAM_DE_01_20241007141825_predseg_labels.png
[2025-12-30 23:14:41] [ThreadPoolExecutor-0_3]   Processing image 24/87: CAM_DE_01_20241010163025.jpg
[2025-12-30 23:14:41] [ThreadPoolExecutor-0_1]   Processing image 20/107: CAM_DE_01_20241009204225_predseg_labels.png
[2025-12-30 23:14:47] [ThreadPoolExecutor-0_0]   Processing image 30/106: CAM_DE_01_20241008220025_predseg_labels.png
[2025-12-30 23:14:50] [ThreadPoolExecutor-0_2]   Processing image 72/99: CAM_DE_01_20241007172426_predseg_labels.png
[2025-12-30 23:14:55] [ThreadPoolExecutor-0_1]   Processing image 30/107: CAM_DE_01_20241009140626_predseg_labels.png
[2025-12-30 23:14:55] [ThreadPoolExecutor-0_3]   Processing image 32/87: CAM_DE_01_20241010225206.jpg
[2025-12-30 23:15:00] [ThreadPoolExecutor-0_0]   Processing image 40/106: CAM_DE_01_20241008163625_predseg_labels.png
[2025-12-30 23:15:01] [ThreadPoolExecutor-0_2]   Processing image 81/99: CAM_DE_01_20241007151225_predseg_labels.png
[2025-12-30 23:15:08] [ThreadPoolExecutor-0_3]   Processing image 40/87: CAM_DE_01_20241010192426.jpg
[2025-12-30 23:15:09] [ThreadPoolExecutor-0_1]   Processing image 40/107: CAM_DE_01_20241009195426_predseg_labels.png
[2025-12-30 23:15:14] [ThreadPoolExecutor-0_2]   Processing image 90/99: CAM_DE_01_20241007203626_predseg_labels.png
[2025-12-30 23:15:14] [ThreadPoolExecutor-0_0]   Processing image 50/106: CAM_DE_01_20241008222425_predseg_labels.png
[2025-12-30 23:15:23] [ThreadPoolExecutor-0_3]   Processing image 48/87: CAM_DE_01_20241010204225.jpg
[2025-12-30 23:15:23] [ThreadPoolExecutor-0_1]   Processing image 50/107: CAM_DE_01_20241009171825_predseg_labels.png
[2025-12-30 23:15:27] [ThreadPoolExecutor-0_2]   Processing image 99/99: CAM_DE_01_20241007175426_predseg_labels.png
[2025-12-30 23:15:29] [ThreadPoolExecutor-0_0]   Processing image 60/106: CAM_DE_01_20241008191225_predseg_labels.png
[2025-12-30 23:15:29] [ThreadPoolExecutor-0_2]   Successfully processed 99 images.
[2025-12-30 23:15:29] [ThreadPoolExecutor-0_2] === Batch Rectification Complete ===
[2025-12-30 23:15:29] [ThreadPoolExecutor-0_2] +++ Successfully processed event DE_01_20241007123528_20241007222928 +++
[2025-12-30 23:15:29] [ThreadPoolExecutor-0_2] --- Processing event: DE_01_20241011153407_20241012022806 ---
[2025-12-30 23:15:29] [ThreadPoolExecutor-0_2] [DE_01_20241011153407_20241012022806] Rectifying images from: orig_images
[2025-12-30 23:15:29] [ThreadPoolExecutor-0_2] 
=== Starting Batch Rectification ===
[2025-12-30 23:15:29] [ThreadPoolExecutor-0_2]   Source folder: /rsstu/users/k/kanarde/NASA-Sunnyverse/rmccune/poseidon/data/down_east/flood_events/DE_01_20241011153407_20241012022806/orig_images
[2025-12-30 23:15:29] [ThreadPoolExecutor-0_2]   Output Zarr store: /rsstu/users/k/kanarde/NASA-Sunnyverse/rmccune/poseidon/data/down_east/flood_events/DE_01_20241011153407_20241012022806/zarr/orig_image_rects
[2025-12-30 23:15:29] [ThreadPoolExecutor-0_2]   Found 82 images to process.
[2025-12-30 23:15:29] [ThreadPoolExecutor-0_2]   Processing image 1/82: CAM_DE_01_20241011225806.jpg
[2025-12-30 23:15:36] [ThreadPoolExecutor-0_1]   Processing image 60/107: CAM_DE_01_20241009164226_predseg_labels.png
[2025-12-30 23:15:40] [ThreadPoolExecutor-0_3]   Processing image 56/87: CAM_DE_01_20241010210626.jpg
[2025-12-30 23:15:41] [ThreadPoolExecutor-0_0]   Processing image 70/106: CAM_DE_01_20241008175426_predseg_labels.png
[2025-12-30 23:15:45] [ThreadPoolExecutor-0_2]   Processing image 8/82: CAM_DE_01_20241011165425.jpg
[2025-12-30 23:15:49] [ThreadPoolExecutor-0_1]   Processing image 70/107: CAM_DE_01_20241009204826_predseg_labels.png
[2025-12-30 23:15:54] [ThreadPoolExecutor-0_0]   Processing image 80/106: CAM_DE_01_20241008164825_predseg_labels.png
[2025-12-30 23:15:59] [ThreadPoolExecutor-0_3]   Processing image 64/87: CAM_DE_01_20241010190626.jpg
[2025-12-30 23:16:01] [ThreadPoolExecutor-0_1]   Processing image 80/107: CAM_DE_01_20241009184226_predseg_labels.png
[2025-12-30 23:16:04] [ThreadPoolExecutor-0_2]   Processing image 16/82: CAM_DE_01_20241011212425.jpg
[2025-12-30 23:16:06] [ThreadPoolExecutor-0_0]   Processing image 90/106: CAM_DE_01_20241008191825_predseg_labels.png
[2025-12-30 23:16:13] [ThreadPoolExecutor-0_1]   Processing image 90/107: CAM_DE_01_20241009165426_predseg_labels.png
[2025-12-30 23:16:18] [ThreadPoolExecutor-0_0]   Processing image 100/106: CAM_DE_01_20241008213625_predseg_labels.png
[2025-12-30 23:16:19] [ThreadPoolExecutor-0_3]   Processing image 72/87: CAM_DE_01_20241010235859.jpg
[2025-12-30 23:16:25] [ThreadPoolExecutor-0_2]   Processing image 24/82: CAM_DE_01_20241011215425.jpg
[2025-12-30 23:16:26] [ThreadPoolExecutor-0_0]   Processing image 106/106: CAM_DE_01_20241008202425_predseg_labels.png
[2025-12-30 23:16:26] [ThreadPoolExecutor-0_1]   Processing image 100/107: CAM_DE_01_20241009220625_predseg_labels.png
[2025-12-30 23:16:27] [ThreadPoolExecutor-0_0]   Successfully processed 106 images.
[2025-12-30 23:16:27] [ThreadPoolExecutor-0_0] === Batch Rectification Complete ===
[2025-12-30 23:16:27] [ThreadPoolExecutor-0_0] +++ Successfully processed event DE_01_20241008130038_20241009001238 +++
[2025-12-30 23:16:27] [ThreadPoolExecutor-0_0] --- Processing event: DE_01_20241012175450_20241013020725 ---
[2025-12-30 23:16:27] [ThreadPoolExecutor-0_0] [DE_01_20241012175450_20241013020725] Rectifying images from: orig_images
[2025-12-30 23:16:27] [ThreadPoolExecutor-0_0] 
=== Starting Batch Rectification ===
[2025-12-30 23:16:27] [ThreadPoolExecutor-0_0]   Source folder: /rsstu/users/k/kanarde/NASA-Sunnyverse/rmccune/poseidon/data/down_east/flood_events/DE_01_20241012175450_20241013020725/orig_images
[2025-12-30 23:16:27] [ThreadPoolExecutor-0_0]   Output Zarr store: /rsstu/users/k/kanarde/NASA-Sunnyverse/rmccune/poseidon/data/down_east/flood_events/DE_01_20241012175450_20241013020725/zarr/orig_image_rects
[2025-12-30 23:16:27] [ThreadPoolExecutor-0_0]   Found 56 images to process.
[2025-12-30 23:16:27] [ThreadPoolExecutor-0_0]   Processing image 1/56: CAM_DE_01_20241012232914.jpg
[2025-12-30 23:16:34] [ThreadPoolExecutor-0_1]   Processing image 107/107: CAM_DE_01_20241009172426_predseg_labels.png
[2025-12-30 23:16:36] [ThreadPoolExecutor-0_1]   Successfully processed 107 images.
[2025-12-30 23:16:36] [ThreadPoolExecutor-0_1] === Batch Rectification Complete ===
[2025-12-30 23:16:36] [ThreadPoolExecutor-0_1] +++ Successfully processed event DE_01_20241009130147_20241010005547 +++
[2025-12-30 23:16:36] [ThreadPoolExecutor-0_1] --- Processing event: DE_01_20241017095237_20241017170437 ---
[2025-12-30 23:16:36] [ThreadPoolExecutor-0_1] [DE_01_20241017095237_20241017170437] Rectifying images from: orig_images
[2025-12-30 23:16:36] [ThreadPoolExecutor-0_1] 
=== Starting Batch Rectification ===
[2025-12-30 23:16:36] [ThreadPoolExecutor-0_1]   Source folder: /rsstu/users/k/kanarde/NASA-Sunnyverse/rmccune/poseidon/data/down_east/flood_events/DE_01_20241017095237_20241017170437/orig_images
[2025-12-30 23:16:36] [ThreadPoolExecutor-0_1]   Output Zarr store: /rsstu/users/k/kanarde/NASA-Sunnyverse/rmccune/poseidon/data/down_east/flood_events/DE_01_20241017095237_20241017170437/zarr/orig_image_rects
[2025-12-30 23:16:36] [ThreadPoolExecutor-0_1]   Found 71 images to process.
[2025-12-30 23:16:36] [ThreadPoolExecutor-0_1]   Processing image 1/71: CAM_DE_01_20241017131226.jpg
[2025-12-30 23:16:36] [ThreadPoolExecutor-0_0]   Processing image 5/56: CAM_DE_01_20241012210025.jpg
[2025-12-30 23:16:38] [ThreadPoolExecutor-0_3]   Processing image 80/87: CAM_DE_01_20241010230408.jpg
[2025-12-30 23:16:42] [ThreadPoolExecutor-0_2]   Processing image 32/82: CAM_DE_01_20241011201225.jpg
[2025-12-30 23:16:48] [ThreadPoolExecutor-0_1]   Processing image 7/71: CAM_DE_01_20241017160026.jpg
[2025-12-30 23:16:48] [ThreadPoolExecutor-0_0]   Processing image 10/56: CAM_DE_01_20241012211226.jpg
[2025-12-30 23:16:55] [ThreadPoolExecutor-0_3]   Processing image 87/87: CAM_DE_01_20241010202425.jpg
[2025-12-30 23:16:58] [ThreadPoolExecutor-0_3]   Successfully processed 87 images.
[2025-12-30 23:16:58] [ThreadPoolExecutor-0_3] === Batch Rectification Complete ===
[2025-12-30 23:16:58] [ThreadPoolExecutor-0_3] [DE_01_20241010145732_20241011015131] Rectifying labels from: labels
[2025-12-30 23:16:58] [ThreadPoolExecutor-0_3] 
=== Starting Batch Rectification ===
[2025-12-30 23:16:58] [ThreadPoolExecutor-0_3]   Source folder: /rsstu/users/k/kanarde/NASA-Sunnyverse/rmccune/poseidon/data/down_east/flood_events/DE_01_20241010145732_20241011015131/labels
[2025-12-30 23:16:58] [ThreadPoolExecutor-0_3]   Output Zarr store: /rsstu/users/k/kanarde/NASA-Sunnyverse/rmccune/poseidon/data/down_east/flood_events/DE_01_20241010145732_20241011015131/zarr/labels_rects
[2025-12-30 23:16:58] [ThreadPoolExecutor-0_3]   Found 87 images to process.
[2025-12-30 23:16:58] [ThreadPoolExecutor-0_3]   Processing image 1/87: CAM_DE_01_20241010183625_predseg_labels.png
[2025-12-30 23:17:00] [ThreadPoolExecutor-0_0]   Processing image 15/56: CAM_DE_01_20241012233504.jpg
[2025-12-30 23:17:03] [ThreadPoolExecutor-0_2]   Processing image 40/82: CAM_DE_01_20241011205426.jpg
[2025-12-30 23:17:06] [ThreadPoolExecutor-0_1]   Processing image 14/71: CAM_DE_01_20241017144825.jpg
[2025-12-30 23:17:07] [ThreadPoolExecutor-0_3]   Processing image 8/87: CAM_DE_01_20241010210626_predseg_labels.png
[2025-12-30 23:17:13] [ThreadPoolExecutor-0_0]   Processing image 20/56: CAM_DE_01_20241012205426.jpg
[2025-12-30 23:17:18] [ThreadPoolExecutor-0_3]   Processing image 16/87: CAM_DE_01_20241010225206_predseg_labels.png
[2025-12-30 23:17:24] [ThreadPoolExecutor-0_2]   Processing image 48/82: CAM_DE_01_20241011175425.jpg
[2025-12-30 23:17:24] [ThreadPoolExecutor-0_1]   Processing image 21/71: CAM_DE_01_20241017114826.jpg
[2025-12-30 23:17:27] [ThreadPoolExecutor-0_0]   Processing image 25/56: CAM_DE_01_20241012194826.jpg
[2025-12-30 23:17:29] [ThreadPoolExecutor-0_3]   Processing image 24/87: CAM_DE_01_20241010170626_predseg_labels.png
[2025-12-30 23:17:38] [ThreadPoolExecutor-0_3]   Processing image 32/87: CAM_DE_01_20241010224226_predseg_labels.png
[2025-12-30 23:17:39] [ThreadPoolExecutor-0_0]   Processing image 30/56: CAM_DE_01_20241012191225.jpg
[2025-12-30 23:17:43] [ThreadPoolExecutor-0_1]   Processing image 28/71: CAM_DE_01_20241017104027.jpg
[2025-12-30 23:17:45] [ThreadPoolExecutor-0_2]   Processing image 56/82: CAM_DE_01_20241011181826.jpg
[2025-12-30 23:17:52] [ThreadPoolExecutor-0_3]   Processing image 40/87: CAM_DE_01_20241010231010_predseg_labels.png
[2025-12-30 23:17:56] [ThreadPoolExecutor-0_0]   Processing image 35/56: CAM_DE_01_20241012210626.jpg
[2025-12-30 23:18:03] [ThreadPoolExecutor-0_3]   Processing image 48/87: CAM_DE_01_20241010200626_predseg_labels.png
[2025-12-30 23:18:05] [ThreadPoolExecutor-0_1]   Processing image 35/71: CAM_DE_01_20241017153625.jpg
[2025-12-30 23:18:13] [ThreadPoolExecutor-0_0]   Processing image 40/56: CAM_DE_01_20241012191825.jpg
[2025-12-30 23:18:13] [ThreadPoolExecutor-0_2]   Processing image 64/82: CAM_DE_01_20241011224606.jpg
[2025-12-30 23:18:18] [ThreadPoolExecutor-0_3]   Processing image 56/87: CAM_DE_01_20241010194226_predseg_labels.png
[2025-12-30 23:18:27] [ThreadPoolExecutor-0_0]   Processing image 45/56: CAM_DE_01_20241012190026.jpg
[2025-12-30 23:18:27] [ThreadPoolExecutor-0_1]   Processing image 42/71: CAM_DE_01_20241017121226.jpg
[2025-12-30 23:18:29] [ThreadPoolExecutor-0_3]   Processing image 64/87: CAM_DE_01_20241010213025_predseg_labels.png
[2025-12-30 23:18:35] [ThreadPoolExecutor-0_2]   Processing image 72/82: CAM_DE_01_20241011160625.jpg
[2025-12-30 23:18:40] [ThreadPoolExecutor-0_3]   Processing image 72/87: CAM_DE_01_20241010214225_predseg_labels.png
[2025-12-30 23:18:40] [ThreadPoolExecutor-0_0]   Processing image 50/56: CAM_DE_01_20241012193625.jpg
[2025-12-30 23:18:45] [ThreadPoolExecutor-0_1]   Processing image 49/71: CAM_DE_01_20241017152426.jpg
[2025-12-30 23:18:49] [ThreadPoolExecutor-0_3]   Processing image 80/87: CAM_DE_01_20241010171825_predseg_labels.png
[2025-12-30 23:18:53] [ThreadPoolExecutor-0_0]   Processing image 55/56: CAM_DE_01_20241012214225.jpg
[2025-12-30 23:18:56] [ThreadPoolExecutor-0_0]   Processing image 56/56: CAM_DE_01_20241012231620.jpg
[2025-12-30 23:18:56] [ThreadPoolExecutor-0_2]   Processing image 80/82: CAM_DE_01_20241011194826.jpg
[2025-12-30 23:18:59] [ThreadPoolExecutor-0_0]   Successfully processed 56 images.
[2025-12-30 23:18:59] [ThreadPoolExecutor-0_0] === Batch Rectification Complete ===
[2025-12-30 23:18:59] [ThreadPoolExecutor-0_0] [DE_01_20241012175450_20241013020725] Rectifying labels from: labels
[2025-12-30 23:18:59] [ThreadPoolExecutor-0_0] 
=== Starting Batch Rectification ===
[2025-12-30 23:18:59] [ThreadPoolExecutor-0_0]   Source folder: /rsstu/users/k/kanarde/NASA-Sunnyverse/rmccune/poseidon/data/down_east/flood_events/DE_01_20241012175450_20241013020725/labels
[2025-12-30 23:18:59] [ThreadPoolExecutor-0_0]   Output Zarr store: /rsstu/users/k/kanarde/NASA-Sunnyverse/rmccune/poseidon/data/down_east/flood_events/DE_01_20241012175450_20241013020725/zarr/labels_rects
[2025-12-30 23:18:59] [ThreadPoolExecutor-0_0]   Found 56 images to process.
[2025-12-30 23:18:59] [ThreadPoolExecutor-0_0]   Processing image 1/56: CAM_DE_01_20241012222426_predseg_labels.png
[2025-12-30 23:18:59] [ThreadPoolExecutor-0_3]   Processing image 87/87: CAM_DE_01_20241010184826_predseg_labels.png
[2025-12-30 23:19:01] [ThreadPoolExecutor-0_3]   Successfully processed 87 images.
[2025-12-30 23:19:01] [ThreadPoolExecutor-0_3] === Batch Rectification Complete ===
[2025-12-30 23:19:01] [ThreadPoolExecutor-0_3] +++ Successfully processed event DE_01_20241010145732_20241011015131 +++
[2025-12-30 23:19:01] [ThreadPoolExecutor-0_3] --- Processing event: DE_01_20241018101028_20241018195509 ---
[2025-12-30 23:19:01] [ThreadPoolExecutor-0_3] [DE_01_20241018101028_20241018195509] Rectifying images from: orig_images
[2025-12-30 23:19:01] [ThreadPoolExecutor-0_3] 
=== Starting Batch Rectification ===
[2025-12-30 23:19:01] [ThreadPoolExecutor-0_3]   Source folder: /rsstu/users/k/kanarde/NASA-Sunnyverse/rmccune/poseidon/data/down_east/flood_events/DE_01_20241018101028_20241018195509/orig_images
[2025-12-30 23:19:01] [ThreadPoolExecutor-0_3]   Output Zarr store: /rsstu/users/k/kanarde/NASA-Sunnyverse/rmccune/poseidon/data/down_east/flood_events/DE_01_20241018101028_20241018195509/zarr/orig_image_rects
[2025-12-30 23:19:01] [ThreadPoolExecutor-0_3]   Found 99 images to process.
[2025-12-30 23:19:01] [ThreadPoolExecutor-0_3]   Processing image 1/99: CAM_DE_01_20241018194826.jpg
[2025-12-30 23:19:02] [ThreadPoolExecutor-0_2]   Processing image 82/82: CAM_DE_01_20241011235918.jpg
[2025-12-30 23:19:04] [ThreadPoolExecutor-0_1]   Processing image 56/71: CAM_DE_01_20241017135426.jpg
[2025-12-30 23:19:04] [ThreadPoolExecutor-0_2]   Successfully processed 82 images.
[2025-12-30 23:19:04] [ThreadPoolExecutor-0_2] === Batch Rectification Complete ===
[2025-12-30 23:19:04] [ThreadPoolExecutor-0_2] [DE_01_20241011153407_20241012022806] Rectifying labels from: labels
[2025-12-30 23:19:04] [ThreadPoolExecutor-0_2] 
=== Starting Batch Rectification ===
[2025-12-30 23:19:04] [ThreadPoolExecutor-0_2]   Source folder: /rsstu/users/k/kanarde/NASA-Sunnyverse/rmccune/poseidon/data/down_east/flood_events/DE_01_20241011153407_20241012022806/labels
[2025-12-30 23:19:04] [ThreadPoolExecutor-0_2]   Output Zarr store: /rsstu/users/k/kanarde/NASA-Sunnyverse/rmccune/poseidon/data/down_east/flood_events/DE_01_20241011153407_20241012022806/zarr/labels_rects
[2025-12-30 23:19:04] [ThreadPoolExecutor-0_0]   Processing image 5/56: CAM_DE_01_20241012214225_predseg_labels.png
[2025-12-30 23:19:04] [ThreadPoolExecutor-0_2]   Found 82 images to process.
[2025-12-30 23:19:04] [ThreadPoolExecutor-0_2]   Processing image 1/82: CAM_DE_01_20241011205426_predseg_labels.png
[2025-12-30 23:19:11] [ThreadPoolExecutor-0_0]   Processing image 10/56: CAM_DE_01_20241012223625_predseg_labels.png
[2025-12-30 23:19:14] [ThreadPoolExecutor-0_2]   Processing image 8/82: CAM_DE_01_20241011193625_predseg_labels.png
[2025-12-30 23:19:18] [ThreadPoolExecutor-0_0]   Processing image 15/56: CAM_DE_01_20241012184826_predseg_labels.png
[2025-12-30 23:19:20] [ThreadPoolExecutor-0_3]   Processing image 9/99: CAM_DE_01_20241018103438.jpg
[2025-12-30 23:19:23] [ThreadPoolExecutor-0_1]   Processing image 63/71: CAM_DE_01_20241017122426.jpg
[2025-12-30 23:19:25] [ThreadPoolExecutor-0_2]   Processing image 16/82: CAM_DE_01_20241011203625_predseg_labels.png
[2025-12-30 23:19:25] [ThreadPoolExecutor-0_0]   Processing image 20/56: CAM_DE_01_20241012230408_predseg_labels.png
[2025-12-30 23:19:35] [ThreadPoolExecutor-0_0]   Processing image 25/56: CAM_DE_01_20241012205426_predseg_labels.png
[2025-12-30 23:20:02] [ThreadPoolExecutor-0_2]   Processing image 24/82: CAM_DE_01_20241011235309_predseg_labels.png
[2025-12-30 23:20:09] [ThreadPoolExecutor-0_0]   Processing image 30/56: CAM_DE_01_20241012185426_predseg_labels.png
[2025-12-30 23:20:15] [ThreadPoolExecutor-0_1]   Processing image 70/71: CAM_DE_01_20241017134225.jpg
[2025-12-30 23:20:17] [ThreadPoolExecutor-0_3]   Processing image 18/99: CAM_DE_01_20241018134226.jpg
[2025-12-30 23:20:17] [ThreadPoolExecutor-0_1]   Processing image 71/71: CAM_DE_01_20241017141825.jpg
[2025-12-30 23:20:18] [ThreadPoolExecutor-0_0]   Processing image 35/56: CAM_DE_01_20241012191225_predseg_labels.png
[2025-12-30 23:20:19] [ThreadPoolExecutor-0_2]   Processing image 32/82: CAM_DE_01_20241011173026_predseg_labels.png
[2025-12-30 23:20:19] [ThreadPoolExecutor-0_1]   Successfully processed 71 images.
[2025-12-30 23:20:19] [ThreadPoolExecutor-0_1] === Batch Rectification Complete ===
[2025-12-30 23:20:19] [ThreadPoolExecutor-0_1] [DE_01_20241017095237_20241017170437] Rectifying labels from: labels
[2025-12-30 23:20:19] [ThreadPoolExecutor-0_1] 
=== Starting Batch Rectification ===
[2025-12-30 23:20:19] [ThreadPoolExecutor-0_1]   Source folder: /rsstu/users/k/kanarde/NASA-Sunnyverse/rmccune/poseidon/data/down_east/flood_events/DE_01_20241017095237_20241017170437/labels
[2025-12-30 23:20:19] [ThreadPoolExecutor-0_1]   Output Zarr store: /rsstu/users/k/kanarde/NASA-Sunnyverse/rmccune/poseidon/data/down_east/flood_events/DE_01_20241017095237_20241017170437/zarr/labels_rects
[2025-12-30 23:20:19] [ThreadPoolExecutor-0_1]   Found 71 images to process.
[2025-12-30 23:20:19] [ThreadPoolExecutor-0_1]   Processing image 1/71: CAM_DE_01_20241017163026_predseg_labels.png
[2025-12-30 23:20:26] [ThreadPoolExecutor-0_0]   Processing image 40/56: CAM_DE_01_20241012181826_predseg_labels.png
[2025-12-30 23:20:29] [ThreadPoolExecutor-0_1]   Processing image 7/71: CAM_DE_01_20241017145426_predseg_labels.png
[2025-12-30 23:20:33] [ThreadPoolExecutor-0_2]   Processing image 40/82: CAM_DE_01_20241011213625_predseg_labels.png
[2025-12-30 23:20:34] [ThreadPoolExecutor-0_0]   Processing image 45/56: CAM_DE_01_20241012231620_predseg_labels.png
[2025-12-30 23:20:37] [ThreadPoolExecutor-0_3]   Processing image 27/99: CAM_DE_01_20241018193626.jpg
[2025-12-30 23:20:41] [ThreadPoolExecutor-0_1]   Processing image 14/71: CAM_DE_01_20241017100435_predseg_labels.png
[2025-12-30 23:20:42] [ThreadPoolExecutor-0_0]   Processing image 50/56: CAM_DE_01_20241012181225_predseg_labels.png
[2025-12-30 23:20:45] [ThreadPoolExecutor-0_2]   Processing image 48/82: CAM_DE_01_20241011161226_predseg_labels.png
[2025-12-30 23:20:49] [ThreadPoolExecutor-0_0]   Processing image 55/56: CAM_DE_01_20241012221225_predseg_labels.png
[2025-12-30 23:20:50] [ThreadPoolExecutor-0_1]   Processing image 21/71: CAM_DE_01_20241017110406_predseg_labels.png
[2025-12-30 23:20:50] [ThreadPoolExecutor-0_0]   Processing image 56/56: CAM_DE_01_20241012232914_predseg_labels.png
[2025-12-30 23:20:52] [ThreadPoolExecutor-0_0]   Successfully processed 56 images.
[2025-12-30 23:20:52] [ThreadPoolExecutor-0_0] === Batch Rectification Complete ===
[2025-12-30 23:20:52] [ThreadPoolExecutor-0_0] +++ Successfully processed event DE_01_20241012175450_20241013020725 +++
[2025-12-30 23:20:52] [ThreadPoolExecutor-0_0] --- Processing event: DE_01_20241019112645_20241019205645 ---
[2025-12-30 23:20:52] [ThreadPoolExecutor-0_0] [DE_01_20241019112645_20241019205645] Rectifying images from: orig_images
[2025-12-30 23:20:52] [ThreadPoolExecutor-0_0] 
=== Starting Batch Rectification ===
[2025-12-30 23:20:52] [ThreadPoolExecutor-0_0]   Source folder: /rsstu/users/k/kanarde/NASA-Sunnyverse/rmccune/poseidon/data/down_east/flood_events/DE_01_20241019112645_20241019205645/orig_images
[2025-12-30 23:20:52] [ThreadPoolExecutor-0_0]   Output Zarr store: /rsstu/users/k/kanarde/NASA-Sunnyverse/rmccune/poseidon/data/down_east/flood_events/DE_01_20241019112645_20241019205645/zarr/orig_image_rects
[2025-12-30 23:20:52] [ThreadPoolExecutor-0_0]   Found 95 images to process.
[2025-12-30 23:20:52] [ThreadPoolExecutor-0_0]   Processing image 1/95: CAM_DE_01_20241019130625.jpg
[2025-12-30 23:20:55] [ThreadPoolExecutor-0_3]   Processing image 36/99: CAM_DE_01_20241018160025.jpg
[2025-12-30 23:20:56] [ThreadPoolExecutor-0_2]   Processing image 56/82: CAM_DE_01_20241011163026_predseg_labels.png
[2025-12-30 23:20:59] [ThreadPoolExecutor-0_1]   Processing image 28/71: CAM_DE_01_20241017113626_predseg_labels.png
[2025-12-30 23:21:06] [ThreadPoolExecutor-0_2]   Processing image 64/82: CAM_DE_01_20241011232840_predseg_labels.png
[2025-12-30 23:21:09] [ThreadPoolExecutor-0_1]   Processing image 35/71: CAM_DE_01_20241017124825_predseg_labels.png
[2025-12-30 23:21:12] [ThreadPoolExecutor-0_0]   Processing image 9/95: CAM_DE_01_20241019164225.jpg
[2025-12-30 23:21:17] [ThreadPoolExecutor-0_3]   Processing image 45/99: CAM_DE_01_20241018181825.jpg
[2025-12-30 23:21:17] [ThreadPoolExecutor-0_2]   Processing image 72/82: CAM_DE_01_20241011172425_predseg_labels.png
[2025-12-30 23:21:19] [ThreadPoolExecutor-0_1]   Processing image 42/71: CAM_DE_01_20241017101653_predseg_labels.png
[2025-12-30 23:21:27] [ThreadPoolExecutor-0_2]   Processing image 80/82: CAM_DE_01_20241011200025_predseg_labels.png
[2025-12-30 23:21:27] [ThreadPoolExecutor-0_1]   Processing image 49/71: CAM_DE_01_20241017105806_predseg_labels.png
[2025-12-30 23:21:29] [ThreadPoolExecutor-0_2]   Processing image 82/82: CAM_DE_01_20241011235918_predseg_labels.png
[2025-12-30 23:21:31] [ThreadPoolExecutor-0_2]   Successfully processed 82 images.
[2025-12-30 23:21:31] [ThreadPoolExecutor-0_2] === Batch Rectification Complete ===
[2025-12-30 23:21:31] [ThreadPoolExecutor-0_2] +++ Successfully processed event DE_01_20241011153407_20241012022806 +++
[2025-12-30 23:21:31] [ThreadPoolExecutor-0_2] --- Processing event: DE_01_20241020115645_20241020215645 ---
[2025-12-30 23:21:31] [ThreadPoolExecutor-0_2] [DE_01_20241020115645_20241020215645] Rectifying images from: orig_images
[2025-12-30 23:21:31] [ThreadPoolExecutor-0_2] 
=== Starting Batch Rectification ===
[2025-12-30 23:21:31] [ThreadPoolExecutor-0_2]   Source folder: /rsstu/users/k/kanarde/NASA-Sunnyverse/rmccune/poseidon/data/down_east/flood_events/DE_01_20241020115645_20241020215645/orig_images
[2025-12-30 23:21:31] [ThreadPoolExecutor-0_2]   Output Zarr store: /rsstu/users/k/kanarde/NASA-Sunnyverse/rmccune/poseidon/data/down_east/flood_events/DE_01_20241020115645_20241020215645/zarr/orig_image_rects
[2025-12-30 23:21:31] [ThreadPoolExecutor-0_2]   Found 100 images to process.
[2025-12-30 23:21:31] [ThreadPoolExecutor-0_2]   Processing image 1/100: CAM_DE_01_20241020211826.jpg
[2025-12-30 23:21:34] [ThreadPoolExecutor-0_0]   Processing image 18/95: CAM_DE_01_20241019170625.jpg
[2025-12-30 23:21:36] [ThreadPoolExecutor-0_1]   Processing image 56/71: CAM_DE_01_20241017120626_predseg_labels.png
[2025-12-30 23:21:40] [ThreadPoolExecutor-0_3]   Processing image 54/99: CAM_DE_01_20241018143626.jpg
[2025-12-30 23:21:46] [ThreadPoolExecutor-0_1]   Processing image 63/71: CAM_DE_01_20241017151225_predseg_labels.png
[2025-12-30 23:21:54] [ThreadPoolExecutor-0_2]   Processing image 10/100: CAM_DE_01_20241020123026.jpg
[2025-12-30 23:21:56] [ThreadPoolExecutor-0_1]   Processing image 70/71: CAM_DE_01_20241017141225_predseg_labels.png
[2025-12-30 23:21:56] [ThreadPoolExecutor-0_1]   Processing image 71/71: CAM_DE_01_20241017132426_predseg_labels.png
[2025-12-30 23:21:58] [ThreadPoolExecutor-0_1]   Successfully processed 71 images.
[2025-12-30 23:21:58] [ThreadPoolExecutor-0_1] === Batch Rectification Complete ===
[2025-12-30 23:21:58] [ThreadPoolExecutor-0_1] +++ Successfully processed event DE_01_20241017095237_20241017170437 +++
[2025-12-30 23:21:58] [ThreadPoolExecutor-0_1] --- Processing event: DE_01_20241021133319_20241021215719 ---
[2025-12-30 23:21:58] [ThreadPoolExecutor-0_1] [DE_01_20241021133319_20241021215719] Rectifying images from: orig_images
[2025-12-30 23:21:58] [ThreadPoolExecutor-0_1] 
=== Starting Batch Rectification ===
[2025-12-30 23:21:58] [ThreadPoolExecutor-0_1]   Source folder: /rsstu/users/k/kanarde/NASA-Sunnyverse/rmccune/poseidon/data/down_east/flood_events/DE_01_20241021133319_20241021215719/orig_images
[2025-12-30 23:21:58] [ThreadPoolExecutor-0_1]   Output Zarr store: /rsstu/users/k/kanarde/NASA-Sunnyverse/rmccune/poseidon/data/down_east/flood_events/DE_01_20241021133319_20241021215719/zarr/orig_image_rects
[2025-12-30 23:21:58] [ThreadPoolExecutor-0_1]   Found 84 images to process.
[2025-12-30 23:21:58] [ThreadPoolExecutor-0_1]   Processing image 1/84: CAM_DE_01_20241021134826.jpg
[2025-12-30 23:21:58] [ThreadPoolExecutor-0_0]   Processing image 27/95: CAM_DE_01_20241019185426.jpg
[2025-12-30 23:22:03] [ThreadPoolExecutor-0_3]   Processing image 63/99: CAM_DE_01_20241018113626.jpg
[2025-12-30 23:22:14] [ThreadPoolExecutor-0_1]   Processing image 8/84: CAM_DE_01_20241021190026.jpg
[2025-12-30 23:22:19] [ThreadPoolExecutor-0_2]   Processing image 20/100: CAM_DE_01_20241020205425.jpg
[2025-12-30 23:22:22] [ThreadPoolExecutor-0_0]   Processing image 36/95: CAM_DE_01_20241019124825.jpg
[2025-12-30 23:22:27] [ThreadPoolExecutor-0_3]   Processing image 72/99: CAM_DE_01_20241018185426.jpg
[2025-12-30 23:22:35] [ThreadPoolExecutor-0_1]   Processing image 16/84: CAM_DE_01_20241021133625.jpg
[2025-12-30 23:22:47] [ThreadPoolExecutor-0_2]   Processing image 30/100: CAM_DE_01_20241020171225.jpg
[2025-12-30 23:22:47] [ThreadPoolExecutor-0_0]   Processing image 45/95: CAM_DE_01_20241019141226.jpg
[2025-12-30 23:22:53] [ThreadPoolExecutor-0_3]   Processing image 81/99: CAM_DE_01_20241018102832.jpg
[2025-12-30 23:22:59] [ThreadPoolExecutor-0_1]   Processing image 24/84: CAM_DE_01_20241021155426.jpg
[2025-12-30 23:23:15] [ThreadPoolExecutor-0_0]   Processing image 54/95: CAM_DE_01_20241019140625.jpg
[2025-12-30 23:23:17] [ThreadPoolExecutor-0_2]   Processing image 40/100: CAM_DE_01_20241020210025.jpg
[2025-12-30 23:23:19] [ThreadPoolExecutor-0_3]   Processing image 90/99: CAM_DE_01_20241018131825.jpg
[2025-12-30 23:23:22] [ThreadPoolExecutor-0_1]   Processing image 32/84: CAM_DE_01_20241021151226.jpg
[2025-12-30 23:24:15] [ThreadPoolExecutor-0_0]   Processing image 63/95: CAM_DE_01_20241019162425.jpg
[2025-12-30 23:24:21] [ThreadPoolExecutor-0_3]   Processing image 99/99: CAM_DE_01_20241018182425.jpg
[2025-12-30 23:24:21] [ThreadPoolExecutor-0_2]   Processing image 50/100: CAM_DE_01_20241020212425.jpg
[2025-12-30 23:24:21] [ThreadPoolExecutor-0_1]   Processing image 40/84: CAM_DE_01_20241021215426.jpg
[2025-12-30 23:24:23] [ThreadPoolExecutor-0_3]   Successfully processed 99 images.
[2025-12-30 23:24:23] [ThreadPoolExecutor-0_3] === Batch Rectification Complete ===
[2025-12-30 23:24:23] [ThreadPoolExecutor-0_3] [DE_01_20241018101028_20241018195509] Rectifying labels from: labels
[2025-12-30 23:24:23] [ThreadPoolExecutor-0_3] 
=== Starting Batch Rectification ===
[2025-12-30 23:24:23] [ThreadPoolExecutor-0_3]   Source folder: /rsstu/users/k/kanarde/NASA-Sunnyverse/rmccune/poseidon/data/down_east/flood_events/DE_01_20241018101028_20241018195509/labels
[2025-12-30 23:24:23] [ThreadPoolExecutor-0_3]   Output Zarr store: /rsstu/users/k/kanarde/NASA-Sunnyverse/rmccune/poseidon/data/down_east/flood_events/DE_01_20241018101028_20241018195509/zarr/labels_rects
[2025-12-30 23:24:23] [ThreadPoolExecutor-0_3]   Found 99 images to process.
[2025-12-30 23:24:23] [ThreadPoolExecutor-0_3]   Processing image 1/99: CAM_DE_01_20241018103438_predseg_labels.png
[2025-12-30 23:24:41] [ThreadPoolExecutor-0_3]   Processing image 9/99: CAM_DE_01_20241018102244_predseg_labels.png
[2025-12-30 23:24:48] [ThreadPoolExecutor-0_0]   Processing image 72/95: CAM_DE_01_20241019134826.jpg
[2025-12-30 23:24:51] [ThreadPoolExecutor-0_1]   Processing image 48/84: CAM_DE_01_20241021204826.jpg
[2025-12-30 23:24:58] [ThreadPoolExecutor-0_3]   Processing image 18/99: CAM_DE_01_20241018110405_predseg_labels.png
[2025-12-30 23:24:58] [ThreadPoolExecutor-0_2]   Processing image 60/100: CAM_DE_01_20241020144225.jpg
[2025-12-30 23:25:13] [ThreadPoolExecutor-0_3]   Processing image 27/99: CAM_DE_01_20241018125426_predseg_labels.png
[2025-12-30 23:25:21] [ThreadPoolExecutor-0_0]   Processing image 81/95: CAM_DE_01_20241019170026.jpg
[2025-12-30 23:25:21] [ThreadPoolExecutor-0_1]   Processing image 56/84: CAM_DE_01_20241021183626.jpg
[2025-12-30 23:25:30] [ThreadPoolExecutor-0_3]   Processing image 36/99: CAM_DE_01_20241018124225_predseg_labels.png
[2025-12-30 23:25:35] [ThreadPoolExecutor-0_2]   Processing image 70/100: CAM_DE_01_20241020142426.jpg
[2025-12-30 23:25:45] [ThreadPoolExecutor-0_3]   Processing image 45/99: CAM_DE_01_20241018151825_predseg_labels.png
[2025-12-30 23:25:49] [ThreadPoolExecutor-0_1]   Processing image 64/84: CAM_DE_01_20241021170625.jpg
[2025-12-30 23:25:52] [ThreadPoolExecutor-0_0]   Processing image 90/95: CAM_DE_01_20241019160626.jpg
[2025-12-30 23:26:01] [ThreadPoolExecutor-0_3]   Processing image 54/99: CAM_DE_01_20241018123626_predseg_labels.png
[2025-12-30 23:26:10] [ThreadPoolExecutor-0_0]   Processing image 95/95: CAM_DE_01_20241019171826.jpg
[2025-12-30 23:26:10] [ThreadPoolExecutor-0_2]   Processing image 80/100: CAM_DE_01_20241020130626.jpg
[2025-12-30 23:26:35] [ThreadPoolExecutor-0_0]   Successfully processed 95 images.
[2025-12-30 23:26:35] [ThreadPoolExecutor-0_0] === Batch Rectification Complete ===
[2025-12-30 23:26:35] [ThreadPoolExecutor-0_0] [DE_01_20241019112645_20241019205645] Rectifying labels from: labels
[2025-12-30 23:26:35] [ThreadPoolExecutor-0_0] 
=== Starting Batch Rectification ===
[2025-12-30 23:26:35] [ThreadPoolExecutor-0_0]   Source folder: /rsstu/users/k/kanarde/NASA-Sunnyverse/rmccune/poseidon/data/down_east/flood_events/DE_01_20241019112645_20241019205645/labels
[2025-12-30 23:26:35] [ThreadPoolExecutor-0_0]   Output Zarr store: /rsstu/users/k/kanarde/NASA-Sunnyverse/rmccune/poseidon/data/down_east/flood_events/DE_01_20241019112645_20241019205645/zarr/labels_rects
[2025-12-30 23:26:35] [ThreadPoolExecutor-0_0]   Found 95 images to process.
[2025-12-30 23:26:35] [ThreadPoolExecutor-0_0]   Processing image 1/95: CAM_DE_01_20241019114825_predseg_labels.png
[2025-12-30 23:26:46] [ThreadPoolExecutor-0_1]   Processing image 72/84: CAM_DE_01_20241021212426.jpg
[2025-12-30 23:26:46] [ThreadPoolExecutor-0_3]   Processing image 63/99: CAM_DE_01_20241018192426_predseg_labels.png
[2025-12-30 23:26:58] [ThreadPoolExecutor-0_0]   Processing image 9/95: CAM_DE_01_20241019205425_predseg_labels.png
[2025-12-30 23:27:04] [ThreadPoolExecutor-0_3]   Processing image 72/99: CAM_DE_01_20241018114826_predseg_labels.png
[2025-12-30 23:27:14] [ThreadPoolExecutor-0_1]   Processing image 80/84: CAM_DE_01_20241021163026.jpg
[2025-12-30 23:27:14] [ThreadPoolExecutor-0_2]   Processing image 90/100: CAM_DE_01_20241020121826.jpg
[2025-12-30 23:27:14] [ThreadPoolExecutor-0_0]   Processing image 18/95: CAM_DE_01_20241019132425_predseg_labels.png
[2025-12-30 23:27:19] [ThreadPoolExecutor-0_3]   Processing image 81/99: CAM_DE_01_20241018114225_predseg_labels.png
[2025-12-30 23:27:28] [ThreadPoolExecutor-0_1]   Processing image 84/84: CAM_DE_01_20241021200626.jpg
[2025-12-30 23:27:30] [ThreadPoolExecutor-0_0]   Processing image 27/95: CAM_DE_01_20241019121226_predseg_labels.png
[2025-12-30 23:27:31] [ThreadPoolExecutor-0_1]   Successfully processed 84 images.
[2025-12-30 23:27:31] [ThreadPoolExecutor-0_1] === Batch Rectification Complete ===
[2025-12-30 23:27:31] [ThreadPoolExecutor-0_1] [DE_01_20241021133319_20241021215719] Rectifying labels from: labels
[2025-12-30 23:27:31] [ThreadPoolExecutor-0_1] 
=== Starting Batch Rectification ===
[2025-12-30 23:27:31] [ThreadPoolExecutor-0_1]   Source folder: /rsstu/users/k/kanarde/NASA-Sunnyverse/rmccune/poseidon/data/down_east/flood_events/DE_01_20241021133319_20241021215719/labels
[2025-12-30 23:27:31] [ThreadPoolExecutor-0_1]   Output Zarr store: /rsstu/users/k/kanarde/NASA-Sunnyverse/rmccune/poseidon/data/down_east/flood_events/DE_01_20241021133319_20241021215719/zarr/labels_rects
[2025-12-30 23:27:31] [ThreadPoolExecutor-0_1]   Found 84 images to process.
[2025-12-30 23:27:31] [ThreadPoolExecutor-0_1]   Processing image 1/84: CAM_DE_01_20241021175426_predseg_labels.png
[2025-12-30 23:27:37] [ThreadPoolExecutor-0_3]   Processing image 90/99: CAM_DE_01_20241018133025_predseg_labels.png
[2025-12-30 23:27:44] [ThreadPoolExecutor-0_1]   Processing image 8/84: CAM_DE_01_20241021180626_predseg_labels.png
[2025-12-30 23:27:44] [ThreadPoolExecutor-0_2]   Processing image 100/100: CAM_DE_01_20241020134225.jpg
[2025-12-30 23:27:46] [ThreadPoolExecutor-0_2]   Successfully processed 100 images.
[2025-12-30 23:27:46] [ThreadPoolExecutor-0_2] === Batch Rectification Complete ===
[2025-12-30 23:27:46] [ThreadPoolExecutor-0_2] [DE_01_20241020115645_20241020215645] Rectifying labels from: labels
[2025-12-30 23:27:46] [ThreadPoolExecutor-0_2] 
=== Starting Batch Rectification ===
[2025-12-30 23:27:46] [ThreadPoolExecutor-0_2]   Source folder: /rsstu/users/k/kanarde/NASA-Sunnyverse/rmccune/poseidon/data/down_east/flood_events/DE_01_20241020115645_20241020215645/labels
[2025-12-30 23:27:46] [ThreadPoolExecutor-0_2]   Output Zarr store: /rsstu/users/k/kanarde/NASA-Sunnyverse/rmccune/poseidon/data/down_east/flood_events/DE_01_20241020115645_20241020215645/zarr/labels_rects
[2025-12-30 23:27:46] [ThreadPoolExecutor-0_2]   Found 100 images to process.
[2025-12-30 23:27:46] [ThreadPoolExecutor-0_2]   Processing image 1/100: CAM_DE_01_20241020194826_predseg_labels.png
[2025-12-30 23:27:48] [ThreadPoolExecutor-0_0]   Processing image 36/95: CAM_DE_01_20241019120626_predseg_labels.png
[2025-12-30 23:27:52] [ThreadPoolExecutor-0_3]   Processing image 99/99: CAM_DE_01_20241018140626_predseg_labels.png
[2025-12-30 23:27:54] [ThreadPoolExecutor-0_3]   Successfully processed 99 images.
[2025-12-30 23:27:54] [ThreadPoolExecutor-0_3] === Batch Rectification Complete ===
[2025-12-30 23:27:54] [ThreadPoolExecutor-0_3] +++ Successfully processed event DE_01_20241018101028_20241018195509 +++
[2025-12-30 23:27:54] [ThreadPoolExecutor-0_3] --- Processing event: DE_01_20241028091002_20241028154002 ---
[2025-12-30 23:27:54] [ThreadPoolExecutor-0_3] [DE_01_20241028091002_20241028154002] Rectifying images from: orig_images
[2025-12-30 23:27:54] [ThreadPoolExecutor-0_3] 
=== Starting Batch Rectification ===
[2025-12-30 23:27:54] [ThreadPoolExecutor-0_3]   Source folder: /rsstu/users/k/kanarde/NASA-Sunnyverse/rmccune/poseidon/data/down_east/flood_events/DE_01_20241028091002_20241028154002/orig_images
[2025-12-30 23:27:54] [ThreadPoolExecutor-0_3]   Output Zarr store: /rsstu/users/k/kanarde/NASA-Sunnyverse/rmccune/poseidon/data/down_east/flood_events/DE_01_20241028091002_20241028154002/zarr/orig_image_rects
[2025-12-30 23:27:54] [ThreadPoolExecutor-0_3]   Found 55 images to process.
[2025-12-30 23:27:54] [ThreadPoolExecutor-0_3]   Processing image 1/55: CAM_DE_01_20241028111606.jpg
[2025-12-30 23:27:56] [ThreadPoolExecutor-0_1]   Processing image 16/84: CAM_DE_01_20241021164225_predseg_labels.png
[2025-12-30 23:28:00] [ThreadPoolExecutor-0_2]   Processing image 10/100: CAM_DE_01_20241020173026_predseg_labels.png
[2025-12-30 23:28:02] [ThreadPoolExecutor-0_0]   Processing image 45/95: CAM_DE_01_20241019190625_predseg_labels.png
[2025-12-30 23:28:02] [ThreadPoolExecutor-0_3]   Processing image 5/55: CAM_DE_01_20241028135426.jpg
[2025-12-30 23:28:09] [ThreadPoolExecutor-0_1]   Processing image 24/84: CAM_DE_01_20241021193626_predseg_labels.png
[2025-12-30 23:28:10] [ThreadPoolExecutor-0_3]   Processing image 10/55: CAM_DE_01_20241028102300.jpg
[2025-12-30 23:28:18] [ThreadPoolExecutor-0_2]   Processing image 20/100: CAM_DE_01_20241020174826_predseg_labels.png
[2025-12-30 23:28:18] [ThreadPoolExecutor-0_0]   Processing image 54/95: CAM_DE_01_20241019165426_predseg_labels.png
[2025-12-30 23:28:22] [ThreadPoolExecutor-0_3]   Processing image 15/55: CAM_DE_01_20241028134226.jpg
[2025-12-30 23:28:23] [ThreadPoolExecutor-0_1]   Processing image 32/84: CAM_DE_01_20241021143026_predseg_labels.png
[2025-12-30 23:28:31] [ThreadPoolExecutor-0_0]   Processing image 63/95: CAM_DE_01_20241019133025_predseg_labels.png
[2025-12-30 23:28:31] [ThreadPoolExecutor-0_3]   Processing image 20/55: CAM_DE_01_20241028144225.jpg
[2025-12-30 23:28:33] [ThreadPoolExecutor-0_2]   Processing image 30/100: CAM_DE_01_20241020143625_predseg_labels.png
[2025-12-30 23:28:35] [ThreadPoolExecutor-0_1]   Processing image 40/84: CAM_DE_01_20241021153026_predseg_labels.png
[2025-12-30 23:28:42] [ThreadPoolExecutor-0_3]   Processing image 25/55: CAM_DE_01_20241028134826.jpg
[2025-12-30 23:28:45] [ThreadPoolExecutor-0_0]   Processing image 72/95: CAM_DE_01_20241019175425_predseg_labels.png
[2025-12-30 23:28:47] [ThreadPoolExecutor-0_2]   Processing image 40/100: CAM_DE_01_20241020160626_predseg_labels.png
[2025-12-30 23:28:47] [ThreadPoolExecutor-0_1]   Processing image 48/84: CAM_DE_01_20241021134826_predseg_labels.png
[2025-12-30 23:28:52] [ThreadPoolExecutor-0_3]   Processing image 30/55: CAM_DE_01_20241028105812.jpg
[2025-12-30 23:28:59] [ThreadPoolExecutor-0_0]   Processing image 81/95: CAM_DE_01_20241019180025_predseg_labels.png
[2025-12-30 23:29:00] [ThreadPoolExecutor-0_1]   Processing image 56/84: CAM_DE_01_20241021180026_predseg_labels.png
[2025-12-30 23:29:02] [ThreadPoolExecutor-0_3]   Processing image 35/55: CAM_DE_01_20241028115425.jpg
[2025-12-30 23:29:03] [ThreadPoolExecutor-0_2]   Processing image 50/100: CAM_DE_01_20241020185426_predseg_labels.png
[2025-12-30 23:29:10] [ThreadPoolExecutor-0_3]   Processing image 40/55: CAM_DE_01_20241028123626.jpg
[2025-12-30 23:29:13] [ThreadPoolExecutor-0_1]   Processing image 64/84: CAM_DE_01_20241021154826_predseg_labels.png
[2025-12-30 23:29:13] [ThreadPoolExecutor-0_0]   Processing image 90/95: CAM_DE_01_20241019192425_predseg_labels.png
[2025-12-30 23:29:20] [ThreadPoolExecutor-0_2]   Processing image 60/100: CAM_DE_01_20241020143026_predseg_labels.png
[2025-12-30 23:29:21] [ThreadPoolExecutor-0_3]   Processing image 45/55: CAM_DE_01_20241028140025.jpg
[2025-12-30 23:29:21] [ThreadPoolExecutor-0_0]   Processing image 95/95: CAM_DE_01_20241019155426_predseg_labels.png
[2025-12-30 23:29:23] [ThreadPoolExecutor-0_0]   Successfully processed 95 images.
[2025-12-30 23:29:23] [ThreadPoolExecutor-0_0] === Batch Rectification Complete ===
[2025-12-30 23:29:23] [ThreadPoolExecutor-0_0] +++ Successfully processed event DE_01_20241019112645_20241019205645 +++
[2025-12-30 23:29:23] [ThreadPoolExecutor-0_0] --- Processing event: DE_01_20241104121024_20241104205224 ---
[2025-12-30 23:29:23] [ThreadPoolExecutor-0_0] [DE_01_20241104121024_20241104205224] Rectifying images from: orig_images
[2025-12-30 23:29:23] [ThreadPoolExecutor-0_0] 
=== Starting Batch Rectification ===
[2025-12-30 23:29:23] [ThreadPoolExecutor-0_0]   Source folder: /rsstu/users/k/kanarde/NASA-Sunnyverse/rmccune/poseidon/data/down_east/flood_events/DE_01_20241104121024_20241104205224/orig_images
[2025-12-30 23:29:23] [ThreadPoolExecutor-0_0]   Output Zarr store: /rsstu/users/k/kanarde/NASA-Sunnyverse/rmccune/poseidon/data/down_east/flood_events/DE_01_20241104121024_20241104205224/zarr/orig_image_rects
[2025-12-30 23:29:23] [ThreadPoolExecutor-0_0]   Found 87 images to process.
[2025-12-30 23:29:23] [ThreadPoolExecutor-0_0]   Processing image 1/87: CAM_DE_01_20241104154826.jpg
[2025-12-30 23:29:25] [ThreadPoolExecutor-0_1]   Processing image 72/84: CAM_DE_01_20241021144226_predseg_labels.png
[2025-12-30 23:30:06] [ThreadPoolExecutor-0_3]   Processing image 50/55: CAM_DE_01_20241028112426.jpg
[2025-12-30 23:30:06] [ThreadPoolExecutor-0_2]   Processing image 70/100: CAM_DE_01_20241020171825_predseg_labels.png
[2025-12-30 23:30:10] [ThreadPoolExecutor-0_1]   Processing image 80/84: CAM_DE_01_20241021184226_predseg_labels.png
[2025-12-30 23:30:16] [ThreadPoolExecutor-0_0]   Processing image 8/87: CAM_DE_01_20241104160026.jpg
[2025-12-30 23:30:16] [ThreadPoolExecutor-0_1]   Processing image 84/84: CAM_DE_01_20241021141225_predseg_labels.png
[2025-12-30 23:30:18] [ThreadPoolExecutor-0_1]   Successfully processed 84 images.
[2025-12-30 23:30:18] [ThreadPoolExecutor-0_1] === Batch Rectification Complete ===
[2025-12-30 23:30:18] [ThreadPoolExecutor-0_1] +++ Successfully processed event DE_01_20241021133319_20241021215719 +++
[2025-12-30 23:30:18] [ThreadPoolExecutor-0_1] --- Processing event: DE_01_20241113075242_20241113162242 ---
[2025-12-30 23:30:18] [ThreadPoolExecutor-0_1] [DE_01_20241113075242_20241113162242] Rectifying images from: orig_images
[2025-12-30 23:30:18] [ThreadPoolExecutor-0_1] 
=== Starting Batch Rectification ===
[2025-12-30 23:30:18] [ThreadPoolExecutor-0_1]   Source folder: /rsstu/users/k/kanarde/NASA-Sunnyverse/rmccune/poseidon/data/down_east/flood_events/DE_01_20241113075242_20241113162242/orig_images
[2025-12-30 23:30:18] [ThreadPoolExecutor-0_1]   Output Zarr store: /rsstu/users/k/kanarde/NASA-Sunnyverse/rmccune/poseidon/data/down_east/flood_events/DE_01_20241113075242_20241113162242/zarr/orig_image_rects
[2025-12-30 23:30:18] [ThreadPoolExecutor-0_1]   Found 54 images to process.
[2025-12-30 23:30:18] [ThreadPoolExecutor-0_1]   Processing image 1/54: CAM_DE_01_20241113142426.jpg
[2025-12-30 23:30:21] [ThreadPoolExecutor-0_3]   Processing image 55/55: CAM_DE_01_20241028130626.jpg
[2025-12-30 23:30:22] [ThreadPoolExecutor-0_2]   Processing image 80/100: CAM_DE_01_20241020180626_predseg_labels.png
[2025-12-30 23:30:23] [ThreadPoolExecutor-0_3]   Successfully processed 55 images.
[2025-12-30 23:30:23] [ThreadPoolExecutor-0_3] === Batch Rectification Complete ===
[2025-12-30 23:30:23] [ThreadPoolExecutor-0_3] [DE_01_20241028091002_20241028154002] Rectifying labels from: labels
[2025-12-30 23:30:23] [ThreadPoolExecutor-0_3] 
=== Starting Batch Rectification ===
[2025-12-30 23:30:23] [ThreadPoolExecutor-0_3]   Source folder: /rsstu/users/k/kanarde/NASA-Sunnyverse/rmccune/poseidon/data/down_east/flood_events/DE_01_20241028091002_20241028154002/labels
[2025-12-30 23:30:23] [ThreadPoolExecutor-0_3]   Output Zarr store: /rsstu/users/k/kanarde/NASA-Sunnyverse/rmccune/poseidon/data/down_east/flood_events/DE_01_20241028091002_20241028154002/zarr/labels_rects
[2025-12-30 23:30:23] [ThreadPoolExecutor-0_3]   Found 55 images to process.
[2025-12-30 23:30:23] [ThreadPoolExecutor-0_3]   Processing image 1/55: CAM_DE_01_20241028122426_predseg_labels.png
[2025-12-30 23:30:28] [ThreadPoolExecutor-0_1]   Processing image 5/54: CAM_DE_01_20241113124225.jpg
[2025-12-30 23:30:30] [ThreadPoolExecutor-0_3]   Processing image 5/55: CAM_DE_01_20241028151225_predseg_labels.png
[2025-12-30 23:30:36] [ThreadPoolExecutor-0_0]   Processing image 16/87: CAM_DE_01_20241104131226.jpg
[2025-12-30 23:30:36] [ThreadPoolExecutor-0_2]   Processing image 90/100: CAM_DE_01_20241020123026_predseg_labels.png
[2025-12-30 23:30:36] [ThreadPoolExecutor-0_3]   Processing image 10/55: CAM_DE_01_20241028120625_predseg_labels.png
[2025-12-30 23:30:42] [ThreadPoolExecutor-0_1]   Processing image 10/54: CAM_DE_01_20241113160626.jpg
[2025-12-30 23:30:45] [ThreadPoolExecutor-0_3]   Processing image 15/55: CAM_DE_01_20241028145426_predseg_labels.png
[2025-12-30 23:30:53] [ThreadPoolExecutor-0_3]   Processing image 20/55: CAM_DE_01_20241028114825_predseg_labels.png
[2025-12-30 23:30:53] [ThreadPoolExecutor-0_2]   Processing image 100/100: CAM_DE_01_20241020121225_predseg_labels.png
[2025-12-30 23:30:57] [ThreadPoolExecutor-0_2]   Successfully processed 100 images.
[2025-12-30 23:30:57] [ThreadPoolExecutor-0_2] === Batch Rectification Complete ===
[2025-12-30 23:30:57] [ThreadPoolExecutor-0_2] +++ Successfully processed event DE_01_20241020115645_20241020215645 +++
[2025-12-30 23:30:57] [ThreadPoolExecutor-0_2] --- Processing event: DE_01_20241114074751_20241114182951 ---
[2025-12-30 23:30:57] [ThreadPoolExecutor-0_2] [DE_01_20241114074751_20241114182951] Rectifying images from: orig_images
[2025-12-30 23:30:57] [ThreadPoolExecutor-0_2] 
=== Starting Batch Rectification ===
[2025-12-30 23:30:57] [ThreadPoolExecutor-0_2]   Source folder: /rsstu/users/k/kanarde/NASA-Sunnyverse/rmccune/poseidon/data/down_east/flood_events/DE_01_20241114074751_20241114182951/orig_images
[2025-12-30 23:30:57] [ThreadPoolExecutor-0_2]   Output Zarr store: /rsstu/users/k/kanarde/NASA-Sunnyverse/rmccune/poseidon/data/down_east/flood_events/DE_01_20241114074751_20241114182951/zarr/orig_image_rects
[2025-12-30 23:30:57] [ThreadPoolExecutor-0_2]   Found 75 images to process.
[2025-12-30 23:30:57] [ThreadPoolExecutor-0_2]   Processing image 1/75: CAM_DE_01_20241114173026.jpg
[2025-12-30 23:30:59] [ThreadPoolExecutor-0_1]   Processing image 15/54: CAM_DE_01_20241113112805.jpg
[2025-12-30 23:31:02] [ThreadPoolExecutor-0_0]   Processing image 24/87: CAM_DE_01_20241104143626.jpg
[2025-12-30 23:31:05] [ThreadPoolExecutor-0_3]   Processing image 25/55: CAM_DE_01_20241028133626_predseg_labels.png
[2025-12-30 23:31:13] [ThreadPoolExecutor-0_3]   Processing image 30/55: CAM_DE_01_20241028150025_predseg_labels.png
[2025-12-30 23:31:17] [ThreadPoolExecutor-0_1]   Processing image 20/54: CAM_DE_01_20241113130625.jpg
[2025-12-30 23:31:17] [ThreadPoolExecutor-0_2]   Processing image 7/75: CAM_DE_01_20241114164226.jpg
[2025-12-30 23:31:23] [ThreadPoolExecutor-0_3]   Processing image 35/55: CAM_DE_01_20241028152425_predseg_labels.png
[2025-12-30 23:31:32] [ThreadPoolExecutor-0_0]   Processing image 32/87: CAM_DE_01_20241104170626.jpg
[2025-12-30 23:31:32] [ThreadPoolExecutor-0_3]   Processing image 40/55: CAM_DE_01_20241028101108_predseg_labels.png
[2025-12-30 23:31:36] [ThreadPoolExecutor-0_1]   Processing image 25/54: CAM_DE_01_20241113161226.jpg
[2025-12-30 23:31:42] [ThreadPoolExecutor-0_3]   Processing image 45/55: CAM_DE_01_20241028110407_predseg_labels.png
[2025-12-30 23:31:44] [ThreadPoolExecutor-0_2]   Processing image 14/75: CAM_DE_01_20241114161826.jpg
[2025-12-30 23:31:51] [ThreadPoolExecutor-0_3]   Processing image 50/55: CAM_DE_01_20241028105812_predseg_labels.png
[2025-12-30 23:31:54] [ThreadPoolExecutor-0_1]   Processing image 30/54: CAM_DE_01_20241113151826.jpg
[2025-12-30 23:32:00] [ThreadPoolExecutor-0_3]   Processing image 55/55: CAM_DE_01_20241028144826_predseg_labels.png
[2025-12-30 23:32:01] [ThreadPoolExecutor-0_3]   Successfully processed 55 images.
[2025-12-30 23:32:01] [ThreadPoolExecutor-0_3] === Batch Rectification Complete ===
[2025-12-30 23:32:01] [ThreadPoolExecutor-0_3] +++ Successfully processed event DE_01_20241028091002_20241028154002 +++
[2025-12-30 23:32:01] [ThreadPoolExecutor-0_0]   Processing image 40/87: CAM_DE_01_20241104130626.jpg
[2025-12-30 23:32:01] [ThreadPoolExecutor-0_3] --- Processing event: DE_01_20241115080754_20241115211140 ---
[2025-12-30 23:32:01] [ThreadPoolExecutor-0_3] [DE_01_20241115080754_20241115211140] Rectifying images from: orig_images
[2025-12-30 23:32:01] [ThreadPoolExecutor-0_3] 
=== Starting Batch Rectification ===
[2025-12-30 23:32:01] [ThreadPoolExecutor-0_3]   Source folder: /rsstu/users/k/kanarde/NASA-Sunnyverse/rmccune/poseidon/data/down_east/flood_events/DE_01_20241115080754_20241115211140/orig_images
[2025-12-30 23:32:01] [ThreadPoolExecutor-0_3]   Output Zarr store: /rsstu/users/k/kanarde/NASA-Sunnyverse/rmccune/poseidon/data/down_east/flood_events/DE_01_20241115080754_20241115211140/zarr/orig_image_rects
[2025-12-30 23:32:01] [ThreadPoolExecutor-0_3]   Found 102 images to process.
[2025-12-30 23:32:01] [ThreadPoolExecutor-0_3]   Processing image 1/102: CAM_DE_01_20241115180626.jpg
[2025-12-30 23:32:07] [ThreadPoolExecutor-0_2]   Processing image 21/75: CAM_DE_01_20241114131826.jpg
[2025-12-30 23:32:09] [ThreadPoolExecutor-0_1]   Processing image 35/54: CAM_DE_01_20241113144826.jpg
[2025-12-30 23:32:24] [ThreadPoolExecutor-0_1]   Processing image 40/54: CAM_DE_01_20241113140626.jpg
[2025-12-30 23:32:24] [ThreadPoolExecutor-0_0]   Processing image 48/87: CAM_DE_01_20241104151826.jpg
[2025-12-30 23:32:27] [ThreadPoolExecutor-0_3]   Processing image 10/102: CAM_DE_01_20241115123626.jpg
[2025-12-30 23:32:27] [ThreadPoolExecutor-0_2]   Processing image 28/75: CAM_DE_01_20241114143625.jpg
[2025-12-30 23:32:40] [ThreadPoolExecutor-0_1]   Processing image 45/54: CAM_DE_01_20241113110440.jpg
[2025-12-30 23:32:49] [ThreadPoolExecutor-0_0]   Processing image 56/87: CAM_DE_01_20241104182426.jpg
[2025-12-30 23:32:49] [ThreadPoolExecutor-0_2]   Processing image 35/75: CAM_DE_01_20241114112207.jpg
[2025-12-30 23:32:56] [ThreadPoolExecutor-0_1]   Processing image 50/54: CAM_DE_01_20241113150625.jpg
[2025-12-30 23:33:00] [ThreadPoolExecutor-0_3]   Processing image 20/102: CAM_DE_01_20241115124826.jpg
[2025-12-30 23:33:10] [ThreadPoolExecutor-0_1]   Processing image 54/54: CAM_DE_01_20241113121826.jpg
[2025-12-30 23:33:13] [ThreadPoolExecutor-0_2]   Processing image 42/75: CAM_DE_01_20241114130025.jpg
[2025-12-30 23:33:13] [ThreadPoolExecutor-0_1]   Successfully processed 54 images.
[2025-12-30 23:33:13] [ThreadPoolExecutor-0_1] === Batch Rectification Complete ===
[2025-12-30 23:33:13] [ThreadPoolExecutor-0_1] [DE_01_20241113075242_20241113162242] Rectifying labels from: labels
[2025-12-30 23:33:13] [ThreadPoolExecutor-0_1] 
=== Starting Batch Rectification ===
[2025-12-30 23:33:13] [ThreadPoolExecutor-0_1]   Source folder: /rsstu/users/k/kanarde/NASA-Sunnyverse/rmccune/poseidon/data/down_east/flood_events/DE_01_20241113075242_20241113162242/labels
[2025-12-30 23:33:13] [ThreadPoolExecutor-0_1]   Output Zarr store: /rsstu/users/k/kanarde/NASA-Sunnyverse/rmccune/poseidon/data/down_east/flood_events/DE_01_20241113075242_20241113162242/zarr/labels_rects
[2025-12-30 23:33:13] [ThreadPoolExecutor-0_1]   Found 54 images to process.
[2025-12-30 23:33:13] [ThreadPoolExecutor-0_1]   Processing image 1/54: CAM_DE_01_20241113125426_predseg_labels.png
[2025-12-30 23:33:16] [ThreadPoolExecutor-0_0]   Processing image 64/87: CAM_DE_01_20241104130026.jpg
[2025-12-30 23:33:19] [ThreadPoolExecutor-0_1]   Processing image 5/54: CAM_DE_01_20241113151226_predseg_labels.png
[2025-12-30 23:33:28] [ThreadPoolExecutor-0_1]   Processing image 10/54: CAM_DE_01_20241113154226_predseg_labels.png
[2025-12-30 23:33:32] [ThreadPoolExecutor-0_3]   Processing image 30/102: CAM_DE_01_20241115160626.jpg
[2025-12-30 23:33:35] [ThreadPoolExecutor-0_2]   Processing image 49/75: CAM_DE_01_20241114165426.jpg
[2025-12-30 23:33:35] [ThreadPoolExecutor-0_1]   Processing image 15/54: CAM_DE_01_20241113110440_predseg_labels.png
[2025-12-30 23:33:54] [ThreadPoolExecutor-0_0]   Processing image 72/87: CAM_DE_01_20241104164225.jpg
[2025-12-30 23:34:14] [ThreadPoolExecutor-0_1]   Processing image 20/54: CAM_DE_01_20241113115425_predseg_labels.png
[2025-12-30 23:34:26] [ThreadPoolExecutor-0_1]   Processing image 25/54: CAM_DE_01_20241113111015_predseg_labels.png
[2025-12-30 23:34:33] [ThreadPoolExecutor-0_2]   Processing image 56/75: CAM_DE_01_20241114153026.jpg
[2025-12-30 23:34:36] [ThreadPoolExecutor-0_1]   Processing image 30/54: CAM_DE_01_20241113143026_predseg_labels.png
[2025-12-30 23:34:40] [ThreadPoolExecutor-0_3]   Processing image 40/102: CAM_DE_01_20241115113406.jpg
[2025-12-30 23:34:43] [ThreadPoolExecutor-0_1]   Processing image 35/54: CAM_DE_01_20241113144826_predseg_labels.png
[2025-12-30 23:34:43] [ThreadPoolExecutor-0_0]   Processing image 80/87: CAM_DE_01_20241104154226.jpg
[2025-12-30 23:34:53] [ThreadPoolExecutor-0_1]   Processing image 40/54: CAM_DE_01_20241113134225_predseg_labels.png
[2025-12-30 23:34:57] [ThreadPoolExecutor-0_2]   Processing image 63/75: CAM_DE_01_20241114155425.jpg
[2025-12-30 23:35:00] [ThreadPoolExecutor-0_1]   Processing image 45/54: CAM_DE_01_20241113154825_predseg_labels.png
[2025-12-30 23:35:06] [ThreadPoolExecutor-0_0]   Processing image 87/87: CAM_DE_01_20241104124226.jpg
[2025-12-30 23:35:09] [ThreadPoolExecutor-0_1]   Processing image 50/54: CAM_DE_01_20241113120026_predseg_labels.png
[2025-12-30 23:35:10] [ThreadPoolExecutor-0_0]   Successfully processed 87 images.
[2025-12-30 23:35:10] [ThreadPoolExecutor-0_0] === Batch Rectification Complete ===
[2025-12-30 23:35:10] [ThreadPoolExecutor-0_0] [DE_01_20241104121024_20241104205224] Rectifying labels from: labels
[2025-12-30 23:35:10] [ThreadPoolExecutor-0_0] 
=== Starting Batch Rectification ===
[2025-12-30 23:35:10] [ThreadPoolExecutor-0_0]   Source folder: /rsstu/users/k/kanarde/NASA-Sunnyverse/rmccune/poseidon/data/down_east/flood_events/DE_01_20241104121024_20241104205224/labels
[2025-12-30 23:35:10] [ThreadPoolExecutor-0_0]   Output Zarr store: /rsstu/users/k/kanarde/NASA-Sunnyverse/rmccune/poseidon/data/down_east/flood_events/DE_01_20241104121024_20241104205224/zarr/labels_rects
[2025-12-30 23:35:10] [ThreadPoolExecutor-0_0]   Found 87 images to process.
[2025-12-30 23:35:10] [ThreadPoolExecutor-0_0]   Processing image 1/87: CAM_DE_01_20241104161826_predseg_labels.png
[2025-12-30 23:35:14] [ThreadPoolExecutor-0_3]   Processing image 50/102: CAM_DE_01_20241115174226.jpg
[2025-12-30 23:35:16] [ThreadPoolExecutor-0_1]   Processing image 54/54: CAM_DE_01_20241113150026_predseg_labels.png
[2025-12-30 23:35:17] [ThreadPoolExecutor-0_1]   Successfully processed 54 images.
[2025-12-30 23:35:17] [ThreadPoolExecutor-0_1] === Batch Rectification Complete ===
[2025-12-30 23:35:17] [ThreadPoolExecutor-0_1] +++ Successfully processed event DE_01_20241113075242_20241113162242 +++
[2025-12-30 23:35:17] [ThreadPoolExecutor-0_1] --- Processing event: DE_01_20241116080050_20241116213050 ---
[2025-12-30 23:35:17] [ThreadPoolExecutor-0_1] [DE_01_20241116080050_20241116213050] Rectifying images from: orig_images
[2025-12-30 23:35:17] [ThreadPoolExecutor-0_1] 
=== Starting Batch Rectification ===
[2025-12-30 23:35:17] [ThreadPoolExecutor-0_1]   Source folder: /rsstu/users/k/kanarde/NASA-Sunnyverse/rmccune/poseidon/data/down_east/flood_events/DE_01_20241116080050_20241116213050/orig_images
[2025-12-30 23:35:17] [ThreadPoolExecutor-0_1]   Output Zarr store: /rsstu/users/k/kanarde/NASA-Sunnyverse/rmccune/poseidon/data/down_east/flood_events/DE_01_20241116080050_20241116213050/zarr/orig_image_rects
[2025-12-30 23:35:17] [ThreadPoolExecutor-0_1]   Found 106 images to process.
[2025-12-30 23:35:17] [ThreadPoolExecutor-0_1]   Processing image 1/106: CAM_DE_01_20241116172425.jpg
[2025-12-30 23:35:20] [ThreadPoolExecutor-0_2]   Processing image 70/75: CAM_DE_01_20241114141826.jpg
[2025-12-30 23:35:22] [ThreadPoolExecutor-0_0]   Processing image 8/87: CAM_DE_01_20241104140026_predseg_labels.png
[2025-12-30 23:35:37] [ThreadPoolExecutor-0_0]   Processing image 16/87: CAM_DE_01_20241104193626_predseg_labels.png
[2025-12-30 23:35:38] [ThreadPoolExecutor-0_2]   Processing image 75/75: CAM_DE_01_20241114173625.jpg
[2025-12-30 23:35:41] [ThreadPoolExecutor-0_2]   Successfully processed 75 images.
[2025-12-30 23:35:41] [ThreadPoolExecutor-0_2] === Batch Rectification Complete ===
[2025-12-30 23:35:41] [ThreadPoolExecutor-0_2] [DE_01_20241114074751_20241114182951] Rectifying labels from: labels
[2025-12-30 23:35:41] [ThreadPoolExecutor-0_2] 
=== Starting Batch Rectification ===
[2025-12-30 23:35:41] [ThreadPoolExecutor-0_2]   Source folder: /rsstu/users/k/kanarde/NASA-Sunnyverse/rmccune/poseidon/data/down_east/flood_events/DE_01_20241114074751_20241114182951/labels
[2025-12-30 23:35:41] [ThreadPoolExecutor-0_2]   Output Zarr store: /rsstu/users/k/kanarde/NASA-Sunnyverse/rmccune/poseidon/data/down_east/flood_events/DE_01_20241114074751_20241114182951/zarr/labels_rects
[2025-12-30 23:35:41] [ThreadPoolExecutor-0_2]   Found 75 images to process.
[2025-12-30 23:35:41] [ThreadPoolExecutor-0_2]   Processing image 1/75: CAM_DE_01_20241114170026_predseg_labels.png
[2025-12-30 23:35:49] [ThreadPoolExecutor-0_3]   Processing image 60/102: CAM_DE_01_20241115200026.jpg
[2025-12-30 23:35:49] [ThreadPoolExecutor-0_1]   Processing image 10/106: CAM_DE_01_20241116144226.jpg
[2025-12-30 23:35:51] [ThreadPoolExecutor-0_0]   Processing image 24/87: CAM_DE_01_20241104133026_predseg_labels.png
[2025-12-30 23:35:53] [ThreadPoolExecutor-0_2]   Processing image 7/75: CAM_DE_01_20241114124225_predseg_labels.png
[2025-12-30 23:36:03] [ThreadPoolExecutor-0_0]   Processing image 32/87: CAM_DE_01_20241104121825_predseg_labels.png
[2025-12-30 23:36:03] [ThreadPoolExecutor-0_2]   Processing image 14/75: CAM_DE_01_20241114141826_predseg_labels.png
[2025-12-30 23:36:45] [ThreadPoolExecutor-0_2]   Processing image 21/75: CAM_DE_01_20241114144226_predseg_labels.png
[2025-12-30 23:36:47] [ThreadPoolExecutor-0_0]   Processing image 40/87: CAM_DE_01_20241104195425_predseg_labels.png
[2025-12-30 23:36:50] [ThreadPoolExecutor-0_1]   Processing image 20/106: CAM_DE_01_20241116162425.jpg
[2025-12-30 23:36:50] [ThreadPoolExecutor-0_3]   Processing image 70/102: CAM_DE_01_20241115174826.jpg
[2025-12-30 23:36:57] [ThreadPoolExecutor-0_2]   Processing image 28/75: CAM_DE_01_20241114111011_predseg_labels.png
[2025-12-30 23:37:00] [ThreadPoolExecutor-0_0]   Processing image 48/87: CAM_DE_01_20241104141225_predseg_labels.png
[2025-12-30 23:37:08] [ThreadPoolExecutor-0_2]   Processing image 35/75: CAM_DE_01_20241114130025_predseg_labels.png
[2025-12-30 23:37:13] [ThreadPoolExecutor-0_0]   Processing image 56/87: CAM_DE_01_20241104173025_predseg_labels.png
[2025-12-30 23:37:18] [ThreadPoolExecutor-0_1]   Processing image 30/106: CAM_DE_01_20241116210625.jpg
[2025-12-30 23:37:18] [ThreadPoolExecutor-0_3]   Processing image 80/102: CAM_DE_01_20241115200626.jpg
[2025-12-30 23:37:20] [ThreadPoolExecutor-0_2]   Processing image 42/75: CAM_DE_01_20241114152425_predseg_labels.png
[2025-12-30 23:37:26] [ThreadPoolExecutor-0_0]   Processing image 64/87: CAM_DE_01_20241104181225_predseg_labels.png
[2025-12-30 23:37:29] [ThreadPoolExecutor-0_2]   Processing image 49/75: CAM_DE_01_20241114145426_predseg_labels.png
[2025-12-30 23:37:36] [ThreadPoolExecutor-0_0]   Processing image 72/87: CAM_DE_01_20241104204825_predseg_labels.png
[2025-12-30 23:37:39] [ThreadPoolExecutor-0_2]   Processing image 56/75: CAM_DE_01_20241114150626_predseg_labels.png
[2025-12-30 23:37:42] [ThreadPoolExecutor-0_3]   Processing image 90/102: CAM_DE_01_20241115151826.jpg
[2025-12-30 23:37:42] [ThreadPoolExecutor-0_1]   Processing image 40/106: CAM_DE_01_20241116184825.jpg
[2025-12-30 23:37:46] [ThreadPoolExecutor-0_0]   Processing image 80/87: CAM_DE_01_20241104171226_predseg_labels.png
[2025-12-30 23:37:47] [ThreadPoolExecutor-0_2]   Processing image 63/75: CAM_DE_01_20241114121826_predseg_labels.png
[2025-12-30 23:37:56] [ThreadPoolExecutor-0_0]   Processing image 87/87: CAM_DE_01_20241104163026_predseg_labels.png
[2025-12-30 23:37:58] [ThreadPoolExecutor-0_0]   Successfully processed 87 images.
[2025-12-30 23:37:58] [ThreadPoolExecutor-0_0] === Batch Rectification Complete ===
[2025-12-30 23:37:58] [ThreadPoolExecutor-0_0] +++ Successfully processed event DE_01_20241104121024_20241104205224 +++
[2025-12-30 23:37:58] [ThreadPoolExecutor-0_0] --- Processing event: DE_01_20241117094924_20241117211324 ---
[2025-12-30 23:37:58] [ThreadPoolExecutor-0_0] [DE_01_20241117094924_20241117211324] Rectifying images from: orig_images
[2025-12-30 23:37:58] [ThreadPoolExecutor-0_0] 
=== Starting Batch Rectification ===
[2025-12-30 23:37:58] [ThreadPoolExecutor-0_0]   Source folder: /rsstu/users/k/kanarde/NASA-Sunnyverse/rmccune/poseidon/data/down_east/flood_events/DE_01_20241117094924_20241117211324/orig_images
[2025-12-30 23:37:58] [ThreadPoolExecutor-0_0]   Output Zarr store: /rsstu/users/k/kanarde/NASA-Sunnyverse/rmccune/poseidon/data/down_east/flood_events/DE_01_20241117094924_20241117211324/zarr/orig_image_rects
[2025-12-30 23:37:58] [ThreadPoolExecutor-0_2]   Processing image 70/75: CAM_DE_01_20241114141226_predseg_labels.png
[2025-12-30 23:37:58] [ThreadPoolExecutor-0_0]   Found 103 images to process.
[2025-12-30 23:37:58] [ThreadPoolExecutor-0_0]   Processing image 1/103: CAM_DE_01_20241117140625.jpg
[2025-12-30 23:38:03] [ThreadPoolExecutor-0_2]   Processing image 75/75: CAM_DE_01_20241114122425_predseg_labels.png
[2025-12-30 23:38:05] [ThreadPoolExecutor-0_2]   Successfully processed 75 images.
[2025-12-30 23:38:05] [ThreadPoolExecutor-0_2] === Batch Rectification Complete ===
[2025-12-30 23:38:05] [ThreadPoolExecutor-0_2] +++ Successfully processed event DE_01_20241114074751_20241114182951 +++
[2025-12-30 23:38:05] [ThreadPoolExecutor-0_2] --- Processing event: DE_01_20241118122740_20241118205019 ---
[2025-12-30 23:38:05] [ThreadPoolExecutor-0_2] [DE_01_20241118122740_20241118205019] Rectifying images from: orig_images
[2025-12-30 23:38:05] [ThreadPoolExecutor-0_2] 
=== Starting Batch Rectification ===
[2025-12-30 23:38:05] [ThreadPoolExecutor-0_2]   Source folder: /rsstu/users/k/kanarde/NASA-Sunnyverse/rmccune/poseidon/data/down_east/flood_events/DE_01_20241118122740_20241118205019/orig_images
[2025-12-30 23:38:05] [ThreadPoolExecutor-0_2]   Output Zarr store: /rsstu/users/k/kanarde/NASA-Sunnyverse/rmccune/poseidon/data/down_east/flood_events/DE_01_20241118122740_20241118205019/zarr/orig_image_rects
[2025-12-30 23:38:06] [ThreadPoolExecutor-0_2]   Found 84 images to process.
[2025-12-30 23:38:06] [ThreadPoolExecutor-0_2]   Processing image 1/84: CAM_DE_01_20241118141226.jpg
[2025-12-30 23:38:08] [ThreadPoolExecutor-0_3]   Processing image 100/102: CAM_DE_01_20241115164226.jpg
[2025-12-30 23:38:08] [ThreadPoolExecutor-0_1]   Processing image 50/106: CAM_DE_01_20241116123625.jpg
[2025-12-30 23:38:14] [ThreadPoolExecutor-0_3]   Processing image 102/102: CAM_DE_01_20241115154825.jpg
[2025-12-30 23:38:16] [ThreadPoolExecutor-0_3]   Successfully processed 102 images.
[2025-12-30 23:38:16] [ThreadPoolExecutor-0_3] === Batch Rectification Complete ===
[2025-12-30 23:38:16] [ThreadPoolExecutor-0_3] [DE_01_20241115080754_20241115211140] Rectifying labels from: labels
[2025-12-30 23:38:16] [ThreadPoolExecutor-0_3] 
=== Starting Batch Rectification ===
[2025-12-30 23:38:16] [ThreadPoolExecutor-0_3]   Source folder: /rsstu/users/k/kanarde/NASA-Sunnyverse/rmccune/poseidon/data/down_east/flood_events/DE_01_20241115080754_20241115211140/labels
[2025-12-30 23:38:16] [ThreadPoolExecutor-0_3]   Output Zarr store: /rsstu/users/k/kanarde/NASA-Sunnyverse/rmccune/poseidon/data/down_east/flood_events/DE_01_20241115080754_20241115211140/zarr/labels_rects
[2025-12-30 23:38:16] [ThreadPoolExecutor-0_3]   Found 102 images to process.
[2025-12-30 23:38:16] [ThreadPoolExecutor-0_3]   Processing image 1/102: CAM_DE_01_20241115194825_predseg_labels.png
[2025-12-30 23:38:19] [ThreadPoolExecutor-0_0]   Processing image 10/103: CAM_DE_01_20241117191826.jpg
[2025-12-30 23:38:29] [ThreadPoolExecutor-0_2]   Processing image 8/84: CAM_DE_01_20241118124826.jpg
[2025-12-30 23:38:52] [ThreadPoolExecutor-0_3]   Processing image 10/102: CAM_DE_01_20241115180026_predseg_labels.png
[2025-12-30 23:39:00] [ThreadPoolExecutor-0_1]   Processing image 60/106: CAM_DE_01_20241116195426.jpg
[2025-12-30 23:39:06] [ThreadPoolExecutor-0_3]   Processing image 20/102: CAM_DE_01_20241115180626_predseg_labels.png
[2025-12-30 23:39:09] [ThreadPoolExecutor-0_2]   Processing image 16/84: CAM_DE_01_20241118130625.jpg
[2025-12-30 23:39:09] [ThreadPoolExecutor-0_0]   Processing image 20/103: CAM_DE_01_20241117190625.jpg
[2025-12-30 23:39:17] [ThreadPoolExecutor-0_3]   Processing image 30/102: CAM_DE_01_20241115181826_predseg_labels.png
[2025-12-30 23:39:22] [ThreadPoolExecutor-0_1]   Processing image 70/106: CAM_DE_01_20241116155426.jpg
[2025-12-30 23:39:26] [ThreadPoolExecutor-0_2]   Processing image 24/84: CAM_DE_01_20241118170026.jpg
[2025-12-30 23:39:28] [ThreadPoolExecutor-0_3]   Processing image 40/102: CAM_DE_01_20241115200626_predseg_labels.png
[2025-12-30 23:39:31] [ThreadPoolExecutor-0_0]   Processing image 30/103: CAM_DE_01_20241117153625.jpg
[2025-12-30 23:39:39] [ThreadPoolExecutor-0_3]   Processing image 50/102: CAM_DE_01_20241115181226_predseg_labels.png
[2025-12-30 23:39:44] [ThreadPoolExecutor-0_1]   Processing image 80/106: CAM_DE_01_20241116130026.jpg
[2025-12-30 23:39:44] [ThreadPoolExecutor-0_2]   Processing image 32/84: CAM_DE_01_20241118151825.jpg
[2025-12-30 23:39:50] [ThreadPoolExecutor-0_3]   Processing image 60/102: CAM_DE_01_20241115164825_predseg_labels.png
[2025-12-30 23:39:54] [ThreadPoolExecutor-0_0]   Processing image 40/103: CAM_DE_01_20241117181226.jpg
[2025-12-30 23:40:02] [ThreadPoolExecutor-0_3]   Processing image 70/102: CAM_DE_01_20241115170626_predseg_labels.png
[2025-12-30 23:40:03] [ThreadPoolExecutor-0_2]   Processing image 40/84: CAM_DE_01_20241118171826.jpg
[2025-12-30 23:40:08] [ThreadPoolExecutor-0_1]   Processing image 90/106: CAM_DE_01_20241116111013.jpg
[2025-12-30 23:40:13] [ThreadPoolExecutor-0_3]   Processing image 80/102: CAM_DE_01_20241115134226_predseg_labels.png
[2025-12-30 23:40:15] [ThreadPoolExecutor-0_0]   Processing image 50/103: CAM_DE_01_20241117130025.jpg
[2025-12-30 23:40:19] [ThreadPoolExecutor-0_2]   Processing image 48/84: CAM_DE_01_20241118141826.jpg
[2025-12-30 23:40:23] [ThreadPoolExecutor-0_3]   Processing image 90/102: CAM_DE_01_20241115195426_predseg_labels.png
[2025-12-30 23:40:29] [ThreadPoolExecutor-0_1]   Processing image 100/106: CAM_DE_01_20241116200626.jpg
[2025-12-30 23:40:37] [ThreadPoolExecutor-0_3]   Processing image 100/102: CAM_DE_01_20241115171226_predseg_labels.png
[2025-12-30 23:40:40] [ThreadPoolExecutor-0_3]   Processing image 102/102: CAM_DE_01_20241115120626_predseg_labels.png
[2025-12-30 23:40:41] [ThreadPoolExecutor-0_3]   Successfully processed 102 images.
[2025-12-30 23:40:41] [ThreadPoolExecutor-0_3] === Batch Rectification Complete ===
[2025-12-30 23:40:41] [ThreadPoolExecutor-0_3] +++ Successfully processed event DE_01_20241115080754_20241115211140 +++
[2025-12-30 23:40:41] [ThreadPoolExecutor-0_2]   Processing image 56/84: CAM_DE_01_20241118165426.jpg
[2025-12-30 23:40:41] [ThreadPoolExecutor-0_3] --- Processing event: DE_01_20241119132014_20241119213814 ---
[2025-12-30 23:40:41] [ThreadPoolExecutor-0_0]   Processing image 60/103: CAM_DE_01_20241117185426.jpg
[2025-12-30 23:40:41] [ThreadPoolExecutor-0_3] [DE_01_20241119132014_20241119213814] Rectifying images from: orig_images
[2025-12-30 23:40:41] [ThreadPoolExecutor-0_3] 
=== Starting Batch Rectification ===
[2025-12-30 23:40:41] [ThreadPoolExecutor-0_3]   Source folder: /rsstu/users/k/kanarde/NASA-Sunnyverse/rmccune/poseidon/data/down_east/flood_events/DE_01_20241119132014_20241119213814/orig_images
[2025-12-30 23:40:41] [ThreadPoolExecutor-0_3]   Output Zarr store: /rsstu/users/k/kanarde/NASA-Sunnyverse/rmccune/poseidon/data/down_east/flood_events/DE_01_20241119132014_20241119213814/zarr/orig_image_rects
[2025-12-30 23:40:41] [ThreadPoolExecutor-0_3]   Found 83 images to process.
[2025-12-30 23:40:41] [ThreadPoolExecutor-0_3]   Processing image 1/83: CAM_DE_01_20241119154226.jpg
[2025-12-30 23:40:46] [ThreadPoolExecutor-0_1]   Processing image 106/106: CAM_DE_01_20241116112207.jpg
[2025-12-30 23:40:48] [ThreadPoolExecutor-0_1]   Successfully processed 106 images.
[2025-12-30 23:40:48] [ThreadPoolExecutor-0_1] === Batch Rectification Complete ===
[2025-12-30 23:40:48] [ThreadPoolExecutor-0_1] [DE_01_20241116080050_20241116213050] Rectifying labels from: labels
[2025-12-30 23:40:48] [ThreadPoolExecutor-0_1] 
=== Starting Batch Rectification ===
[2025-12-30 23:40:48] [ThreadPoolExecutor-0_1]   Source folder: /rsstu/users/k/kanarde/NASA-Sunnyverse/rmccune/poseidon/data/down_east/flood_events/DE_01_20241116080050_20241116213050/labels
[2025-12-30 23:40:48] [ThreadPoolExecutor-0_1]   Output Zarr store: /rsstu/users/k/kanarde/NASA-Sunnyverse/rmccune/poseidon/data/down_east/flood_events/DE_01_20241116080050_20241116213050/zarr/labels_rects
[2025-12-30 23:40:48] [ThreadPoolExecutor-0_1]   Found 106 images to process.
[2025-12-30 23:40:48] [ThreadPoolExecutor-0_1]   Processing image 1/106: CAM_DE_01_20241116153625_predseg_labels.png
[2025-12-30 23:40:57] [ThreadPoolExecutor-0_3]   Processing image 8/83: CAM_DE_01_20241119150625.jpg
[2025-12-30 23:40:59] [ThreadPoolExecutor-0_1]   Processing image 10/106: CAM_DE_01_20241116130625_predseg_labels.png
[2025-12-30 23:40:59] [ThreadPoolExecutor-0_2]   Processing image 64/84: CAM_DE_01_20241118130026.jpg
[2025-12-30 23:41:05] [ThreadPoolExecutor-0_0]   Processing image 70/103: CAM_DE_01_20241117180026.jpg
[2025-12-30 23:41:12] [ThreadPoolExecutor-0_1]   Processing image 20/106: CAM_DE_01_20241116211226_predseg_labels.png
[2025-12-30 23:41:16] [ThreadPoolExecutor-0_3]   Processing image 16/83: CAM_DE_01_20241119133626.jpg
[2025-12-30 23:41:18] [ThreadPoolExecutor-0_2]   Processing image 72/84: CAM_DE_01_20241118173626.jpg
[2025-12-30 23:41:23] [ThreadPoolExecutor-0_1]   Processing image 30/106: CAM_DE_01_20241116144826_predseg_labels.png
[2025-12-30 23:41:28] [ThreadPoolExecutor-0_0]   Processing image 80/103: CAM_DE_01_20241117204826.jpg
[2025-12-30 23:41:37] [ThreadPoolExecutor-0_1]   Processing image 40/106: CAM_DE_01_20241116174226_predseg_labels.png
[2025-12-30 23:41:38] [ThreadPoolExecutor-0_3]   Processing image 24/83: CAM_DE_01_20241119195426.jpg
[2025-12-30 23:41:41] [ThreadPoolExecutor-0_2]   Processing image 80/84: CAM_DE_01_20241118140626.jpg
[2025-12-30 23:41:50] [ThreadPoolExecutor-0_1]   Processing image 50/106: CAM_DE_01_20241116180026_predseg_labels.png
[2025-12-30 23:41:51] [ThreadPoolExecutor-0_2]   Processing image 84/84: CAM_DE_01_20241118203026.jpg
[2025-12-30 23:41:53] [ThreadPoolExecutor-0_2]   Successfully processed 84 images.
[2025-12-30 23:41:53] [ThreadPoolExecutor-0_2] === Batch Rectification Complete ===
[2025-12-30 23:41:53] [ThreadPoolExecutor-0_2] [DE_01_20241118122740_20241118205019] Rectifying labels from: labels
[2025-12-30 23:41:53] [ThreadPoolExecutor-0_2] 
=== Starting Batch Rectification ===
[2025-12-30 23:41:53] [ThreadPoolExecutor-0_2]   Source folder: /rsstu/users/k/kanarde/NASA-Sunnyverse/rmccune/poseidon/data/down_east/flood_events/DE_01_20241118122740_20241118205019/labels
[2025-12-30 23:41:53] [ThreadPoolExecutor-0_2]   Output Zarr store: /rsstu/users/k/kanarde/NASA-Sunnyverse/rmccune/poseidon/data/down_east/flood_events/DE_01_20241118122740_20241118205019/zarr/labels_rects
[2025-12-30 23:41:53] [ThreadPoolExecutor-0_2]   Found 84 images to process.
[2025-12-30 23:41:53] [ThreadPoolExecutor-0_2]   Processing image 1/84: CAM_DE_01_20241118203626_predseg_labels.png
[2025-12-30 23:41:55] [ThreadPoolExecutor-0_0]   Processing image 90/103: CAM_DE_01_20241117122425.jpg
[2025-12-30 23:41:57] [ThreadPoolExecutor-0_3]   Processing image 32/83: CAM_DE_01_20241119184825.jpg
[2025-12-30 23:42:01] [ThreadPoolExecutor-0_2]   Processing image 8/84: CAM_DE_01_20241118154826_predseg_labels.png
[2025-12-30 23:42:01] [ThreadPoolExecutor-0_1]   Processing image 60/106: CAM_DE_01_20241116121225_predseg_labels.png
[2025-12-30 23:42:10] [ThreadPoolExecutor-0_2]   Processing image 16/84: CAM_DE_01_20241118153026_predseg_labels.png
[2025-12-30 23:42:12] [ThreadPoolExecutor-0_1]   Processing image 70/106: CAM_DE_01_20241116131226_predseg_labels.png
[2025-12-30 23:42:14] [ThreadPoolExecutor-0_3]   Processing image 40/83: CAM_DE_01_20241119211826.jpg
[2025-12-30 23:42:16] [ThreadPoolExecutor-0_0]   Processing image 100/103: CAM_DE_01_20241117170026.jpg
[2025-12-30 23:42:18] [ThreadPoolExecutor-0_2]   Processing image 24/84: CAM_DE_01_20241118140626_predseg_labels.png
[2025-12-30 23:42:21] [ThreadPoolExecutor-0_1]   Processing image 80/106: CAM_DE_01_20241116121826_predseg_labels.png
[2025-12-30 23:42:22] [ThreadPoolExecutor-0_0]   Processing image 103/103: CAM_DE_01_20241117194226.jpg
[2025-12-30 23:42:24] [ThreadPoolExecutor-0_0]   Successfully processed 103 images.
[2025-12-30 23:42:24] [ThreadPoolExecutor-0_0] === Batch Rectification Complete ===
[2025-12-30 23:42:24] [ThreadPoolExecutor-0_0] [DE_01_20241117094924_20241117211324] Rectifying labels from: labels
[2025-12-30 23:42:24] [ThreadPoolExecutor-0_0] 
=== Starting Batch Rectification ===
[2025-12-30 23:42:24] [ThreadPoolExecutor-0_0]   Source folder: /rsstu/users/k/kanarde/NASA-Sunnyverse/rmccune/poseidon/data/down_east/flood_events/DE_01_20241117094924_20241117211324/labels
[2025-12-30 23:42:24] [ThreadPoolExecutor-0_0]   Output Zarr store: /rsstu/users/k/kanarde/NASA-Sunnyverse/rmccune/poseidon/data/down_east/flood_events/DE_01_20241117094924_20241117211324/zarr/labels_rects
[2025-12-30 23:42:25] [ThreadPoolExecutor-0_0]   Found 103 images to process.
[2025-12-30 23:42:25] [ThreadPoolExecutor-0_0]   Processing image 1/103: CAM_DE_01_20241117121225_predseg_labels.png
[2025-12-30 23:42:26] [ThreadPoolExecutor-0_2]   Processing image 32/84: CAM_DE_01_20241118150026_predseg_labels.png
[2025-12-30 23:42:29] [ThreadPoolExecutor-0_3]   Processing image 48/83: CAM_DE_01_20241119212426.jpg
[2025-12-30 23:42:34] [ThreadPoolExecutor-0_1]   Processing image 90/106: CAM_DE_01_20241116161826_predseg_labels.png
[2025-12-30 23:42:36] [ThreadPoolExecutor-0_0]   Processing image 10/103: CAM_DE_01_20241117210026_predseg_labels.png
[2025-12-30 23:42:36] [ThreadPoolExecutor-0_2]   Processing image 40/84: CAM_DE_01_20241118175426_predseg_labels.png
[2025-12-30 23:42:47] [ThreadPoolExecutor-0_3]   Processing image 56/83: CAM_DE_01_20241119151226.jpg
[2025-12-30 23:43:15] [ThreadPoolExecutor-0_1]   Processing image 100/106: CAM_DE_01_20241116181225_predseg_labels.png
[2025-12-30 23:43:15] [ThreadPoolExecutor-0_2]   Processing image 48/84: CAM_DE_01_20241118124226_predseg_labels.png
[2025-12-30 23:43:18] [ThreadPoolExecutor-0_0]   Processing image 20/103: CAM_DE_01_20241117114825_predseg_labels.png
[2025-12-30 23:43:21] [ThreadPoolExecutor-0_3]   Processing image 64/83: CAM_DE_01_20241119173026.jpg
[2025-12-30 23:43:23] [ThreadPoolExecutor-0_1]   Processing image 106/106: CAM_DE_01_20241116213025_predseg_labels.png
[2025-12-30 23:43:25] [ThreadPoolExecutor-0_1]   Successfully processed 106 images.
[2025-12-30 23:43:25] [ThreadPoolExecutor-0_1] === Batch Rectification Complete ===
[2025-12-30 23:43:25] [ThreadPoolExecutor-0_1] +++ Successfully processed event DE_01_20241116080050_20241116213050 +++
[2025-12-30 23:43:25] [ThreadPoolExecutor-0_1] --- Processing event: DE_01_20241120142639_20241120222039 ---
[2025-12-30 23:43:25] [ThreadPoolExecutor-0_1] [DE_01_20241120142639_20241120222039] Rectifying images from: orig_images
[2025-12-30 23:43:25] [ThreadPoolExecutor-0_1] 
=== Starting Batch Rectification ===
[2025-12-30 23:43:25] [ThreadPoolExecutor-0_1]   Source folder: /rsstu/users/k/kanarde/NASA-Sunnyverse/rmccune/poseidon/data/down_east/flood_events/DE_01_20241120142639_20241120222039/orig_images
[2025-12-30 23:43:25] [ThreadPoolExecutor-0_1]   Output Zarr store: /rsstu/users/k/kanarde/NASA-Sunnyverse/rmccune/poseidon/data/down_east/flood_events/DE_01_20241120142639_20241120222039/zarr/orig_image_rects
[2025-12-30 23:43:25] [ThreadPoolExecutor-0_1]   Found 77 images to process.
[2025-12-30 23:43:25] [ThreadPoolExecutor-0_1]   Processing image 1/77: CAM_DE_01_20241120204825.jpg
[2025-12-30 23:43:26] [ThreadPoolExecutor-0_2]   Processing image 56/84: CAM_DE_01_20241118181225_predseg_labels.png
[2025-12-30 23:43:29] [ThreadPoolExecutor-0_0]   Processing image 30/103: CAM_DE_01_20241117155426_predseg_labels.png
[2025-12-30 23:43:33] [ThreadPoolExecutor-0_3]   Processing image 72/83: CAM_DE_01_20241119140626.jpg
[2025-12-30 23:43:33] [ThreadPoolExecutor-0_2]   Processing image 64/84: CAM_DE_01_20241118160026_predseg_labels.png
[2025-12-30 23:43:35] [ThreadPoolExecutor-0_1]   Processing image 7/77: CAM_DE_01_20241120153626.jpg
[2025-12-30 23:43:38] [ThreadPoolExecutor-0_0]   Processing image 40/103: CAM_DE_01_20241117131226_predseg_labels.png
[2025-12-30 23:43:40] [ThreadPoolExecutor-0_2]   Processing image 72/84: CAM_DE_01_20241118180625_predseg_labels.png
[2025-12-30 23:43:45] [ThreadPoolExecutor-0_1]   Processing image 14/77: CAM_DE_01_20241120160026.jpg
[2025-12-30 23:43:45] [ThreadPoolExecutor-0_3]   Processing image 80/83: CAM_DE_01_20241119141825.jpg
[2025-12-30 23:43:46] [ThreadPoolExecutor-0_2]   Processing image 80/84: CAM_DE_01_20241118202426_predseg_labels.png
[2025-12-30 23:43:46] [ThreadPoolExecutor-0_0]   Processing image 50/103: CAM_DE_01_20241117190625_predseg_labels.png
[2025-12-30 23:43:49] [ThreadPoolExecutor-0_3]   Processing image 83/83: CAM_DE_01_20241119193626.jpg
[2025-12-30 23:43:50] [ThreadPoolExecutor-0_2]   Processing image 84/84: CAM_DE_01_20241118134825_predseg_labels.png
[2025-12-30 23:43:50] [ThreadPoolExecutor-0_3]   Successfully processed 83 images.
[2025-12-30 23:43:50] [ThreadPoolExecutor-0_3] === Batch Rectification Complete ===
[2025-12-30 23:43:50] [ThreadPoolExecutor-0_3] [DE_01_20241119132014_20241119213814] Rectifying labels from: labels
[2025-12-30 23:43:50] [ThreadPoolExecutor-0_3] 
=== Starting Batch Rectification ===
[2025-12-30 23:43:50] [ThreadPoolExecutor-0_3]   Source folder: /rsstu/users/k/kanarde/NASA-Sunnyverse/rmccune/poseidon/data/down_east/flood_events/DE_01_20241119132014_20241119213814/labels
[2025-12-30 23:43:50] [ThreadPoolExecutor-0_3]   Output Zarr store: /rsstu/users/k/kanarde/NASA-Sunnyverse/rmccune/poseidon/data/down_east/flood_events/DE_01_20241119132014_20241119213814/zarr/labels_rects
[2025-12-30 23:43:50] [ThreadPoolExecutor-0_2]   Successfully processed 84 images.
[2025-12-30 23:43:50] [ThreadPoolExecutor-0_2] === Batch Rectification Complete ===
[2025-12-30 23:43:50] [ThreadPoolExecutor-0_2] +++ Successfully processed event DE_01_20241118122740_20241118205019 +++
[2025-12-30 23:43:50] [ThreadPoolExecutor-0_2] --- Processing event: DE_01_20241121145113_20241122002113 ---
[2025-12-30 23:43:50] [ThreadPoolExecutor-0_3]   Found 83 images to process.
[2025-12-30 23:43:50] [ThreadPoolExecutor-0_3]   Processing image 1/83: CAM_DE_01_20241119163025_predseg_labels.png
[2025-12-30 23:43:51] [ThreadPoolExecutor-0_2] [DE_01_20241121145113_20241122002113] Rectifying images from: orig_images
[2025-12-30 23:43:51] [ThreadPoolExecutor-0_2] 
=== Starting Batch Rectification ===
[2025-12-30 23:43:51] [ThreadPoolExecutor-0_2]   Source folder: /rsstu/users/k/kanarde/NASA-Sunnyverse/rmccune/poseidon/data/down_east/flood_events/DE_01_20241121145113_20241122002113/orig_images
[2025-12-30 23:43:51] [ThreadPoolExecutor-0_2]   Output Zarr store: /rsstu/users/k/kanarde/NASA-Sunnyverse/rmccune/poseidon/data/down_east/flood_events/DE_01_20241121145113_20241122002113/zarr/orig_image_rects
[2025-12-30 23:43:51] [ThreadPoolExecutor-0_2]   Found 91 images to process.
[2025-12-30 23:43:51] [ThreadPoolExecutor-0_2]   Processing image 1/91: CAM_DE_01_20241121224021.jpg
[2025-12-30 23:43:54] [ThreadPoolExecutor-0_1]   Processing image 21/77: CAM_DE_01_20241120221006.jpg
[2025-12-30 23:43:55] [ThreadPoolExecutor-0_0]   Processing image 60/103: CAM_DE_01_20241117153025_predseg_labels.png
[2025-12-30 23:43:56] [ThreadPoolExecutor-0_3]   Processing image 8/83: CAM_DE_01_20241119134825_predseg_labels.png
[2025-12-30 23:44:03] [ThreadPoolExecutor-0_2]   Processing image 9/91: CAM_DE_01_20241121164825.jpg
[2025-12-30 23:44:04] [ThreadPoolExecutor-0_0]   Processing image 70/103: CAM_DE_01_20241117184825_predseg_labels.png
[2025-12-30 23:44:04] [ThreadPoolExecutor-0_3]   Processing image 16/83: CAM_DE_01_20241119181826_predseg_labels.png
[2025-12-30 23:44:05] [ThreadPoolExecutor-0_1]   Processing image 28/77: CAM_DE_01_20241120191226.jpg
[2025-12-30 23:44:11] [ThreadPoolExecutor-0_3]   Processing image 24/83: CAM_DE_01_20241119201226_predseg_labels.png
[2025-12-30 23:44:13] [ThreadPoolExecutor-0_0]   Processing image 80/103: CAM_DE_01_20241117170026_predseg_labels.png
[2025-12-30 23:44:15] [ThreadPoolExecutor-0_1]   Processing image 35/77: CAM_DE_01_20241120200026.jpg
[2025-12-30 23:44:16] [ThreadPoolExecutor-0_2]   Processing image 18/91: CAM_DE_01_20241121192425.jpg
[2025-12-30 23:44:18] [ThreadPoolExecutor-0_3]   Processing image 32/83: CAM_DE_01_20241119143626_predseg_labels.png
[2025-12-30 23:44:21] [ThreadPoolExecutor-0_0]   Processing image 90/103: CAM_DE_01_20241117114005_predseg_labels.png
[2025-12-30 23:44:24] [ThreadPoolExecutor-0_3]   Processing image 40/83: CAM_DE_01_20241119170626_predseg_labels.png
[2025-12-30 23:44:25] [ThreadPoolExecutor-0_1]   Processing image 42/77: CAM_DE_01_20241120200625.jpg
[2025-12-30 23:44:27] [ThreadPoolExecutor-0_2]   Processing image 27/91: CAM_DE_01_20241121152425.jpg
[2025-12-30 23:44:29] [ThreadPoolExecutor-0_0]   Processing image 100/103: CAM_DE_01_20241117114606_predseg_labels.png
[2025-12-30 23:44:31] [ThreadPoolExecutor-0_3]   Processing image 48/83: CAM_DE_01_20241119154226_predseg_labels.png
[2025-12-30 23:44:31] [ThreadPoolExecutor-0_0]   Processing image 103/103: CAM_DE_01_20241117111016_predseg_labels.png
[2025-12-30 23:44:32] [ThreadPoolExecutor-0_0]   Successfully processed 103 images.
[2025-12-30 23:44:32] [ThreadPoolExecutor-0_0] === Batch Rectification Complete ===
[2025-12-30 23:44:32] [ThreadPoolExecutor-0_0] +++ Successfully processed event DE_01_20241117094924_20241117211324 +++
[2025-12-30 23:44:32] [ThreadPoolExecutor-0_0] --- Processing event: DE_01_20241122163947_20241122225747 ---
[2025-12-30 23:44:32] [ThreadPoolExecutor-0_0] [DE_01_20241122163947_20241122225747] Rectifying images from: orig_images
[2025-12-30 23:44:32] [ThreadPoolExecutor-0_0] 
=== Starting Batch Rectification ===
[2025-12-30 23:44:32] [ThreadPoolExecutor-0_0]   Source folder: /rsstu/users/k/kanarde/NASA-Sunnyverse/rmccune/poseidon/data/down_east/flood_events/DE_01_20241122163947_20241122225747/orig_images
[2025-12-30 23:44:32] [ThreadPoolExecutor-0_0]   Output Zarr store: /rsstu/users/k/kanarde/NASA-Sunnyverse/rmccune/poseidon/data/down_east/flood_events/DE_01_20241122163947_20241122225747/zarr/orig_image_rects
[2025-12-30 23:44:33] [ThreadPoolExecutor-0_0]   Found 62 images to process.
[2025-12-30 23:44:33] [ThreadPoolExecutor-0_0]   Processing image 1/62: CAM_DE_01_20241122180626.jpg
[2025-12-30 23:44:36] [ThreadPoolExecutor-0_1]   Processing image 49/77: CAM_DE_01_20241120164825.jpg
[2025-12-30 23:44:38] [ThreadPoolExecutor-0_3]   Processing image 56/83: CAM_DE_01_20241119203026_predseg_labels.png
[2025-12-30 23:44:42] [ThreadPoolExecutor-0_0]   Processing image 6/62: CAM_DE_01_20241122194826.jpg
[2025-12-30 23:44:44] [ThreadPoolExecutor-0_2]   Processing image 36/91: CAM_DE_01_20241121200025.jpg
[2025-12-30 23:44:45] [ThreadPoolExecutor-0_3]   Processing image 64/83: CAM_DE_01_20241119170026_predseg_labels.png
[2025-12-30 23:44:49] [ThreadPoolExecutor-0_1]   Processing image 56/77: CAM_DE_01_20241120204226.jpg
[2025-12-30 23:44:53] [ThreadPoolExecutor-0_0]   Processing image 12/62: CAM_DE_01_20241122213026.jpg
[2025-12-30 23:44:53] [ThreadPoolExecutor-0_3]   Processing image 72/83: CAM_DE_01_20241119210626_predseg_labels.png
[2025-12-30 23:45:00] [ThreadPoolExecutor-0_3]   Processing image 80/83: CAM_DE_01_20241119163625_predseg_labels.png
[2025-12-30 23:45:00] [ThreadPoolExecutor-0_2]   Processing image 45/91: CAM_DE_01_20241121150626.jpg
[2025-12-30 23:45:02] [ThreadPoolExecutor-0_1]   Processing image 63/77: CAM_DE_01_20241120153026.jpg
[2025-12-30 23:45:03] [ThreadPoolExecutor-0_3]   Processing image 83/83: CAM_DE_01_20241119201826_predseg_labels.png
[2025-12-30 23:45:03] [ThreadPoolExecutor-0_3]   Successfully processed 83 images.
[2025-12-30 23:45:03] [ThreadPoolExecutor-0_3] === Batch Rectification Complete ===
[2025-12-30 23:45:03] [ThreadPoolExecutor-0_3] +++ Successfully processed event DE_01_20241119132014_20241119213814 +++
[2025-12-30 23:45:03] [ThreadPoolExecutor-0_0]   Processing image 18/62: CAM_DE_01_20241122165426.jpg
[2025-12-30 23:45:12] [ThreadPoolExecutor-0_1]   Processing image 70/77: CAM_DE_01_20241120155425.jpg
[2025-12-30 23:45:12] [ThreadPoolExecutor-0_0]   Processing image 24/62: CAM_DE_01_20241122194226.jpg
[2025-12-30 23:45:13] [ThreadPoolExecutor-0_2]   Processing image 54/91: CAM_DE_01_20241121215426.jpg
[2025-12-30 23:45:19] [ThreadPoolExecutor-0_0]   Processing image 30/62: CAM_DE_01_20241122214826.jpg
[2025-12-30 23:45:20] [ThreadPoolExecutor-0_1]   Processing image 77/77: CAM_DE_01_20241120203626.jpg
[2025-12-30 23:45:22] [ThreadPoolExecutor-0_1]   Successfully processed 77 images.
[2025-12-30 23:45:22] [ThreadPoolExecutor-0_1] === Batch Rectification Complete ===
[2025-12-30 23:45:22] [ThreadPoolExecutor-0_1] [DE_01_20241120142639_20241120222039] Rectifying labels from: labels
[2025-12-30 23:45:22] [ThreadPoolExecutor-0_1] 
=== Starting Batch Rectification ===
[2025-12-30 23:45:22] [ThreadPoolExecutor-0_1]   Source folder: /rsstu/users/k/kanarde/NASA-Sunnyverse/rmccune/poseidon/data/down_east/flood_events/DE_01_20241120142639_20241120222039/labels
[2025-12-30 23:45:22] [ThreadPoolExecutor-0_1]   Output Zarr store: /rsstu/users/k/kanarde/NASA-Sunnyverse/rmccune/poseidon/data/down_east/flood_events/DE_01_20241120142639_20241120222039/zarr/labels_rects
[2025-12-30 23:45:22] [ThreadPoolExecutor-0_1]   Found 77 images to process.
[2025-12-30 23:45:22] [ThreadPoolExecutor-0_1]   Processing image 1/77: CAM_DE_01_20241120220026_predseg_labels.png
[2025-12-30 23:45:24] [ThreadPoolExecutor-0_2]   Processing image 63/91: CAM_DE_01_20241122001113.jpg
[2025-12-30 23:45:25] [ThreadPoolExecutor-0_1]   Processing image 7/77: CAM_DE_01_20241120204226_predseg_labels.png
[2025-12-30 23:45:27] [ThreadPoolExecutor-0_0]   Processing image 36/62: CAM_DE_01_20241122193026.jpg
[2025-12-30 23:45:30] [ThreadPoolExecutor-0_1]   Processing image 14/77: CAM_DE_01_20241120183626_predseg_labels.png
[2025-12-30 23:45:34] [ThreadPoolExecutor-0_0]   Processing image 42/62: CAM_DE_01_20241122181225.jpg
[2025-12-30 23:45:34] [ThreadPoolExecutor-0_1]   Processing image 21/77: CAM_DE_01_20241120183026_predseg_labels.png
[2025-12-30 23:45:35] [ThreadPoolExecutor-0_2]   Processing image 72/91: CAM_DE_01_20241121204225.jpg
[2025-12-30 23:45:39] [ThreadPoolExecutor-0_1]   Processing image 28/77: CAM_DE_01_20241120214225_predseg_labels.png
[2025-12-30 23:45:42] [ThreadPoolExecutor-0_0]   Processing image 48/62: CAM_DE_01_20241122182426.jpg
[2025-12-30 23:45:43] [ThreadPoolExecutor-0_1]   Processing image 35/77: CAM_DE_01_20241120170026_predseg_labels.png
[2025-12-30 23:45:47] [ThreadPoolExecutor-0_2]   Processing image 81/91: CAM_DE_01_20241121205426.jpg
[2025-12-30 23:45:48] [ThreadPoolExecutor-0_1]   Processing image 42/77: CAM_DE_01_20241120145426_predseg_labels.png
[2025-12-30 23:45:49] [ThreadPoolExecutor-0_0]   Processing image 54/62: CAM_DE_01_20241122164826.jpg
[2025-12-30 23:45:52] [ThreadPoolExecutor-0_1]   Processing image 49/77: CAM_DE_01_20241120192426_predseg_labels.png
[2025-12-30 23:45:56] [ThreadPoolExecutor-0_1]   Processing image 56/77: CAM_DE_01_20241120171225_predseg_labels.png
[2025-12-30 23:45:56] [ThreadPoolExecutor-0_0]   Processing image 60/62: CAM_DE_01_20241122224014.jpg
[2025-12-30 23:45:58] [ThreadPoolExecutor-0_2]   Processing image 90/91: CAM_DE_01_20241121235913.jpg
[2025-12-30 23:45:59] [ThreadPoolExecutor-0_0]   Processing image 62/62: CAM_DE_01_20241122192426.jpg
[2025-12-30 23:45:59] [ThreadPoolExecutor-0_2]   Processing image 91/91: CAM_DE_01_20241121221606.jpg
[2025-12-30 23:46:00] [ThreadPoolExecutor-0_2]   Successfully processed 91 images.
[2025-12-30 23:46:00] [ThreadPoolExecutor-0_2] === Batch Rectification Complete ===
[2025-12-30 23:46:00] [ThreadPoolExecutor-0_2] [DE_01_20241121145113_20241122002113] Rectifying labels from: labels
[2025-12-30 23:46:00] [ThreadPoolExecutor-0_2] 
=== Starting Batch Rectification ===
[2025-12-30 23:46:00] [ThreadPoolExecutor-0_2]   Source folder: /rsstu/users/k/kanarde/NASA-Sunnyverse/rmccune/poseidon/data/down_east/flood_events/DE_01_20241121145113_20241122002113/labels
[2025-12-30 23:46:00] [ThreadPoolExecutor-0_2]   Output Zarr store: /rsstu/users/k/kanarde/NASA-Sunnyverse/rmccune/poseidon/data/down_east/flood_events/DE_01_20241121145113_20241122002113/zarr/labels_rects
[2025-12-30 23:46:00] [ThreadPoolExecutor-0_0]   Successfully processed 62 images.
[2025-12-30 23:46:00] [ThreadPoolExecutor-0_0] === Batch Rectification Complete ===
[2025-12-30 23:46:00] [ThreadPoolExecutor-0_0] [DE_01_20241122163947_20241122225747] Rectifying labels from: labels
[2025-12-30 23:46:00] [ThreadPoolExecutor-0_0] 
=== Starting Batch Rectification ===
[2025-12-30 23:46:00] [ThreadPoolExecutor-0_0]   Source folder: /rsstu/users/k/kanarde/NASA-Sunnyverse/rmccune/poseidon/data/down_east/flood_events/DE_01_20241122163947_20241122225747/labels
[2025-12-30 23:46:00] [ThreadPoolExecutor-0_0]   Output Zarr store: /rsstu/users/k/kanarde/NASA-Sunnyverse/rmccune/poseidon/data/down_east/flood_events/DE_01_20241122163947_20241122225747/zarr/labels_rects
[2025-12-30 23:46:00] [ThreadPoolExecutor-0_2]   Found 91 images to process.
[2025-12-30 23:46:00] [ThreadPoolExecutor-0_2]   Processing image 1/91: CAM_DE_01_20241121190625_predseg_labels.png
[2025-12-30 23:46:00] [ThreadPoolExecutor-0_1]   Processing image 63/77: CAM_DE_01_20241120203626_predseg_labels.png
[2025-12-30 23:46:00] [ThreadPoolExecutor-0_0]   Found 62 images to process.
[2025-12-30 23:46:00] [ThreadPoolExecutor-0_0]   Processing image 1/62: CAM_DE_01_20241122225250_predseg_labels.png
[2025-12-30 23:46:05] [ThreadPoolExecutor-0_0]   Processing image 6/62: CAM_DE_01_20241122193026_predseg_labels.png
[2025-12-30 23:46:06] [ThreadPoolExecutor-0_1]   Processing image 70/77: CAM_DE_01_20241120182426_predseg_labels.png
[2025-12-30 23:46:07] [ThreadPoolExecutor-0_2]   Processing image 9/91: CAM_DE_01_20241122000515_predseg_labels.png
[2025-12-30 23:46:08] [ThreadPoolExecutor-0_0]   Processing image 12/62: CAM_DE_01_20241122182426_predseg_labels.png
[2025-12-30 23:46:10] [ThreadPoolExecutor-0_1]   Processing image 77/77: CAM_DE_01_20241120173025_predseg_labels.png
[2025-12-30 23:46:11] [ThreadPoolExecutor-0_1]   Successfully processed 77 images.
[2025-12-30 23:46:11] [ThreadPoolExecutor-0_1] === Batch Rectification Complete ===
[2025-12-30 23:46:11] [ThreadPoolExecutor-0_1] +++ Successfully processed event DE_01_20241120142639_20241120222039 +++
[2025-12-30 23:46:12] [ThreadPoolExecutor-0_2]   Processing image 18/91: CAM_DE_01_20241121191226_predseg_labels.png
[2025-12-30 23:46:12] [ThreadPoolExecutor-0_0]   Processing image 18/62: CAM_DE_01_20241122195426_predseg_labels.png
[2025-12-30 23:46:15] [ThreadPoolExecutor-0_0]   Processing image 24/62: CAM_DE_01_20241122180626_predseg_labels.png
[2025-12-30 23:46:16] [ThreadPoolExecutor-0_2]   Processing image 27/91: CAM_DE_01_20241121213626_predseg_labels.png
[2025-12-30 23:46:18] [ThreadPoolExecutor-0_0]   Processing image 30/62: CAM_DE_01_20241122224640_predseg_labels.png
[2025-12-30 23:46:21] [ThreadPoolExecutor-0_0]   Processing image 36/62: CAM_DE_01_20241122220025_predseg_labels.png
[2025-12-30 23:46:21] [ThreadPoolExecutor-0_2]   Processing image 36/91: CAM_DE_01_20241121161826_predseg_labels.png
[2025-12-30 23:46:24] [ThreadPoolExecutor-0_0]   Processing image 42/62: CAM_DE_01_20241122210626_predseg_labels.png
[2025-12-30 23:46:25] [ThreadPoolExecutor-0_2]   Processing image 45/91: CAM_DE_01_20241121184225_predseg_labels.png
[2025-12-30 23:46:27] [ThreadPoolExecutor-0_0]   Processing image 48/62: CAM_DE_01_20241122191826_predseg_labels.png
[2025-12-30 23:46:29] [ThreadPoolExecutor-0_2]   Processing image 54/91: CAM_DE_01_20241121151826_predseg_labels.png
[2025-12-30 23:46:29] [ThreadPoolExecutor-0_0]   Processing image 54/62: CAM_DE_01_20241122222207_predseg_labels.png
[2025-12-30 23:46:44] [ThreadPoolExecutor-0_0]   Processing image 60/62: CAM_DE_01_20241122164826_predseg_labels.png
[2025-12-30 23:46:55] [ThreadPoolExecutor-0_0]   Processing image 62/62: CAM_DE_01_20241122165426_predseg_labels.png
[2025-12-30 23:46:59] [ThreadPoolExecutor-0_0]   Successfully processed 62 images.
[2025-12-30 23:46:59] [ThreadPoolExecutor-0_0] === Batch Rectification Complete ===
[2025-12-30 23:46:59] [ThreadPoolExecutor-0_0] +++ Successfully processed event DE_01_20241122163947_20241122225747 +++
[2025-12-30 23:46:59] [ThreadPoolExecutor-0_2]   Processing image 63/91: CAM_DE_01_20241121192425_predseg_labels.png
[2025-12-30 23:47:08] [ThreadPoolExecutor-0_2]   Processing image 72/91: CAM_DE_01_20241121193026_predseg_labels.png
[2025-12-30 23:47:11] [ThreadPoolExecutor-0_2]   Processing image 81/91: CAM_DE_01_20241121171226_predseg_labels.png
[2025-12-30 23:47:14] [ThreadPoolExecutor-0_2]   Processing image 90/91: CAM_DE_01_20241121213026_predseg_labels.png
[2025-12-30 23:47:14] [ThreadPoolExecutor-0_2]   Processing image 91/91: CAM_DE_01_20241122001113_predseg_labels.png
[2025-12-30 23:47:15] [ThreadPoolExecutor-0_2]   Successfully processed 91 images.
[2025-12-30 23:47:15] [ThreadPoolExecutor-0_2] === Batch Rectification Complete ===
[2025-12-30 23:47:15] [ThreadPoolExecutor-0_2] +++ Successfully processed event DE_01_20241121145113_20241122002113 +++
[2025-12-30 23:47:15] [MainThread  ] 
--- Rectification Pipeline Complete ---
[2025-12-30 23:47:15] [MainThread  ] Total events processed: 56
[2025-12-30 23:47:15] [MainThread  ] Total events skipped:   0
[2025-12-30 23:47:15] [MainThread  ] Total events (errors):  0
