[2025-12-30 20:18:15] [MainThread  ] --- Starting Rectification Pipeline ---
[2025-12-30 20:18:15] [MainThread  ] Loaded intrinsics: 'suds_cam'
[2025-12-30 20:18:15] [MainThread  ] Loaded extrinsics: 'DE_01'
[2025-12-30 20:18:15] [MainThread  ] Loading LiDAR data from: /rsstu/users/k/kanarde/NASA-Sunnyverse/rmccune/poseidon/data/lidar/combined_point_cloud_down_east.laz
[2025-12-30 20:18:19] [MainThread  ] Creating point array from LiDAR data...
[2025-12-30 20:18:20] [MainThread  ] Generating grid at 0.05m resolution...
[2025-12-30 20:18:33] [MainThread  ] Initializing ImageRectifier... (GPU Enabled: True)
[2025-12-30 20:18:33] [MainThread  ] --- Initializing ImageRectifier ---
[2025-12-30 20:18:33] [MainThread  ]   Mode: GPU (CuPy)
[2025-12-30 20:18:34] [MainThread  ]   Input grid shape: (3911, 3284)
[2025-12-30 20:18:34] [MainThread  ]   Starting distortion map computation (Ud, Vd)...
[2025-12-30 20:18:37] [MainThread  ]   ...Distortion map computation complete.
[2025-12-30 20:18:37] [MainThread  ] --- ImageRectifier Initialization Complete ---
[2025-12-30 20:18:37] [MainThread  ] Iterating through event folders in: /rsstu/users/k/kanarde/NASA-Sunnyverse/rmccune/poseidon/data/down_east/flood_events using 4 workers
[2025-12-30 20:18:38] [MainThread  ] Found 56 potential event directories.
[2025-12-30 20:18:38] [ThreadPoolExecutor-0_1] --- Processing event: DE_01_20240603210426_20240604041626 ---
[2025-12-30 20:18:38] [ThreadPoolExecutor-0_0] --- Processing event: DE_01_20240808134219_20240808214722 ---
[2025-12-30 20:18:38] [ThreadPoolExecutor-0_2] --- Processing event: DE_01_20240808122019_20240808185919 ---
[2025-12-30 20:18:38] [ThreadPoolExecutor-0_3] --- Processing event: DE_01_20240727152730_20240727234946 ---
[2025-12-30 20:18:38] [ThreadPoolExecutor-0_1] [DE_01_20240603210426_20240604041626] Rectifying images from: orig_images
[2025-12-30 20:18:38] [ThreadPoolExecutor-0_1] 
=== Starting Batch Rectification ===
[2025-12-30 20:18:38] [ThreadPoolExecutor-0_1]   Source folder: /rsstu/users/k/kanarde/NASA-Sunnyverse/rmccune/poseidon/data/down_east/flood_events/DE_01_20240603210426_20240604041626/orig_images
[2025-12-30 20:18:38] [ThreadPoolExecutor-0_1]   Output Zarr store: /rsstu/users/k/kanarde/NASA-Sunnyverse/rmccune/poseidon/data/down_east/flood_events/DE_01_20240603210426_20240604041626/zarr/orig_image_rects
[2025-12-30 20:18:38] [ThreadPoolExecutor-0_0] [DE_01_20240808134219_20240808214722] Rectifying images from: orig_images
[2025-12-30 20:18:38] [ThreadPoolExecutor-0_2] [DE_01_20240808122019_20240808185919] Rectifying images from: orig_images
[2025-12-30 20:18:38] [ThreadPoolExecutor-0_0] 
=== Starting Batch Rectification ===
[2025-12-30 20:18:38] [ThreadPoolExecutor-0_2] 
=== Starting Batch Rectification ===
[2025-12-30 20:18:38] [ThreadPoolExecutor-0_0]   Source folder: /rsstu/users/k/kanarde/NASA-Sunnyverse/rmccune/poseidon/data/down_east/flood_events/DE_01_20240808134219_20240808214722/orig_images
[2025-12-30 20:18:38] [ThreadPoolExecutor-0_2]   Source folder: /rsstu/users/k/kanarde/NASA-Sunnyverse/rmccune/poseidon/data/down_east/flood_events/DE_01_20240808122019_20240808185919/orig_images
[2025-12-30 20:18:38] [ThreadPoolExecutor-0_0]   Output Zarr store: /rsstu/users/k/kanarde/NASA-Sunnyverse/rmccune/poseidon/data/down_east/flood_events/DE_01_20240808134219_20240808214722/zarr/orig_image_rects
[2025-12-30 20:18:38] [ThreadPoolExecutor-0_2]   Output Zarr store: /rsstu/users/k/kanarde/NASA-Sunnyverse/rmccune/poseidon/data/down_east/flood_events/DE_01_20240808122019_20240808185919/zarr/orig_image_rects
[2025-12-30 20:18:38] [ThreadPoolExecutor-0_3] [DE_01_20240727152730_20240727234946] Rectifying images from: orig_images
[2025-12-30 20:18:38] [ThreadPoolExecutor-0_3] 
=== Starting Batch Rectification ===
[2025-12-30 20:18:38] [ThreadPoolExecutor-0_3]   Source folder: /rsstu/users/k/kanarde/NASA-Sunnyverse/rmccune/poseidon/data/down_east/flood_events/DE_01_20240727152730_20240727234946/orig_images
[2025-12-30 20:18:38] [ThreadPoolExecutor-0_3]   Output Zarr store: /rsstu/users/k/kanarde/NASA-Sunnyverse/rmccune/poseidon/data/down_east/flood_events/DE_01_20240727152730_20240727234946/zarr/orig_image_rects
[2025-12-30 20:18:38] [ThreadPoolExecutor-0_2]   Found 65 images to process.
[2025-12-30 20:18:38] [ThreadPoolExecutor-0_2]   Processing image 1/65: CAM_DE_01_20240808160625.jpg
[2025-12-30 20:18:38] [ThreadPoolExecutor-0_0]   Found 81 images to process.
[2025-12-30 20:18:38] [ThreadPoolExecutor-0_0]   Processing image 1/81: CAM_DE_01_20240808214226.jpg
[2025-12-30 20:18:38] [ThreadPoolExecutor-0_1]   Found 28 images to process.
[2025-12-30 20:18:38] [ThreadPoolExecutor-0_1]   Processing image 1/28: CAM_DE_01_20240603212426.jpg
[2025-12-30 20:18:38] [ThreadPoolExecutor-0_3]   Found 84 images to process.
[2025-12-30 20:18:38] [ThreadPoolExecutor-0_3]   Processing image 1/84: CAM_DE_01_20240727225426.jpg
[2025-12-30 20:18:41] [ThreadPoolExecutor-0_1]   Processing image 2/28: CAM_DE_01_20240603231226.jpg
[2025-12-30 20:18:46] [ThreadPoolExecutor-0_1]   Processing image 4/28: CAM_DE_01_20240603221825.jpg
[2025-12-30 20:18:50] [ThreadPoolExecutor-0_2]   Processing image 6/65: CAM_DE_01_20240808140026.jpg
[2025-12-30 20:18:50] [ThreadPoolExecutor-0_1]   Processing image 6/28: CAM_DE_01_20240603234825.jpg
[2025-12-30 20:18:52] [ThreadPoolExecutor-0_3]   Processing image 8/84: CAM_DE_01_20240727175426.jpg
[2025-12-30 20:18:55] [ThreadPoolExecutor-0_0]   Processing image 8/81: CAM_DE_01_20240808170026.jpg
[2025-12-30 20:18:55] [ThreadPoolExecutor-0_1]   Processing image 8/28: CAM_DE_01_20240603234226.jpg
[2025-12-30 20:18:59] [ThreadPoolExecutor-0_1]   Processing image 10/28: CAM_DE_01_20240603230625.jpg
[2025-12-30 20:19:04] [ThreadPoolExecutor-0_2]   Processing image 12/65: CAM_DE_01_20240808171225.jpg
[2025-12-30 20:19:04] [ThreadPoolExecutor-0_1]   Processing image 12/28: CAM_DE_01_20240603210626.jpg
[2025-12-30 20:19:09] [ThreadPoolExecutor-0_1]   Processing image 14/28: CAM_DE_01_20240603223026.jpg
[2025-12-30 20:19:11] [ThreadPoolExecutor-0_3]   Processing image 16/84: CAM_DE_01_20240727204826.jpg
[2025-12-30 20:19:13] [ThreadPoolExecutor-0_0]   Processing image 16/81: CAM_DE_01_20240808195425.jpg
[2025-12-30 20:19:14] [ThreadPoolExecutor-0_1]   Processing image 16/28: CAM_DE_01_20240603233025.jpg
[2025-12-30 20:19:18] [ThreadPoolExecutor-0_1]   Processing image 18/28: CAM_DE_01_20240603211826.jpg
[2025-12-30 20:19:18] [ThreadPoolExecutor-0_2]   Processing image 18/65: CAM_DE_01_20240808183025.jpg
[2025-12-30 20:19:22] [ThreadPoolExecutor-0_1]   Processing image 20/28: CAM_DE_01_20240603220026.jpg
[2025-12-30 20:19:26] [ThreadPoolExecutor-0_1]   Processing image 22/28: CAM_DE_01_20240603230026.jpg
[2025-12-30 20:19:28] [ThreadPoolExecutor-0_3]   Processing image 24/84: CAM_DE_01_20240727183626.jpg
[2025-12-30 20:19:30] [ThreadPoolExecutor-0_2]   Processing image 24/65: CAM_DE_01_20240808123025.jpg
[2025-12-30 20:19:30] [ThreadPoolExecutor-0_0]   Processing image 24/81: CAM_DE_01_20240808135426.jpg
[2025-12-30 20:19:30] [ThreadPoolExecutor-0_1]   Processing image 24/28: CAM_DE_01_20240603222426.jpg
[2025-12-30 20:19:34] [ThreadPoolExecutor-0_1]   Processing image 26/28: CAM_DE_01_20240603220626.jpg
[2025-12-30 20:19:40] [ThreadPoolExecutor-0_1]   Processing image 28/28: CAM_DE_01_20240603223626.jpg
[2025-12-30 20:19:43] [ThreadPoolExecutor-0_1]   Successfully processed 28 images.
[2025-12-30 20:19:43] [ThreadPoolExecutor-0_1] === Batch Rectification Complete ===
[2025-12-30 20:19:43] [ThreadPoolExecutor-0_1] [DE_01_20240603210426_20240604041626] Rectifying labels from: labels
[2025-12-30 20:19:43] [ThreadPoolExecutor-0_1] 
=== Starting Batch Rectification ===
[2025-12-30 20:19:43] [ThreadPoolExecutor-0_1]   Source folder: /rsstu/users/k/kanarde/NASA-Sunnyverse/rmccune/poseidon/data/down_east/flood_events/DE_01_20240603210426_20240604041626/labels
[2025-12-30 20:19:43] [ThreadPoolExecutor-0_1]   Output Zarr store: /rsstu/users/k/kanarde/NASA-Sunnyverse/rmccune/poseidon/data/down_east/flood_events/DE_01_20240603210426_20240604041626/zarr/labels_rects
[2025-12-30 20:19:44] [ThreadPoolExecutor-0_1]   Found 28 images to process.
[2025-12-30 20:19:44] [ThreadPoolExecutor-0_1]   Processing image 1/28: CAM_DE_01_20240603225426_predseg_labels.png
[2025-12-30 20:19:45] [ThreadPoolExecutor-0_1]   Processing image 2/28: CAM_DE_01_20240603213625_predseg_labels.png
[2025-12-30 20:19:45] [ThreadPoolExecutor-0_2]   Processing image 30/65: CAM_DE_01_20240808181826.jpg
[2025-12-30 20:19:48] [ThreadPoolExecutor-0_1]   Processing image 4/28: CAM_DE_01_20240603214226_predseg_labels.png
[2025-12-30 20:19:48] [ThreadPoolExecutor-0_3]   Processing image 32/84: CAM_DE_01_20240727172426.jpg
[2025-12-30 20:19:50] [ThreadPoolExecutor-0_1]   Processing image 6/28: CAM_DE_01_20240603223626_predseg_labels.png
[2025-12-30 20:19:50] [ThreadPoolExecutor-0_0]   Processing image 32/81: CAM_DE_01_20240808185426.jpg
[2025-12-30 20:19:52] [ThreadPoolExecutor-0_1]   Processing image 8/28: CAM_DE_01_20240603221226_predseg_labels.png
[2025-12-30 20:19:57] [ThreadPoolExecutor-0_1]   Processing image 10/28: CAM_DE_01_20240603230026_predseg_labels.png
[2025-12-30 20:20:00] [ThreadPoolExecutor-0_1]   Processing image 12/28: CAM_DE_01_20240603223026_predseg_labels.png
[2025-12-30 20:20:03] [ThreadPoolExecutor-0_1]   Processing image 14/28: CAM_DE_01_20240603231826_predseg_labels.png
[2025-12-30 20:20:03] [ThreadPoolExecutor-0_2]   Processing image 36/65: CAM_DE_01_20240808160026.jpg
[2025-12-30 20:20:07] [ThreadPoolExecutor-0_1]   Processing image 16/28: CAM_DE_01_20240603221825_predseg_labels.png
[2025-12-30 20:20:09] [ThreadPoolExecutor-0_1]   Processing image 18/28: CAM_DE_01_20240603234226_predseg_labels.png
[2025-12-30 20:20:14] [ThreadPoolExecutor-0_3]   Processing image 40/84: CAM_DE_01_20240727173025.jpg
[2025-12-30 20:20:14] [ThreadPoolExecutor-0_1]   Processing image 20/28: CAM_DE_01_20240603233025_predseg_labels.png
[2025-12-30 20:20:17] [ThreadPoolExecutor-0_0]   Processing image 40/81: CAM_DE_01_20240808182425.jpg
[2025-12-30 20:20:21] [ThreadPoolExecutor-0_1]   Processing image 22/28: CAM_DE_01_20240603210626_predseg_labels.png
[2025-12-30 20:20:22] [ThreadPoolExecutor-0_1]   Processing image 24/28: CAM_DE_01_20240603213025_predseg_labels.png
[2025-12-30 20:20:26] [ThreadPoolExecutor-0_1]   Processing image 26/28: CAM_DE_01_20240603232425_predseg_labels.png
[2025-12-30 20:20:26] [ThreadPoolExecutor-0_2]   Processing image 42/65: CAM_DE_01_20240808123626.jpg
[2025-12-30 20:20:28] [ThreadPoolExecutor-0_1]   Processing image 28/28: CAM_DE_01_20240603215425_predseg_labels.png
[2025-12-30 20:20:30] [ThreadPoolExecutor-0_1]   Successfully processed 28 images.
[2025-12-30 20:20:30] [ThreadPoolExecutor-0_1] === Batch Rectification Complete ===
[2025-12-30 20:20:30] [ThreadPoolExecutor-0_1] +++ Successfully processed event DE_01_20240603210426_20240604041626 +++
[2025-12-30 20:20:30] [ThreadPoolExecutor-0_1] --- Processing event: DE_01_20240728171958_20240729002658 ---
[2025-12-30 20:20:30] [ThreadPoolExecutor-0_1] [DE_01_20240728171958_20240729002658] Rectifying images from: orig_images
[2025-12-30 20:20:30] [ThreadPoolExecutor-0_1] 
=== Starting Batch Rectification ===
[2025-12-30 20:20:30] [ThreadPoolExecutor-0_1]   Source folder: /rsstu/users/k/kanarde/NASA-Sunnyverse/rmccune/poseidon/data/down_east/flood_events/DE_01_20240728171958_20240729002658/orig_images
[2025-12-30 20:20:30] [ThreadPoolExecutor-0_1]   Output Zarr store: /rsstu/users/k/kanarde/NASA-Sunnyverse/rmccune/poseidon/data/down_east/flood_events/DE_01_20240728171958_20240729002658/zarr/orig_image_rects
[2025-12-30 20:20:30] [ThreadPoolExecutor-0_1]   Found 66 images to process.
[2025-12-30 20:20:30] [ThreadPoolExecutor-0_1]   Processing image 1/66: CAM_DE_01_20240728233025.jpg
[2025-12-30 20:20:38] [ThreadPoolExecutor-0_3]   Processing image 48/84: CAM_DE_01_20240727181226.jpg
[2025-12-30 20:20:41] [ThreadPoolExecutor-0_1]   Processing image 6/66: CAM_DE_01_20240728184226.jpg
[2025-12-30 20:20:41] [ThreadPoolExecutor-0_0]   Processing image 48/81: CAM_DE_01_20240808174225.jpg
[2025-12-30 20:20:41] [ThreadPoolExecutor-0_2]   Processing image 48/65: CAM_DE_01_20240808161826.jpg
[2025-12-30 20:21:03] [ThreadPoolExecutor-0_2]   Processing image 54/65: CAM_DE_01_20240808184226.jpg
[2025-12-30 20:21:03] [ThreadPoolExecutor-0_1]   Processing image 12/66: CAM_DE_01_20240728225426.jpg
[2025-12-30 20:21:07] [ThreadPoolExecutor-0_3]   Processing image 56/84: CAM_DE_01_20240727183026.jpg
[2025-12-30 20:21:09] [ThreadPoolExecutor-0_0]   Processing image 56/81: CAM_DE_01_20240808210026.jpg
[2025-12-30 20:21:20] [ThreadPoolExecutor-0_2]   Processing image 60/65: CAM_DE_01_20240808131825.jpg
[2025-12-30 20:21:20] [ThreadPoolExecutor-0_1]   Processing image 18/66: CAM_DE_01_20240728211826.jpg
[2025-12-30 20:21:30] [ThreadPoolExecutor-0_3]   Processing image 64/84: CAM_DE_01_20240727231826.jpg
[2025-12-30 20:21:33] [ThreadPoolExecutor-0_0]   Processing image 64/81: CAM_DE_01_20240808170626.jpg
[2025-12-30 20:21:36] [ThreadPoolExecutor-0_2]   Processing image 65/65: CAM_DE_01_20240808173626.jpg
[2025-12-30 20:21:40] [ThreadPoolExecutor-0_1]   Processing image 24/66: CAM_DE_01_20240728191826.jpg
[2025-12-30 20:21:40] [ThreadPoolExecutor-0_2]   Successfully processed 65 images.
[2025-12-30 20:21:40] [ThreadPoolExecutor-0_2] === Batch Rectification Complete ===
[2025-12-30 20:21:40] [ThreadPoolExecutor-0_2] [DE_01_20240808122019_20240808185919] Rectifying labels from: labels
[2025-12-30 20:21:40] [ThreadPoolExecutor-0_2] 
=== Starting Batch Rectification ===
[2025-12-30 20:21:40] [ThreadPoolExecutor-0_2]   Source folder: /rsstu/users/k/kanarde/NASA-Sunnyverse/rmccune/poseidon/data/down_east/flood_events/DE_01_20240808122019_20240808185919/labels
[2025-12-30 20:21:40] [ThreadPoolExecutor-0_2]   Output Zarr store: /rsstu/users/k/kanarde/NASA-Sunnyverse/rmccune/poseidon/data/down_east/flood_events/DE_01_20240808122019_20240808185919/zarr/labels_rects
[2025-12-30 20:21:40] [ThreadPoolExecutor-0_2]   Found 65 images to process.
[2025-12-30 20:21:40] [ThreadPoolExecutor-0_2]   Processing image 1/65: CAM_DE_01_20240808150626_predseg_labels.png
[2025-12-30 20:21:46] [ThreadPoolExecutor-0_2]   Processing image 6/65: CAM_DE_01_20240808183625_predseg_labels.png
[2025-12-30 20:21:51] [ThreadPoolExecutor-0_3]   Processing image 72/84: CAM_DE_01_20240727230025.jpg
[2025-12-30 20:21:52] [ThreadPoolExecutor-0_2]   Processing image 12/65: CAM_DE_01_20240808185426_predseg_labels.png
[2025-12-30 20:21:53] [ThreadPoolExecutor-0_0]   Processing image 72/81: CAM_DE_01_20240808184826.jpg
[2025-12-30 20:21:53] [ThreadPoolExecutor-0_1]   Processing image 30/66: CAM_DE_01_20240728192425.jpg
[2025-12-30 20:22:01] [ThreadPoolExecutor-0_2]   Processing image 18/65: CAM_DE_01_20240808160026_predseg_labels.png
[2025-12-30 20:22:09] [ThreadPoolExecutor-0_2]   Processing image 24/65: CAM_DE_01_20240808183025_predseg_labels.png
[2025-12-30 20:22:10] [ThreadPoolExecutor-0_1]   Processing image 36/66: CAM_DE_01_20240728204826.jpg
[2025-12-30 20:22:13] [ThreadPoolExecutor-0_3]   Processing image 80/84: CAM_DE_01_20240727153625.jpg
[2025-12-30 20:22:15] [ThreadPoolExecutor-0_0]   Processing image 80/81: CAM_DE_01_20240808180626.jpg
[2025-12-30 20:22:17] [ThreadPoolExecutor-0_2]   Processing image 30/65: CAM_DE_01_20240808132426_predseg_labels.png
[2025-12-30 20:22:17] [ThreadPoolExecutor-0_0]   Processing image 81/81: CAM_DE_01_20240808173626.jpg
[2025-12-30 20:22:19] [ThreadPoolExecutor-0_0]   Successfully processed 81 images.
[2025-12-30 20:22:19] [ThreadPoolExecutor-0_0] === Batch Rectification Complete ===
[2025-12-30 20:22:19] [ThreadPoolExecutor-0_0] [DE_01_20240808134219_20240808214722] Rectifying labels from: labels
[2025-12-30 20:22:19] [ThreadPoolExecutor-0_0] 
=== Starting Batch Rectification ===
[2025-12-30 20:22:19] [ThreadPoolExecutor-0_0]   Source folder: /rsstu/users/k/kanarde/NASA-Sunnyverse/rmccune/poseidon/data/down_east/flood_events/DE_01_20240808134219_20240808214722/labels
[2025-12-30 20:22:19] [ThreadPoolExecutor-0_0]   Output Zarr store: /rsstu/users/k/kanarde/NASA-Sunnyverse/rmccune/poseidon/data/down_east/flood_events/DE_01_20240808134219_20240808214722/zarr/labels_rects
[2025-12-30 20:22:19] [ThreadPoolExecutor-0_0]   Found 81 images to process.
[2025-12-30 20:22:19] [ThreadPoolExecutor-0_0]   Processing image 1/81: CAM_DE_01_20240808150626_predseg_labels.png
[2025-12-30 20:22:21] [ThreadPoolExecutor-0_3]   Processing image 84/84: CAM_DE_01_20240727220026.jpg
[2025-12-30 20:22:22] [ThreadPoolExecutor-0_2]   Processing image 36/65: CAM_DE_01_20240808170026_predseg_labels.png
[2025-12-30 20:22:22] [ThreadPoolExecutor-0_1]   Processing image 42/66: CAM_DE_01_20240728231225.jpg
[2025-12-30 20:22:22] [ThreadPoolExecutor-0_3]   Successfully processed 84 images.
[2025-12-30 20:22:22] [ThreadPoolExecutor-0_3] === Batch Rectification Complete ===
[2025-12-30 20:22:22] [ThreadPoolExecutor-0_3] [DE_01_20240727152730_20240727234946] Rectifying labels from: labels
[2025-12-30 20:22:22] [ThreadPoolExecutor-0_3] 
=== Starting Batch Rectification ===
[2025-12-30 20:22:22] [ThreadPoolExecutor-0_3]   Source folder: /rsstu/users/k/kanarde/NASA-Sunnyverse/rmccune/poseidon/data/down_east/flood_events/DE_01_20240727152730_20240727234946/labels
[2025-12-30 20:22:22] [ThreadPoolExecutor-0_3]   Output Zarr store: /rsstu/users/k/kanarde/NASA-Sunnyverse/rmccune/poseidon/data/down_east/flood_events/DE_01_20240727152730_20240727234946/zarr/labels_rects
[2025-12-30 20:22:22] [ThreadPoolExecutor-0_3]   Found 84 images to process.
[2025-12-30 20:22:22] [ThreadPoolExecutor-0_3]   Processing image 1/84: CAM_DE_01_20240727162425_predseg_labels.png
[2025-12-30 20:22:26] [ThreadPoolExecutor-0_0]   Processing image 8/81: CAM_DE_01_20240808183625_predseg_labels.png
[2025-12-30 20:22:35] [ThreadPoolExecutor-0_2]   Processing image 42/65: CAM_DE_01_20240808131825_predseg_labels.png
[2025-12-30 20:22:41] [ThreadPoolExecutor-0_3]   Processing image 8/84: CAM_DE_01_20240727181226_predseg_labels.png
[2025-12-30 20:22:46] [ThreadPoolExecutor-0_1]   Processing image 48/66: CAM_DE_01_20240728191226.jpg
[2025-12-30 20:22:50] [ThreadPoolExecutor-0_0]   Processing image 16/81: CAM_DE_01_20240808160625_predseg_labels.png
[2025-12-30 20:22:50] [ThreadPoolExecutor-0_2]   Processing image 48/65: CAM_DE_01_20240808174826_predseg_labels.png
[2025-12-30 20:23:03] [ThreadPoolExecutor-0_3]   Processing image 16/84: CAM_DE_01_20240727155426_predseg_labels.png
[2025-12-30 20:23:13] [ThreadPoolExecutor-0_2]   Processing image 54/65: CAM_DE_01_20240808122425_predseg_labels.png
[2025-12-30 20:23:15] [ThreadPoolExecutor-0_1]   Processing image 54/66: CAM_DE_01_20240728172425.jpg
[2025-12-30 20:23:18] [ThreadPoolExecutor-0_0]   Processing image 24/81: CAM_DE_01_20240808210026_predseg_labels.png
[2025-12-30 20:23:29] [ThreadPoolExecutor-0_2]   Processing image 60/65: CAM_DE_01_20240808182425_predseg_labels.png
[2025-12-30 20:23:29] [ThreadPoolExecutor-0_3]   Processing image 24/84: CAM_DE_01_20240727203625_predseg_labels.png
[2025-12-30 20:23:38] [ThreadPoolExecutor-0_0]   Processing image 32/81: CAM_DE_01_20240808143626_predseg_labels.png
[2025-12-30 20:23:39] [ThreadPoolExecutor-0_1]   Processing image 60/66: CAM_DE_01_20240728173626.jpg
[2025-12-30 20:23:40] [ThreadPoolExecutor-0_2]   Processing image 65/65: CAM_DE_01_20240808145426_predseg_labels.png
[2025-12-30 20:23:41] [ThreadPoolExecutor-0_2]   Successfully processed 65 images.
[2025-12-30 20:23:41] [ThreadPoolExecutor-0_2] === Batch Rectification Complete ===
[2025-12-30 20:23:41] [ThreadPoolExecutor-0_2] +++ Successfully processed event DE_01_20240808122019_20240808185919 +++
[2025-12-30 20:23:41] [ThreadPoolExecutor-0_2] --- Processing event: DE_01_20240604210426_20240605061026 ---
[2025-12-30 20:23:41] [ThreadPoolExecutor-0_2] [DE_01_20240604210426_20240605061026] Rectifying images from: orig_images
[2025-12-30 20:23:41] [ThreadPoolExecutor-0_2] 
=== Starting Batch Rectification ===
[2025-12-30 20:23:41] [ThreadPoolExecutor-0_2]   Source folder: /rsstu/users/k/kanarde/NASA-Sunnyverse/rmccune/poseidon/data/down_east/flood_events/DE_01_20240604210426_20240605061026/orig_images
[2025-12-30 20:23:41] [ThreadPoolExecutor-0_2]   Output Zarr store: /rsstu/users/k/kanarde/NASA-Sunnyverse/rmccune/poseidon/data/down_east/flood_events/DE_01_20240604210426_20240605061026/zarr/orig_image_rects
[2025-12-30 20:23:41] [ThreadPoolExecutor-0_2]   Found 29 images to process.
[2025-12-30 20:23:41] [ThreadPoolExecutor-0_2]   Processing image 1/29: CAM_DE_01_20240604211826.jpg
[2025-12-30 20:23:43] [ThreadPoolExecutor-0_3]   Processing image 32/84: CAM_DE_01_20240727202426_predseg_labels.png
[2025-12-30 20:23:44] [ThreadPoolExecutor-0_2]   Processing image 2/29: CAM_DE_01_20240604234226.jpg
[2025-12-30 20:23:48] [ThreadPoolExecutor-0_2]   Processing image 4/29: CAM_DE_01_20240604210626.jpg
[2025-12-30 20:23:52] [ThreadPoolExecutor-0_0]   Processing image 40/81: CAM_DE_01_20240808184826_predseg_labels.png
[2025-12-30 20:23:57] [ThreadPoolExecutor-0_3]   Processing image 40/84: CAM_DE_01_20240727163025_predseg_labels.png
[2025-12-30 20:23:58] [ThreadPoolExecutor-0_1]   Processing image 66/66: CAM_DE_01_20240728193025.jpg
[2025-12-30 20:23:58] [ThreadPoolExecutor-0_2]   Processing image 6/29: CAM_DE_01_20240604214226.jpg
[2025-12-30 20:24:02] [ThreadPoolExecutor-0_1]   Successfully processed 66 images.
[2025-12-30 20:24:02] [ThreadPoolExecutor-0_1] === Batch Rectification Complete ===
[2025-12-30 20:24:02] [ThreadPoolExecutor-0_1] [DE_01_20240728171958_20240729002658] Rectifying labels from: labels
[2025-12-30 20:24:02] [ThreadPoolExecutor-0_1] 
=== Starting Batch Rectification ===
[2025-12-30 20:24:02] [ThreadPoolExecutor-0_1]   Source folder: /rsstu/users/k/kanarde/NASA-Sunnyverse/rmccune/poseidon/data/down_east/flood_events/DE_01_20240728171958_20240729002658/labels
[2025-12-30 20:24:02] [ThreadPoolExecutor-0_1]   Output Zarr store: /rsstu/users/k/kanarde/NASA-Sunnyverse/rmccune/poseidon/data/down_east/flood_events/DE_01_20240728171958_20240729002658/zarr/labels_rects
[2025-12-30 20:24:03] [ThreadPoolExecutor-0_1]   Found 66 images to process.
[2025-12-30 20:24:03] [ThreadPoolExecutor-0_1]   Processing image 1/66: CAM_DE_01_20240728184826_predseg_labels.png
[2025-12-30 20:24:06] [ThreadPoolExecutor-0_2]   Processing image 8/29: CAM_DE_01_20240604235426.jpg
[2025-12-30 20:24:09] [ThreadPoolExecutor-0_0]   Processing image 48/81: CAM_DE_01_20240808144226_predseg_labels.png
[2025-12-30 20:24:12] [ThreadPoolExecutor-0_1]   Processing image 6/66: CAM_DE_01_20240728185425_predseg_labels.png
[2025-12-30 20:24:12] [ThreadPoolExecutor-0_3]   Processing image 48/84: CAM_DE_01_20240727203026_predseg_labels.png
[2025-12-30 20:24:12] [ThreadPoolExecutor-0_2]   Processing image 10/29: CAM_DE_01_20240604225426.jpg
[2025-12-30 20:24:17] [ThreadPoolExecutor-0_2]   Processing image 12/29: CAM_DE_01_20240604230026.jpg
[2025-12-30 20:24:23] [ThreadPoolExecutor-0_2]   Processing image 14/29: CAM_DE_01_20240604232426.jpg
[2025-12-30 20:24:25] [ThreadPoolExecutor-0_1]   Processing image 12/66: CAM_DE_01_20240728174825_predseg_labels.png
[2025-12-30 20:24:25] [ThreadPoolExecutor-0_0]   Processing image 56/81: CAM_DE_01_20240808191826_predseg_labels.png
[2025-12-30 20:24:28] [ThreadPoolExecutor-0_3]   Processing image 56/84: CAM_DE_01_20240727160626_predseg_labels.png
[2025-12-30 20:24:28] [ThreadPoolExecutor-0_2]   Processing image 16/29: CAM_DE_01_20240604221225.jpg
[2025-12-30 20:24:38] [ThreadPoolExecutor-0_2]   Processing image 18/29: CAM_DE_01_20240604234826.jpg
[2025-12-30 20:24:40] [ThreadPoolExecutor-0_1]   Processing image 18/66: CAM_DE_01_20240728200625_predseg_labels.png
[2025-12-30 20:24:44] [ThreadPoolExecutor-0_0]   Processing image 64/81: CAM_DE_01_20240808193626_predseg_labels.png
[2025-12-30 20:24:44] [ThreadPoolExecutor-0_2]   Processing image 20/29: CAM_DE_01_20240604231226.jpg
[2025-12-30 20:24:46] [ThreadPoolExecutor-0_3]   Processing image 64/84: CAM_DE_01_20240727191226_predseg_labels.png
[2025-12-30 20:24:47] [ThreadPoolExecutor-0_2]   Processing image 22/29: CAM_DE_01_20240604220026.jpg
[2025-12-30 20:24:48] [ThreadPoolExecutor-0_1]   Processing image 24/66: CAM_DE_01_20240728230626_predseg_labels.png
[2025-12-30 20:24:51] [ThreadPoolExecutor-0_2]   Processing image 24/29: CAM_DE_01_20240604224226.jpg
[2025-12-30 20:24:55] [ThreadPoolExecutor-0_0]   Processing image 72/81: CAM_DE_01_20240808204825_predseg_labels.png
[2025-12-30 20:24:57] [ThreadPoolExecutor-0_2]   Processing image 26/29: CAM_DE_01_20240604213026.jpg
[2025-12-30 20:25:00] [ThreadPoolExecutor-0_1]   Processing image 30/66: CAM_DE_01_20240728175426_predseg_labels.png
[2025-12-30 20:25:00] [ThreadPoolExecutor-0_3]   Processing image 72/84: CAM_DE_01_20240727224226_predseg_labels.png
[2025-12-30 20:25:02] [ThreadPoolExecutor-0_2]   Processing image 28/29: CAM_DE_01_20240604224826.jpg
[2025-12-30 20:25:05] [ThreadPoolExecutor-0_2]   Processing image 29/29: CAM_DE_01_20240604233625.jpg
[2025-12-30 20:25:09] [ThreadPoolExecutor-0_2]   Successfully processed 29 images.
[2025-12-30 20:25:09] [ThreadPoolExecutor-0_2] === Batch Rectification Complete ===
[2025-12-30 20:25:09] [ThreadPoolExecutor-0_2] [DE_01_20240604210426_20240605061026] Rectifying labels from: labels
[2025-12-30 20:25:09] [ThreadPoolExecutor-0_2] 
=== Starting Batch Rectification ===
[2025-12-30 20:25:09] [ThreadPoolExecutor-0_2]   Source folder: /rsstu/users/k/kanarde/NASA-Sunnyverse/rmccune/poseidon/data/down_east/flood_events/DE_01_20240604210426_20240605061026/labels
[2025-12-30 20:25:09] [ThreadPoolExecutor-0_2]   Output Zarr store: /rsstu/users/k/kanarde/NASA-Sunnyverse/rmccune/poseidon/data/down_east/flood_events/DE_01_20240604210426_20240605061026/zarr/labels_rects
[2025-12-30 20:25:09] [ThreadPoolExecutor-0_2]   Found 29 images to process.
[2025-12-30 20:25:09] [ThreadPoolExecutor-0_2]   Processing image 1/29: CAM_DE_01_20240604221826_predseg_labels.png
[2025-12-30 20:25:11] [ThreadPoolExecutor-0_2]   Processing image 2/29: CAM_DE_01_20240604220026_predseg_labels.png
[2025-12-30 20:25:11] [ThreadPoolExecutor-0_1]   Processing image 36/66: CAM_DE_01_20240728194226_predseg_labels.png
[2025-12-30 20:25:11] [ThreadPoolExecutor-0_0]   Processing image 80/81: CAM_DE_01_20240808150025_predseg_labels.png
[2025-12-30 20:25:14] [ThreadPoolExecutor-0_0]   Processing image 81/81: CAM_DE_01_20240808145426_predseg_labels.png
[2025-12-30 20:25:16] [ThreadPoolExecutor-0_3]   Processing image 80/84: CAM_DE_01_20240727185426_predseg_labels.png
[2025-12-30 20:25:16] [ThreadPoolExecutor-0_0]   Successfully processed 81 images.
[2025-12-30 20:25:16] [ThreadPoolExecutor-0_0] === Batch Rectification Complete ===
[2025-12-30 20:25:16] [ThreadPoolExecutor-0_0] +++ Successfully processed event DE_01_20240808134219_20240808214722 +++
[2025-12-30 20:25:16] [ThreadPoolExecutor-0_2]   Processing image 4/29: CAM_DE_01_20240604233025_predseg_labels.png
[2025-12-30 20:25:16] [ThreadPoolExecutor-0_0] --- Processing event: DE_01_20240521210240_20240522064440 ---
[2025-12-30 20:25:16] [ThreadPoolExecutor-0_0] [DE_01_20240521210240_20240522064440] Rectifying images from: orig_images
[2025-12-30 20:25:16] [ThreadPoolExecutor-0_0] 
=== Starting Batch Rectification ===
[2025-12-30 20:25:16] [ThreadPoolExecutor-0_0]   Source folder: /rsstu/users/k/kanarde/NASA-Sunnyverse/rmccune/poseidon/data/down_east/flood_events/DE_01_20240521210240_20240522064440/orig_images
[2025-12-30 20:25:16] [ThreadPoolExecutor-0_0]   Output Zarr store: /rsstu/users/k/kanarde/NASA-Sunnyverse/rmccune/poseidon/data/down_east/flood_events/DE_01_20240521210240_20240522064440/zarr/orig_image_rects
[2025-12-30 20:25:16] [ThreadPoolExecutor-0_0]   Found 29 images to process.
[2025-12-30 20:25:16] [ThreadPoolExecutor-0_0]   Processing image 1/29: CAM_DE_01_20240521223026.jpg
[2025-12-30 20:25:18] [ThreadPoolExecutor-0_0]   Processing image 2/29: CAM_DE_01_20240521233026.jpg
[2025-12-30 20:25:20] [ThreadPoolExecutor-0_2]   Processing image 6/29: CAM_DE_01_20240604232426_predseg_labels.png
[2025-12-30 20:25:23] [ThreadPoolExecutor-0_3]   Processing image 84/84: CAM_DE_01_20240727164226_predseg_labels.png
[2025-12-30 20:25:23] [ThreadPoolExecutor-0_1]   Processing image 42/66: CAM_DE_01_20240728173026_predseg_labels.png
[2025-12-30 20:25:23] [ThreadPoolExecutor-0_2]   Processing image 8/29: CAM_DE_01_20240604221225_predseg_labels.png
[2025-12-30 20:25:26] [ThreadPoolExecutor-0_0]   Processing image 4/29: CAM_DE_01_20240521232426.jpg
[2025-12-30 20:25:26] [ThreadPoolExecutor-0_3]   Successfully processed 84 images.
[2025-12-30 20:25:26] [ThreadPoolExecutor-0_3] === Batch Rectification Complete ===
[2025-12-30 20:25:26] [ThreadPoolExecutor-0_3] +++ Successfully processed event DE_01_20240727152730_20240727234946 +++
[2025-12-30 20:25:26] [ThreadPoolExecutor-0_3] --- Processing event: DE_01_20240821123141_20240821191541 ---
[2025-12-30 20:25:26] [ThreadPoolExecutor-0_3] [DE_01_20240821123141_20240821191541] Rectifying images from: orig_images
[2025-12-30 20:25:26] [ThreadPoolExecutor-0_3] 
=== Starting Batch Rectification ===
[2025-12-30 20:25:26] [ThreadPoolExecutor-0_3]   Source folder: /rsstu/users/k/kanarde/NASA-Sunnyverse/rmccune/poseidon/data/down_east/flood_events/DE_01_20240821123141_20240821191541/orig_images
[2025-12-30 20:25:26] [ThreadPoolExecutor-0_3]   Output Zarr store: /rsstu/users/k/kanarde/NASA-Sunnyverse/rmccune/poseidon/data/down_east/flood_events/DE_01_20240821123141_20240821191541/zarr/orig_image_rects
[2025-12-30 20:25:26] [ThreadPoolExecutor-0_3]   Found 67 images to process.
[2025-12-30 20:25:26] [ThreadPoolExecutor-0_3]   Processing image 1/67: CAM_DE_01_20240821134826.jpg
[2025-12-30 20:25:30] [ThreadPoolExecutor-0_2]   Processing image 10/29: CAM_DE_01_20240604230026_predseg_labels.png
[2025-12-30 20:25:36] [ThreadPoolExecutor-0_2]   Processing image 12/29: CAM_DE_01_20240604224826_predseg_labels.png
[2025-12-30 20:25:37] [ThreadPoolExecutor-0_0]   Processing image 6/29: CAM_DE_01_20240521221226.jpg
[2025-12-30 20:25:41] [ThreadPoolExecutor-0_1]   Processing image 48/66: CAM_DE_01_20240728183026_predseg_labels.png
[2025-12-30 20:25:41] [ThreadPoolExecutor-0_2]   Processing image 14/29: CAM_DE_01_20240604231826_predseg_labels.png
[2025-12-30 20:25:46] [ThreadPoolExecutor-0_2]   Processing image 16/29: CAM_DE_01_20240604225426_predseg_labels.png
[2025-12-30 20:25:47] [ThreadPoolExecutor-0_0]   Processing image 8/29: CAM_DE_01_20240521211225.jpg
[2025-12-30 20:25:51] [ThreadPoolExecutor-0_2]   Processing image 18/29: CAM_DE_01_20240604220626_predseg_labels.png
[2025-12-30 20:25:53] [ThreadPoolExecutor-0_3]   Processing image 6/67: CAM_DE_01_20240821130026.jpg
[2025-12-30 20:25:58] [ThreadPoolExecutor-0_2]   Processing image 20/29: CAM_DE_01_20240604211225_predseg_labels.png
[2025-12-30 20:25:58] [ThreadPoolExecutor-0_1]   Processing image 54/66: CAM_DE_01_20240728191226_predseg_labels.png
[2025-12-30 20:25:59] [ThreadPoolExecutor-0_0]   Processing image 10/29: CAM_DE_01_20240521233625.jpg
[2025-12-30 20:26:02] [ThreadPoolExecutor-0_2]   Processing image 22/29: CAM_DE_01_20240604222426_predseg_labels.png
[2025-12-30 20:26:07] [ThreadPoolExecutor-0_2]   Processing image 24/29: CAM_DE_01_20240604224226_predseg_labels.png
[2025-12-30 20:26:09] [ThreadPoolExecutor-0_0]   Processing image 12/29: CAM_DE_01_20240521224826.jpg
[2025-12-30 20:26:13] [ThreadPoolExecutor-0_1]   Processing image 60/66: CAM_DE_01_20240728204226_predseg_labels.png
[2025-12-30 20:26:13] [ThreadPoolExecutor-0_2]   Processing image 26/29: CAM_DE_01_20240604235426_predseg_labels.png
[2025-12-30 20:26:19] [ThreadPoolExecutor-0_2]   Processing image 28/29: CAM_DE_01_20240604212425_predseg_labels.png
[2025-12-30 20:26:21] [ThreadPoolExecutor-0_0]   Processing image 14/29: CAM_DE_01_20240521235426.jpg
[2025-12-30 20:26:21] [ThreadPoolExecutor-0_2]   Processing image 29/29: CAM_DE_01_20240604234826_predseg_labels.png
[2025-12-30 20:26:25] [ThreadPoolExecutor-0_2]   Successfully processed 29 images.
[2025-12-30 20:26:25] [ThreadPoolExecutor-0_2] === Batch Rectification Complete ===
[2025-12-30 20:26:25] [ThreadPoolExecutor-0_2] +++ Successfully processed event DE_01_20240604210426_20240605061026 +++
[2025-12-30 20:26:25] [ThreadPoolExecutor-0_2] --- Processing event: DE_01_20240904110947_20240904192647 ---
[2025-12-30 20:26:25] [ThreadPoolExecutor-0_2] [DE_01_20240904110947_20240904192647] Rectifying images from: orig_images
[2025-12-30 20:26:25] [ThreadPoolExecutor-0_2] 
=== Starting Batch Rectification ===
[2025-12-30 20:26:25] [ThreadPoolExecutor-0_2]   Source folder: /rsstu/users/k/kanarde/NASA-Sunnyverse/rmccune/poseidon/data/down_east/flood_events/DE_01_20240904110947_20240904192647/orig_images
[2025-12-30 20:26:25] [ThreadPoolExecutor-0_2]   Output Zarr store: /rsstu/users/k/kanarde/NASA-Sunnyverse/rmccune/poseidon/data/down_east/flood_events/DE_01_20240904110947_20240904192647/zarr/orig_image_rects
[2025-12-30 20:26:25] [ThreadPoolExecutor-0_2]   Found 83 images to process.
[2025-12-30 20:26:25] [ThreadPoolExecutor-0_2]   Processing image 1/83: CAM_DE_01_20240904113626.jpg
[2025-12-30 20:26:29] [ThreadPoolExecutor-0_3]   Processing image 12/67: CAM_DE_01_20240821143025.jpg
[2025-12-30 20:26:32] [ThreadPoolExecutor-0_1]   Processing image 66/66: CAM_DE_01_20240728223025_predseg_labels.png
[2025-12-30 20:26:33] [ThreadPoolExecutor-0_1]   Successfully processed 66 images.
[2025-12-30 20:26:33] [ThreadPoolExecutor-0_1] === Batch Rectification Complete ===
[2025-12-30 20:26:33] [ThreadPoolExecutor-0_1] +++ Successfully processed event DE_01_20240728171958_20240729002658 +++
[2025-12-30 20:26:33] [ThreadPoolExecutor-0_1] --- Processing event: DE_01_20240905121152_20240905195452 ---
[2025-12-30 20:26:33] [ThreadPoolExecutor-0_0]   Processing image 16/29: CAM_DE_01_20240521234826.jpg
[2025-12-30 20:26:33] [ThreadPoolExecutor-0_1] [DE_01_20240905121152_20240905195452] Rectifying images from: orig_images
[2025-12-30 20:26:33] [ThreadPoolExecutor-0_1] 
=== Starting Batch Rectification ===
[2025-12-30 20:26:33] [ThreadPoolExecutor-0_1]   Source folder: /rsstu/users/k/kanarde/NASA-Sunnyverse/rmccune/poseidon/data/down_east/flood_events/DE_01_20240905121152_20240905195452/orig_images
[2025-12-30 20:26:33] [ThreadPoolExecutor-0_1]   Output Zarr store: /rsstu/users/k/kanarde/NASA-Sunnyverse/rmccune/poseidon/data/down_east/flood_events/DE_01_20240905121152_20240905195452/zarr/orig_image_rects
[2025-12-30 20:26:34] [ThreadPoolExecutor-0_1]   Found 77 images to process.
[2025-12-30 20:26:34] [ThreadPoolExecutor-0_1]   Processing image 1/77: CAM_DE_01_20240905163026.jpg
[2025-12-30 20:26:41] [ThreadPoolExecutor-0_0]   Processing image 18/29: CAM_DE_01_20240521224226.jpg
[2025-12-30 20:26:50] [ThreadPoolExecutor-0_0]   Processing image 20/29: CAM_DE_01_20240521213026.jpg
[2025-12-30 20:26:55] [ThreadPoolExecutor-0_3]   Processing image 18/67: CAM_DE_01_20240821172426.jpg
[2025-12-30 20:26:55] [ThreadPoolExecutor-0_2]   Processing image 8/83: CAM_DE_01_20240904165426.jpg
[2025-12-30 20:27:00] [ThreadPoolExecutor-0_1]   Processing image 7/77: CAM_DE_01_20240905180026.jpg
[2025-12-30 20:27:00] [ThreadPoolExecutor-0_0]   Processing image 22/29: CAM_DE_01_20240521220626.jpg
[2025-12-30 20:27:10] [ThreadPoolExecutor-0_0]   Processing image 24/29: CAM_DE_01_20240521214226.jpg
[2025-12-30 20:27:21] [ThreadPoolExecutor-0_0]   Processing image 26/29: CAM_DE_01_20240521230625.jpg
[2025-12-30 20:27:25] [ThreadPoolExecutor-0_3]   Processing image 24/67: CAM_DE_01_20240821161225.jpg
[2025-12-30 20:27:29] [ThreadPoolExecutor-0_0]   Processing image 28/29: CAM_DE_01_20240521223626.jpg
[2025-12-30 20:27:34] [ThreadPoolExecutor-0_0]   Processing image 29/29: CAM_DE_01_20240521212426.jpg
[2025-12-30 20:27:34] [ThreadPoolExecutor-0_2]   Processing image 16/83: CAM_DE_01_20240904182426.jpg
[2025-12-30 20:27:35] [ThreadPoolExecutor-0_1]   Processing image 14/77: CAM_DE_01_20240905124226.jpg
[2025-12-30 20:27:39] [ThreadPoolExecutor-0_0]   Successfully processed 29 images.
[2025-12-30 20:27:39] [ThreadPoolExecutor-0_0] === Batch Rectification Complete ===
[2025-12-30 20:27:39] [ThreadPoolExecutor-0_0] [DE_01_20240521210240_20240522064440] Rectifying labels from: labels
[2025-12-30 20:27:39] [ThreadPoolExecutor-0_0] 
=== Starting Batch Rectification ===
[2025-12-30 20:27:39] [ThreadPoolExecutor-0_0]   Source folder: /rsstu/users/k/kanarde/NASA-Sunnyverse/rmccune/poseidon/data/down_east/flood_events/DE_01_20240521210240_20240522064440/labels
[2025-12-30 20:27:39] [ThreadPoolExecutor-0_0]   Output Zarr store: /rsstu/users/k/kanarde/NASA-Sunnyverse/rmccune/poseidon/data/down_east/flood_events/DE_01_20240521210240_20240522064440/zarr/labels_rects
[2025-12-30 20:27:39] [ThreadPoolExecutor-0_0]   Found 29 images to process.
[2025-12-30 20:27:39] [ThreadPoolExecutor-0_0]   Processing image 1/29: CAM_DE_01_20240521232426_predseg_labels.png
[2025-12-30 20:27:43] [ThreadPoolExecutor-0_0]   Processing image 2/29: CAM_DE_01_20240521224226_predseg_labels.png
[2025-12-30 20:27:49] [ThreadPoolExecutor-0_0]   Processing image 4/29: CAM_DE_01_20240521214226_predseg_labels.png
[2025-12-30 20:27:54] [ThreadPoolExecutor-0_0]   Processing image 6/29: CAM_DE_01_20240521212426_predseg_labels.png
[2025-12-30 20:27:55] [ThreadPoolExecutor-0_3]   Processing image 30/67: CAM_DE_01_20240821123626.jpg
[2025-12-30 20:27:58] [ThreadPoolExecutor-0_0]   Processing image 8/29: CAM_DE_01_20240521213626_predseg_labels.png
[2025-12-30 20:28:02] [ThreadPoolExecutor-0_0]   Processing image 10/29: CAM_DE_01_20240521231225_predseg_labels.png
[2025-12-30 20:28:06] [ThreadPoolExecutor-0_0]   Processing image 12/29: CAM_DE_01_20240521214826_predseg_labels.png
[2025-12-30 20:28:08] [ThreadPoolExecutor-0_1]   Processing image 21/77: CAM_DE_01_20240905191225.jpg
[2025-12-30 20:28:12] [ThreadPoolExecutor-0_0]   Processing image 14/29: CAM_DE_01_20240521221826_predseg_labels.png
[2025-12-30 20:28:13] [ThreadPoolExecutor-0_2]   Processing image 24/83: CAM_DE_01_20240904154826.jpg
[2025-12-30 20:28:17] [ThreadPoolExecutor-0_0]   Processing image 16/29: CAM_DE_01_20240521221226_predseg_labels.png
[2025-12-30 20:28:23] [ThreadPoolExecutor-0_0]   Processing image 18/29: CAM_DE_01_20240521213026_predseg_labels.png
[2025-12-30 20:28:25] [ThreadPoolExecutor-0_3]   Processing image 36/67: CAM_DE_01_20240821140025.jpg
[2025-12-30 20:28:30] [ThreadPoolExecutor-0_0]   Processing image 20/29: CAM_DE_01_20240521230025_predseg_labels.png
[2025-12-30 20:28:37] [ThreadPoolExecutor-0_0]   Processing image 22/29: CAM_DE_01_20240521211225_predseg_labels.png
[2025-12-30 20:28:44] [ThreadPoolExecutor-0_0]   Processing image 24/29: CAM_DE_01_20240521234226_predseg_labels.png
[2025-12-30 20:28:51] [ThreadPoolExecutor-0_0]   Processing image 26/29: CAM_DE_01_20240521222426_predseg_labels.png
[2025-12-30 20:28:54] [ThreadPoolExecutor-0_1]   Processing image 28/77: CAM_DE_01_20240905160626.jpg
[2025-12-30 20:28:59] [ThreadPoolExecutor-0_0]   Processing image 28/29: CAM_DE_01_20240521231825_predseg_labels.png
[2025-12-30 20:29:03] [ThreadPoolExecutor-0_0]   Processing image 29/29: CAM_DE_01_20240521211825_predseg_labels.png
[2025-12-30 20:29:08] [ThreadPoolExecutor-0_0]   Successfully processed 29 images.
[2025-12-30 20:29:08] [ThreadPoolExecutor-0_0] === Batch Rectification Complete ===
[2025-12-30 20:29:08] [ThreadPoolExecutor-0_0] +++ Successfully processed event DE_01_20240521210240_20240522064440 +++
[2025-12-30 20:29:08] [ThreadPoolExecutor-0_0] --- Processing event: DE_01_20240906122050_20240906211013 ---
[2025-12-30 20:29:08] [ThreadPoolExecutor-0_0] [DE_01_20240906122050_20240906211013] Rectifying images from: orig_images
[2025-12-30 20:29:08] [ThreadPoolExecutor-0_0] 
=== Starting Batch Rectification ===
[2025-12-30 20:29:08] [ThreadPoolExecutor-0_0]   Source folder: /rsstu/users/k/kanarde/NASA-Sunnyverse/rmccune/poseidon/data/down_east/flood_events/DE_01_20240906122050_20240906211013/orig_images
[2025-12-30 20:29:08] [ThreadPoolExecutor-0_0]   Output Zarr store: /rsstu/users/k/kanarde/NASA-Sunnyverse/rmccune/poseidon/data/down_east/flood_events/DE_01_20240906122050_20240906211013/zarr/orig_image_rects
[2025-12-30 20:29:09] [ThreadPoolExecutor-0_0]   Found 88 images to process.
[2025-12-30 20:29:09] [ThreadPoolExecutor-0_0]   Processing image 1/88: CAM_DE_01_20240906140026.jpg
[2025-12-30 20:29:09] [ThreadPoolExecutor-0_2]   Processing image 32/83: CAM_DE_01_20240904180626.jpg
[2025-12-30 20:29:09] [ThreadPoolExecutor-0_3]   Processing image 42/67: CAM_DE_01_20240821170025.jpg
[2025-12-30 20:29:35] [ThreadPoolExecutor-0_1]   Processing image 35/77: CAM_DE_01_20240905161825.jpg
[2025-12-30 20:29:40] [ThreadPoolExecutor-0_3]   Processing image 48/67: CAM_DE_01_20240821144226.jpg
[2025-12-30 20:29:45] [ThreadPoolExecutor-0_0]   Processing image 8/88: CAM_DE_01_20240906183626.jpg
[2025-12-30 20:29:49] [ThreadPoolExecutor-0_2]   Processing image 40/83: CAM_DE_01_20240904180025.jpg
[2025-12-30 20:30:06] [ThreadPoolExecutor-0_1]   Processing image 42/77: CAM_DE_01_20240905135426.jpg
[2025-12-30 20:30:06] [ThreadPoolExecutor-0_3]   Processing image 54/67: CAM_DE_01_20240821184825.jpg
[2025-12-30 20:30:23] [ThreadPoolExecutor-0_0]   Processing image 16/88: CAM_DE_01_20240906160626.jpg
[2025-12-30 20:30:29] [ThreadPoolExecutor-0_2]   Processing image 48/83: CAM_DE_01_20240904151226.jpg
[2025-12-30 20:30:36] [ThreadPoolExecutor-0_3]   Processing image 60/67: CAM_DE_01_20240821143626.jpg
[2025-12-30 20:30:39] [ThreadPoolExecutor-0_1]   Processing image 49/77: CAM_DE_01_20240905173626.jpg
[2025-12-30 20:30:58] [ThreadPoolExecutor-0_0]   Processing image 24/88: CAM_DE_01_20240906163025.jpg
[2025-12-30 20:31:02] [ThreadPoolExecutor-0_3]   Processing image 66/67: CAM_DE_01_20240821151226.jpg
[2025-12-30 20:31:02] [ThreadPoolExecutor-0_2]   Processing image 56/83: CAM_DE_01_20240904152425.jpg
[2025-12-30 20:31:06] [ThreadPoolExecutor-0_3]   Processing image 67/67: CAM_DE_01_20240821155426.jpg
[2025-12-30 20:31:10] [ThreadPoolExecutor-0_1]   Processing image 56/77: CAM_DE_01_20240905170625.jpg
[2025-12-30 20:31:10] [ThreadPoolExecutor-0_3]   Successfully processed 67 images.
[2025-12-30 20:31:10] [ThreadPoolExecutor-0_3] === Batch Rectification Complete ===
[2025-12-30 20:31:10] [ThreadPoolExecutor-0_3] [DE_01_20240821123141_20240821191541] Rectifying labels from: labels
[2025-12-30 20:31:10] [ThreadPoolExecutor-0_3] 
=== Starting Batch Rectification ===
[2025-12-30 20:31:10] [ThreadPoolExecutor-0_3]   Source folder: /rsstu/users/k/kanarde/NASA-Sunnyverse/rmccune/poseidon/data/down_east/flood_events/DE_01_20240821123141_20240821191541/labels
[2025-12-30 20:31:10] [ThreadPoolExecutor-0_3]   Output Zarr store: /rsstu/users/k/kanarde/NASA-Sunnyverse/rmccune/poseidon/data/down_east/flood_events/DE_01_20240821123141_20240821191541/zarr/labels_rects
[2025-12-30 20:31:11] [ThreadPoolExecutor-0_3]   Found 67 images to process.
[2025-12-30 20:31:11] [ThreadPoolExecutor-0_3]   Processing image 1/67: CAM_DE_01_20240821154226_predseg_labels.png
[2025-12-30 20:31:25] [ThreadPoolExecutor-0_3]   Processing image 6/67: CAM_DE_01_20240821190626_predseg_labels.png
[2025-12-30 20:31:34] [ThreadPoolExecutor-0_0]   Processing image 32/88: CAM_DE_01_20240906201826.jpg
[2025-12-30 20:31:37] [ThreadPoolExecutor-0_3]   Processing image 12/67: CAM_DE_01_20240821150626_predseg_labels.png
[2025-12-30 20:31:37] [ThreadPoolExecutor-0_2]   Processing image 64/83: CAM_DE_01_20240904181825.jpg
[2025-12-30 20:31:44] [ThreadPoolExecutor-0_1]   Processing image 63/77: CAM_DE_01_20240905121226.jpg
[2025-12-30 20:31:54] [ThreadPoolExecutor-0_3]   Processing image 18/67: CAM_DE_01_20240821172426_predseg_labels.png
[2025-12-30 20:32:07] [ThreadPoolExecutor-0_3]   Processing image 24/67: CAM_DE_01_20240821170626_predseg_labels.png
[2025-12-30 20:32:15] [ThreadPoolExecutor-0_0]   Processing image 40/88: CAM_DE_01_20240906125426.jpg
[2025-12-30 20:32:20] [ThreadPoolExecutor-0_2]   Processing image 72/83: CAM_DE_01_20240904114825.jpg
[2025-12-30 20:32:20] [ThreadPoolExecutor-0_1]   Processing image 70/77: CAM_DE_01_20240905140625.jpg
[2025-12-30 20:32:25] [ThreadPoolExecutor-0_3]   Processing image 30/67: CAM_DE_01_20240821134225_predseg_labels.png
[2025-12-30 20:32:38] [ThreadPoolExecutor-0_3]   Processing image 36/67: CAM_DE_01_20240821144825_predseg_labels.png
[2025-12-30 20:32:54] [ThreadPoolExecutor-0_1]   Processing image 77/77: CAM_DE_01_20240905155426.jpg
[2025-12-30 20:32:54] [ThreadPoolExecutor-0_0]   Processing image 48/88: CAM_DE_01_20240906140625.jpg
[2025-12-30 20:32:54] [ThreadPoolExecutor-0_3]   Processing image 42/67: CAM_DE_01_20240821174226_predseg_labels.png
[2025-12-30 20:32:58] [ThreadPoolExecutor-0_2]   Processing image 80/83: CAM_DE_01_20240904140026.jpg
[2025-12-30 20:33:01] [ThreadPoolExecutor-0_1]   Successfully processed 77 images.
[2025-12-30 20:33:01] [ThreadPoolExecutor-0_1] === Batch Rectification Complete ===
[2025-12-30 20:33:01] [ThreadPoolExecutor-0_1] [DE_01_20240905121152_20240905195452] Rectifying labels from: labels
[2025-12-30 20:33:01] [ThreadPoolExecutor-0_1] 
=== Starting Batch Rectification ===
[2025-12-30 20:33:01] [ThreadPoolExecutor-0_1]   Source folder: /rsstu/users/k/kanarde/NASA-Sunnyverse/rmccune/poseidon/data/down_east/flood_events/DE_01_20240905121152_20240905195452/labels
[2025-12-30 20:33:01] [ThreadPoolExecutor-0_1]   Output Zarr store: /rsstu/users/k/kanarde/NASA-Sunnyverse/rmccune/poseidon/data/down_east/flood_events/DE_01_20240905121152_20240905195452/zarr/labels_rects
[2025-12-30 20:33:01] [ThreadPoolExecutor-0_1]   Found 77 images to process.
[2025-12-30 20:33:01] [ThreadPoolExecutor-0_1]   Processing image 1/77: CAM_DE_01_20240905141225_predseg_labels.png
[2025-12-30 20:33:09] [ThreadPoolExecutor-0_2]   Processing image 83/83: CAM_DE_01_20240904173025.jpg
[2025-12-30 20:33:09] [ThreadPoolExecutor-0_3]   Processing image 48/67: CAM_DE_01_20240821143626_predseg_labels.png
[2025-12-30 20:33:14] [ThreadPoolExecutor-0_2]   Successfully processed 83 images.
[2025-12-30 20:33:14] [ThreadPoolExecutor-0_2] === Batch Rectification Complete ===
[2025-12-30 20:33:14] [ThreadPoolExecutor-0_2] [DE_01_20240904110947_20240904192647] Rectifying labels from: labels
[2025-12-30 20:33:14] [ThreadPoolExecutor-0_2] 
=== Starting Batch Rectification ===
[2025-12-30 20:33:14] [ThreadPoolExecutor-0_2]   Source folder: /rsstu/users/k/kanarde/NASA-Sunnyverse/rmccune/poseidon/data/down_east/flood_events/DE_01_20240904110947_20240904192647/labels
[2025-12-30 20:33:14] [ThreadPoolExecutor-0_2]   Output Zarr store: /rsstu/users/k/kanarde/NASA-Sunnyverse/rmccune/poseidon/data/down_east/flood_events/DE_01_20240904110947_20240904192647/zarr/labels_rects
[2025-12-30 20:33:14] [ThreadPoolExecutor-0_1]   Processing image 7/77: CAM_DE_01_20240905152425_predseg_labels.png
[2025-12-30 20:33:14] [ThreadPoolExecutor-0_2]   Found 83 images to process.
[2025-12-30 20:33:14] [ThreadPoolExecutor-0_2]   Processing image 1/83: CAM_DE_01_20240904163026_predseg_labels.png
[2025-12-30 20:33:25] [ThreadPoolExecutor-0_3]   Processing image 54/67: CAM_DE_01_20240821162426_predseg_labels.png
[2025-12-30 20:33:28] [ThreadPoolExecutor-0_0]   Processing image 56/88: CAM_DE_01_20240906134226.jpg
[2025-12-30 20:33:34] [ThreadPoolExecutor-0_2]   Processing image 8/83: CAM_DE_01_20240904183626_predseg_labels.png
[2025-12-30 20:33:34] [ThreadPoolExecutor-0_1]   Processing image 14/77: CAM_DE_01_20240905190025_predseg_labels.png
[2025-12-30 20:33:47] [ThreadPoolExecutor-0_3]   Processing image 60/67: CAM_DE_01_20240821171226_predseg_labels.png
[2025-12-30 20:33:58] [ThreadPoolExecutor-0_1]   Processing image 21/77: CAM_DE_01_20240905171826_predseg_labels.png
[2025-12-30 20:34:02] [ThreadPoolExecutor-0_2]   Processing image 16/83: CAM_DE_01_20240904161826_predseg_labels.png
[2025-12-30 20:34:06] [ThreadPoolExecutor-0_3]   Processing image 66/67: CAM_DE_01_20240821125426_predseg_labels.png
[2025-12-30 20:34:10] [ThreadPoolExecutor-0_3]   Processing image 67/67: CAM_DE_01_20240821185426_predseg_labels.png
[2025-12-30 20:34:14] [ThreadPoolExecutor-0_3]   Successfully processed 67 images.
[2025-12-30 20:34:14] [ThreadPoolExecutor-0_3] === Batch Rectification Complete ===
[2025-12-30 20:34:14] [ThreadPoolExecutor-0_3] +++ Successfully processed event DE_01_20240821123141_20240821191541 +++
[2025-12-30 20:34:14] [ThreadPoolExecutor-0_3] --- Processing event: DE_01_20240907130344_20240907213616 ---
[2025-12-30 20:34:14] [ThreadPoolExecutor-0_3] [DE_01_20240907130344_20240907213616] Rectifying images from: orig_images
[2025-12-30 20:34:14] [ThreadPoolExecutor-0_3] 
=== Starting Batch Rectification ===
[2025-12-30 20:34:14] [ThreadPoolExecutor-0_3]   Source folder: /rsstu/users/k/kanarde/NASA-Sunnyverse/rmccune/poseidon/data/down_east/flood_events/DE_01_20240907130344_20240907213616/orig_images
[2025-12-30 20:34:14] [ThreadPoolExecutor-0_3]   Output Zarr store: /rsstu/users/k/kanarde/NASA-Sunnyverse/rmccune/poseidon/data/down_east/flood_events/DE_01_20240907130344_20240907213616/zarr/orig_image_rects
[2025-12-30 20:34:14] [ThreadPoolExecutor-0_0]   Processing image 64/88: CAM_DE_01_20240906210025.jpg
[2025-12-30 20:34:14] [ThreadPoolExecutor-0_3]   Found 84 images to process.
[2025-12-30 20:34:14] [ThreadPoolExecutor-0_3]   Processing image 1/84: CAM_DE_01_20240907150626.jpg
[2025-12-30 20:34:23] [ThreadPoolExecutor-0_1]   Processing image 28/77: CAM_DE_01_20240905164825_predseg_labels.png
[2025-12-30 20:34:26] [ThreadPoolExecutor-0_2]   Processing image 24/83: CAM_DE_01_20240904124825_predseg_labels.png
[2025-12-30 20:34:36] [ThreadPoolExecutor-0_1]   Processing image 35/77: CAM_DE_01_20240905161225_predseg_labels.png
[2025-12-30 20:34:42] [ThreadPoolExecutor-0_3]   Processing image 8/84: CAM_DE_01_20240907190626.jpg
[2025-12-30 20:34:42] [ThreadPoolExecutor-0_2]   Processing image 32/83: CAM_DE_01_20240904173625_predseg_labels.png
[2025-12-30 20:34:47] [ThreadPoolExecutor-0_0]   Processing image 72/88: CAM_DE_01_20240906201225.jpg
[2025-12-30 20:34:53] [ThreadPoolExecutor-0_1]   Processing image 42/77: CAM_DE_01_20240905151225_predseg_labels.png
[2025-12-30 20:35:00] [ThreadPoolExecutor-0_2]   Processing image 40/83: CAM_DE_01_20240904123626_predseg_labels.png
[2025-12-30 20:35:06] [ThreadPoolExecutor-0_1]   Processing image 49/77: CAM_DE_01_20240905145426_predseg_labels.png
[2025-12-30 20:35:10] [ThreadPoolExecutor-0_3]   Processing image 16/84: CAM_DE_01_20240907184825.jpg
[2025-12-30 20:35:15] [ThreadPoolExecutor-0_2]   Processing image 48/83: CAM_DE_01_20240904112425_predseg_labels.png
[2025-12-30 20:35:19] [ThreadPoolExecutor-0_0]   Processing image 80/88: CAM_DE_01_20240906203026.jpg
[2025-12-30 20:35:21] [ThreadPoolExecutor-0_1]   Processing image 56/77: CAM_DE_01_20240905161825_predseg_labels.png
[2025-12-30 20:35:36] [ThreadPoolExecutor-0_2]   Processing image 56/83: CAM_DE_01_20240904183026_predseg_labels.png
[2025-12-30 20:35:38] [ThreadPoolExecutor-0_1]   Processing image 63/77: CAM_DE_01_20240905193026_predseg_labels.png
[2025-12-30 20:35:52] [ThreadPoolExecutor-0_3]   Processing image 24/84: CAM_DE_01_20240907191225.jpg
[2025-12-30 20:35:57] [ThreadPoolExecutor-0_2]   Processing image 64/83: CAM_DE_01_20240904153026_predseg_labels.png
[2025-12-30 20:35:58] [ThreadPoolExecutor-0_1]   Processing image 70/77: CAM_DE_01_20240905132426_predseg_labels.png
[2025-12-30 20:36:02] [ThreadPoolExecutor-0_0]   Processing image 88/88: CAM_DE_01_20240906133625.jpg
[2025-12-30 20:36:07] [ThreadPoolExecutor-0_0]   Successfully processed 88 images.
[2025-12-30 20:36:07] [ThreadPoolExecutor-0_0] === Batch Rectification Complete ===
[2025-12-30 20:36:07] [ThreadPoolExecutor-0_0] [DE_01_20240906122050_20240906211013] Rectifying labels from: labels
[2025-12-30 20:36:07] [ThreadPoolExecutor-0_0] 
=== Starting Batch Rectification ===
[2025-12-30 20:36:07] [ThreadPoolExecutor-0_0]   Source folder: /rsstu/users/k/kanarde/NASA-Sunnyverse/rmccune/poseidon/data/down_east/flood_events/DE_01_20240906122050_20240906211013/labels
[2025-12-30 20:36:07] [ThreadPoolExecutor-0_0]   Output Zarr store: /rsstu/users/k/kanarde/NASA-Sunnyverse/rmccune/poseidon/data/down_east/flood_events/DE_01_20240906122050_20240906211013/zarr/labels_rects
[2025-12-30 20:36:07] [ThreadPoolExecutor-0_0]   Found 88 images to process.
[2025-12-30 20:36:07] [ThreadPoolExecutor-0_0]   Processing image 1/88: CAM_DE_01_20240906173625_predseg_labels.png
[2025-12-30 20:36:16] [ThreadPoolExecutor-0_2]   Processing image 72/83: CAM_DE_01_20240904172426_predseg_labels.png
[2025-12-30 20:36:16] [ThreadPoolExecutor-0_1]   Processing image 77/77: CAM_DE_01_20240905133026_predseg_labels.png
[2025-12-30 20:36:19] [ThreadPoolExecutor-0_1]   Successfully processed 77 images.
[2025-12-30 20:36:19] [ThreadPoolExecutor-0_1] === Batch Rectification Complete ===
[2025-12-30 20:36:19] [ThreadPoolExecutor-0_1] +++ Successfully processed event DE_01_20240905121152_20240905195452 +++
[2025-12-30 20:36:19] [ThreadPoolExecutor-0_1] --- Processing event: DE_01_20240908125755_20240908225638 ---
[2025-12-30 20:36:19] [ThreadPoolExecutor-0_1] [DE_01_20240908125755_20240908225638] Rectifying images from: orig_images
[2025-12-30 20:36:19] [ThreadPoolExecutor-0_1] 
=== Starting Batch Rectification ===
[2025-12-30 20:36:19] [ThreadPoolExecutor-0_1]   Source folder: /rsstu/users/k/kanarde/NASA-Sunnyverse/rmccune/poseidon/data/down_east/flood_events/DE_01_20240908125755_20240908225638/orig_images
[2025-12-30 20:36:19] [ThreadPoolExecutor-0_1]   Output Zarr store: /rsstu/users/k/kanarde/NASA-Sunnyverse/rmccune/poseidon/data/down_east/flood_events/DE_01_20240908125755_20240908225638/zarr/orig_image_rects
[2025-12-30 20:36:19] [ThreadPoolExecutor-0_1]   Found 100 images to process.
[2025-12-30 20:36:19] [ThreadPoolExecutor-0_1]   Processing image 1/100: CAM_DE_01_20240908192425.jpg
[2025-12-30 20:36:29] [ThreadPoolExecutor-0_0]   Processing image 8/88: CAM_DE_01_20240906194825_predseg_labels.png
[2025-12-30 20:36:30] [ThreadPoolExecutor-0_3]   Processing image 32/84: CAM_DE_01_20240907154226.jpg
[2025-12-30 20:36:40] [ThreadPoolExecutor-0_2]   Processing image 80/83: CAM_DE_01_20240904141826_predseg_labels.png
[2025-12-30 20:36:49] [ThreadPoolExecutor-0_2]   Processing image 83/83: CAM_DE_01_20240904152425_predseg_labels.png
[2025-12-30 20:36:54] [ThreadPoolExecutor-0_2]   Successfully processed 83 images.
[2025-12-30 20:36:54] [ThreadPoolExecutor-0_2] === Batch Rectification Complete ===
[2025-12-30 20:36:54] [ThreadPoolExecutor-0_2] +++ Successfully processed event DE_01_20240904110947_20240904192647 +++
[2025-12-30 20:36:54] [ThreadPoolExecutor-0_0]   Processing image 16/88: CAM_DE_01_20240906164826_predseg_labels.png
[2025-12-30 20:36:54] [ThreadPoolExecutor-0_2] --- Processing event: DE_01_20240909143353_20240909225053 ---
[2025-12-30 20:36:54] [ThreadPoolExecutor-0_2] [DE_01_20240909143353_20240909225053] Rectifying images from: orig_images
[2025-12-30 20:36:54] [ThreadPoolExecutor-0_2] 
=== Starting Batch Rectification ===
[2025-12-30 20:36:54] [ThreadPoolExecutor-0_2]   Source folder: /rsstu/users/k/kanarde/NASA-Sunnyverse/rmccune/poseidon/data/down_east/flood_events/DE_01_20240909143353_20240909225053/orig_images
[2025-12-30 20:36:54] [ThreadPoolExecutor-0_2]   Output Zarr store: /rsstu/users/k/kanarde/NASA-Sunnyverse/rmccune/poseidon/data/down_east/flood_events/DE_01_20240909143353_20240909225053/zarr/orig_image_rects
[2025-12-30 20:36:55] [ThreadPoolExecutor-0_2]   Found 83 images to process.
[2025-12-30 20:36:55] [ThreadPoolExecutor-0_2]   Processing image 1/83: CAM_DE_01_20240909174826.jpg
[2025-12-30 20:37:28] [ThreadPoolExecutor-0_1]   Processing image 10/100: CAM_DE_01_20240908155426.jpg
[2025-12-30 20:37:36] [ThreadPoolExecutor-0_3]   Processing image 40/84: CAM_DE_01_20240907195426.jpg
[2025-12-30 20:37:36] [ThreadPoolExecutor-0_0]   Processing image 24/88: CAM_DE_01_20240906201225_predseg_labels.png
[2025-12-30 20:37:56] [ThreadPoolExecutor-0_2]   Processing image 8/83: CAM_DE_01_20240909151226.jpg
[2025-12-30 20:38:05] [ThreadPoolExecutor-0_0]   Processing image 32/88: CAM_DE_01_20240906170026_predseg_labels.png
[2025-12-30 20:38:34] [ThreadPoolExecutor-0_3]   Processing image 48/84: CAM_DE_01_20240907210025.jpg
[2025-12-30 20:38:34] [ThreadPoolExecutor-0_0]   Processing image 40/88: CAM_DE_01_20240906155426_predseg_labels.png
[2025-12-30 20:38:41] [ThreadPoolExecutor-0_1]   Processing image 20/100: CAM_DE_01_20240908171826.jpg
[2025-12-30 20:38:57] [ThreadPoolExecutor-0_2]   Processing image 16/83: CAM_DE_01_20240909202425.jpg
[2025-12-30 20:39:06] [ThreadPoolExecutor-0_0]   Processing image 48/88: CAM_DE_01_20240906172426_predseg_labels.png
[2025-12-30 20:39:25] [ThreadPoolExecutor-0_3]   Processing image 56/84: CAM_DE_01_20240907133025.jpg
[2025-12-30 20:39:34] [ThreadPoolExecutor-0_0]   Processing image 56/88: CAM_DE_01_20240906142425_predseg_labels.png
[2025-12-30 20:39:52] [ThreadPoolExecutor-0_1]   Processing image 30/100: CAM_DE_01_20240908143026.jpg
[2025-12-30 20:39:52] [ThreadPoolExecutor-0_2]   Processing image 24/83: CAM_DE_01_20240909210025.jpg
[2025-12-30 20:40:03] [ThreadPoolExecutor-0_0]   Processing image 64/88: CAM_DE_01_20240906150026_predseg_labels.png
[2025-12-30 20:40:17] [ThreadPoolExecutor-0_3]   Processing image 64/84: CAM_DE_01_20240907180026.jpg
[2025-12-30 20:40:31] [ThreadPoolExecutor-0_0]   Processing image 72/88: CAM_DE_01_20240906134226_predseg_labels.png
[2025-12-30 20:40:41] [ThreadPoolExecutor-0_2]   Processing image 32/83: CAM_DE_01_20240909150625.jpg
[2025-12-30 20:40:55] [ThreadPoolExecutor-0_1]   Processing image 40/100: CAM_DE_01_20240908134826.jpg
[2025-12-30 20:40:55] [ThreadPoolExecutor-0_0]   Processing image 80/88: CAM_DE_01_20240906171826_predseg_labels.png
[2025-12-30 20:41:05] [ThreadPoolExecutor-0_3]   Processing image 72/84: CAM_DE_01_20240907193026.jpg
[2025-12-30 20:41:23] [ThreadPoolExecutor-0_0]   Processing image 88/88: CAM_DE_01_20240906134825_predseg_labels.png
[2025-12-30 20:41:24] [ThreadPoolExecutor-0_0]   Successfully processed 88 images.
[2025-12-30 20:41:24] [ThreadPoolExecutor-0_0] === Batch Rectification Complete ===
[2025-12-30 20:41:24] [ThreadPoolExecutor-0_0] +++ Successfully processed event DE_01_20240906122050_20240906211013 +++
[2025-12-30 20:41:24] [ThreadPoolExecutor-0_0] --- Processing event: DE_01_20240912180350_20240913013350 ---
[2025-12-30 20:41:24] [ThreadPoolExecutor-0_0] [DE_01_20240912180350_20240913013350] Rectifying images from: orig_images
[2025-12-30 20:41:24] [ThreadPoolExecutor-0_0] 
=== Starting Batch Rectification ===
[2025-12-30 20:41:24] [ThreadPoolExecutor-0_0]   Source folder: /rsstu/users/k/kanarde/NASA-Sunnyverse/rmccune/poseidon/data/down_east/flood_events/DE_01_20240912180350_20240913013350/orig_images
[2025-12-30 20:41:24] [ThreadPoolExecutor-0_0]   Output Zarr store: /rsstu/users/k/kanarde/NASA-Sunnyverse/rmccune/poseidon/data/down_east/flood_events/DE_01_20240912180350_20240913013350/zarr/orig_image_rects
[2025-12-30 20:41:24] [ThreadPoolExecutor-0_0]   Found 58 images to process.
[2025-12-30 20:41:24] [ThreadPoolExecutor-0_0]   Processing image 1/58: CAM_DE_01_20240912221226.jpg
[2025-12-30 20:41:31] [ThreadPoolExecutor-0_2]   Processing image 40/83: CAM_DE_01_20240909223026.jpg
[2025-12-30 20:41:48] [ThreadPoolExecutor-0_0]   Processing image 5/58: CAM_DE_01_20240912191226.jpg
[2025-12-30 20:41:48] [ThreadPoolExecutor-0_3]   Processing image 80/84: CAM_DE_01_20240907170025.jpg
[2025-12-30 20:41:54] [ThreadPoolExecutor-0_1]   Processing image 50/100: CAM_DE_01_20240908210626.jpg
[2025-12-30 20:42:13] [ThreadPoolExecutor-0_3]   Processing image 84/84: CAM_DE_01_20240907183626.jpg
[2025-12-30 20:42:18] [ThreadPoolExecutor-0_3]   Successfully processed 84 images.
[2025-12-30 20:42:18] [ThreadPoolExecutor-0_3] === Batch Rectification Complete ===
[2025-12-30 20:42:18] [ThreadPoolExecutor-0_3] [DE_01_20240907130344_20240907213616] Rectifying labels from: labels
[2025-12-30 20:42:18] [ThreadPoolExecutor-0_3] 
=== Starting Batch Rectification ===
[2025-12-30 20:42:18] [ThreadPoolExecutor-0_3]   Source folder: /rsstu/users/k/kanarde/NASA-Sunnyverse/rmccune/poseidon/data/down_east/flood_events/DE_01_20240907130344_20240907213616/labels
[2025-12-30 20:42:18] [ThreadPoolExecutor-0_3]   Output Zarr store: /rsstu/users/k/kanarde/NASA-Sunnyverse/rmccune/poseidon/data/down_east/flood_events/DE_01_20240907130344_20240907213616/zarr/labels_rects
[2025-12-30 20:42:19] [ThreadPoolExecutor-0_2]   Processing image 48/83: CAM_DE_01_20240909203626.jpg
[2025-12-30 20:42:19] [ThreadPoolExecutor-0_0]   Processing image 10/58: CAM_DE_01_20240912201226.jpg
[2025-12-30 20:42:19] [ThreadPoolExecutor-0_3]   Found 84 images to process.
[2025-12-30 20:42:19] [ThreadPoolExecutor-0_3]   Processing image 1/84: CAM_DE_01_20240907185426_predseg_labels.png
[2025-12-30 20:42:40] [ThreadPoolExecutor-0_3]   Processing image 8/84: CAM_DE_01_20240907194825_predseg_labels.png
[2025-12-30 20:42:45] [ThreadPoolExecutor-0_0]   Processing image 15/58: CAM_DE_01_20240912234616.jpg
[2025-12-30 20:42:51] [ThreadPoolExecutor-0_1]   Processing image 60/100: CAM_DE_01_20240908193026.jpg
[2025-12-30 20:43:01] [ThreadPoolExecutor-0_3]   Processing image 16/84: CAM_DE_01_20240907193625_predseg_labels.png
[2025-12-30 20:43:02] [ThreadPoolExecutor-0_2]   Processing image 56/83: CAM_DE_01_20240909191226.jpg
[2025-12-30 20:43:13] [ThreadPoolExecutor-0_0]   Processing image 20/58: CAM_DE_01_20240912183625.jpg
[2025-12-30 20:43:24] [ThreadPoolExecutor-0_3]   Processing image 24/84: CAM_DE_01_20240907143626_predseg_labels.png
[2025-12-30 20:43:51] [ThreadPoolExecutor-0_0]   Processing image 25/58: CAM_DE_01_20240912223026.jpg
[2025-12-30 20:43:58] [ThreadPoolExecutor-0_3]   Processing image 32/84: CAM_DE_01_20240907140626_predseg_labels.png
[2025-12-30 20:43:59] [ThreadPoolExecutor-0_1]   Processing image 70/100: CAM_DE_01_20240908164226.jpg
[2025-12-30 20:44:04] [ThreadPoolExecutor-0_2]   Processing image 64/83: CAM_DE_01_20240909163025.jpg
[2025-12-30 20:44:23] [ThreadPoolExecutor-0_3]   Processing image 40/84: CAM_DE_01_20240907190626_predseg_labels.png
[2025-12-30 20:44:24] [ThreadPoolExecutor-0_0]   Processing image 30/58: CAM_DE_01_20240912195426.jpg
[2025-12-30 20:44:48] [ThreadPoolExecutor-0_3]   Processing image 48/84: CAM_DE_01_20240907202426_predseg_labels.png
[2025-12-30 20:44:49] [ThreadPoolExecutor-0_2]   Processing image 72/83: CAM_DE_01_20240909154226.jpg
[2025-12-30 20:44:57] [ThreadPoolExecutor-0_0]   Processing image 35/58: CAM_DE_01_20240912202426.jpg
[2025-12-30 20:45:03] [ThreadPoolExecutor-0_1]   Processing image 80/100: CAM_DE_01_20240908144226.jpg
[2025-12-30 20:45:16] [ThreadPoolExecutor-0_3]   Processing image 56/84: CAM_DE_01_20240907150026_predseg_labels.png
[2025-12-30 20:45:28] [ThreadPoolExecutor-0_0]   Processing image 40/58: CAM_DE_01_20240912233407.jpg
[2025-12-30 20:45:35] [ThreadPoolExecutor-0_3]   Processing image 64/84: CAM_DE_01_20240907212426_predseg_labels.png
[2025-12-30 20:45:42] [ThreadPoolExecutor-0_2]   Processing image 80/83: CAM_DE_01_20240909185426.jpg
[2025-12-30 20:46:00] [ThreadPoolExecutor-0_3]   Processing image 72/84: CAM_DE_01_20240907210025_predseg_labels.png
[2025-12-30 20:46:00] [ThreadPoolExecutor-0_0]   Processing image 45/58: CAM_DE_01_20240912194826.jpg
[2025-12-30 20:46:00] [ThreadPoolExecutor-0_2]   Processing image 83/83: CAM_DE_01_20240909171826.jpg
[2025-12-30 20:46:06] [ThreadPoolExecutor-0_1]   Processing image 90/100: CAM_DE_01_20240908141225.jpg
[2025-12-30 20:46:06] [ThreadPoolExecutor-0_2]   Successfully processed 83 images.
[2025-12-30 20:46:06] [ThreadPoolExecutor-0_2] === Batch Rectification Complete ===
[2025-12-30 20:46:06] [ThreadPoolExecutor-0_2] [DE_01_20240909143353_20240909225053] Rectifying labels from: labels
[2025-12-30 20:46:06] [ThreadPoolExecutor-0_2] 
=== Starting Batch Rectification ===
[2025-12-30 20:46:06] [ThreadPoolExecutor-0_2]   Source folder: /rsstu/users/k/kanarde/NASA-Sunnyverse/rmccune/poseidon/data/down_east/flood_events/DE_01_20240909143353_20240909225053/labels
[2025-12-30 20:46:06] [ThreadPoolExecutor-0_2]   Output Zarr store: /rsstu/users/k/kanarde/NASA-Sunnyverse/rmccune/poseidon/data/down_east/flood_events/DE_01_20240909143353_20240909225053/zarr/labels_rects
[2025-12-30 20:46:06] [ThreadPoolExecutor-0_2]   Found 83 images to process.
[2025-12-30 20:46:06] [ThreadPoolExecutor-0_2]   Processing image 1/83: CAM_DE_01_20240909194826_predseg_labels.png
[2025-12-30 20:46:24] [ThreadPoolExecutor-0_3]   Processing image 80/84: CAM_DE_01_20240907134826_predseg_labels.png
[2025-12-30 20:46:29] [ThreadPoolExecutor-0_2]   Processing image 8/83: CAM_DE_01_20240909205426_predseg_labels.png
[2025-12-30 20:46:32] [ThreadPoolExecutor-0_0]   Processing image 50/58: CAM_DE_01_20240912234010.jpg
[2025-12-30 20:46:36] [ThreadPoolExecutor-0_3]   Processing image 84/84: CAM_DE_01_20240907200625_predseg_labels.png
[2025-12-30 20:46:37] [ThreadPoolExecutor-0_3]   Successfully processed 84 images.
[2025-12-30 20:46:37] [ThreadPoolExecutor-0_3] === Batch Rectification Complete ===
[2025-12-30 20:46:37] [ThreadPoolExecutor-0_3] +++ Successfully processed event DE_01_20240907130344_20240907213616 +++
[2025-12-30 20:46:37] [ThreadPoolExecutor-0_3] --- Processing event: DE_01_20240913190445_20240914024845 ---
[2025-12-30 20:46:37] [ThreadPoolExecutor-0_3] [DE_01_20240913190445_20240914024845] Rectifying images from: orig_images
[2025-12-30 20:46:37] [ThreadPoolExecutor-0_3] 
=== Starting Batch Rectification ===
[2025-12-30 20:46:37] [ThreadPoolExecutor-0_3]   Source folder: /rsstu/users/k/kanarde/NASA-Sunnyverse/rmccune/poseidon/data/down_east/flood_events/DE_01_20240913190445_20240914024845/orig_images
[2025-12-30 20:46:37] [ThreadPoolExecutor-0_3]   Output Zarr store: /rsstu/users/k/kanarde/NASA-Sunnyverse/rmccune/poseidon/data/down_east/flood_events/DE_01_20240913190445_20240914024845/zarr/orig_image_rects
[2025-12-30 20:46:41] [ThreadPoolExecutor-0_3]   Found 49 images to process.
[2025-12-30 20:46:41] [ThreadPoolExecutor-0_3]   Processing image 1/49: CAM_DE_01_20240913194226.jpg
[2025-12-30 20:46:56] [ThreadPoolExecutor-0_2]   Processing image 16/83: CAM_DE_01_20240909210025_predseg_labels.png
[2025-12-30 20:46:57] [ThreadPoolExecutor-0_3]   Processing image 4/49: CAM_DE_01_20240913203625.jpg
[2025-12-30 20:47:04] [ThreadPoolExecutor-0_0]   Processing image 55/58: CAM_DE_01_20240912180625.jpg
[2025-12-30 20:47:12] [ThreadPoolExecutor-0_1]   Processing image 100/100: CAM_DE_01_20240908174225.jpg
[2025-12-30 20:47:19] [ThreadPoolExecutor-0_1]   Successfully processed 100 images.
[2025-12-30 20:47:19] [ThreadPoolExecutor-0_1] === Batch Rectification Complete ===
[2025-12-30 20:47:19] [ThreadPoolExecutor-0_1] [DE_01_20240908125755_20240908225638] Rectifying labels from: labels
[2025-12-30 20:47:19] [ThreadPoolExecutor-0_1] 
=== Starting Batch Rectification ===
[2025-12-30 20:47:20] [ThreadPoolExecutor-0_1]   Source folder: /rsstu/users/k/kanarde/NASA-Sunnyverse/rmccune/poseidon/data/down_east/flood_events/DE_01_20240908125755_20240908225638/labels
[2025-12-30 20:47:20] [ThreadPoolExecutor-0_1]   Output Zarr store: /rsstu/users/k/kanarde/NASA-Sunnyverse/rmccune/poseidon/data/down_east/flood_events/DE_01_20240908125755_20240908225638/zarr/labels_rects
[2025-12-30 20:47:20] [ThreadPoolExecutor-0_1]   Found 100 images to process.
[2025-12-30 20:47:20] [ThreadPoolExecutor-0_1]   Processing image 1/100: CAM_DE_01_20240908204826_predseg_labels.png
[2025-12-30 20:47:25] [ThreadPoolExecutor-0_2]   Processing image 24/83: CAM_DE_01_20240909180626_predseg_labels.png
[2025-12-30 20:47:28] [ThreadPoolExecutor-0_0]   Processing image 58/58: CAM_DE_01_20240912213026.jpg
[2025-12-30 20:47:28] [ThreadPoolExecutor-0_3]   Processing image 8/49: CAM_DE_01_20240913220626.jpg
[2025-12-30 20:47:35] [ThreadPoolExecutor-0_0]   Successfully processed 58 images.
[2025-12-30 20:47:35] [ThreadPoolExecutor-0_0] === Batch Rectification Complete ===
[2025-12-30 20:47:35] [ThreadPoolExecutor-0_0] [DE_01_20240912180350_20240913013350] Rectifying labels from: labels
[2025-12-30 20:47:35] [ThreadPoolExecutor-0_0] 
=== Starting Batch Rectification ===
[2025-12-30 20:47:35] [ThreadPoolExecutor-0_0]   Source folder: /rsstu/users/k/kanarde/NASA-Sunnyverse/rmccune/poseidon/data/down_east/flood_events/DE_01_20240912180350_20240913013350/labels
[2025-12-30 20:47:35] [ThreadPoolExecutor-0_0]   Output Zarr store: /rsstu/users/k/kanarde/NASA-Sunnyverse/rmccune/poseidon/data/down_east/flood_events/DE_01_20240912180350_20240913013350/zarr/labels_rects
[2025-12-30 20:47:36] [ThreadPoolExecutor-0_0]   Found 58 images to process.
[2025-12-30 20:47:36] [ThreadPoolExecutor-0_0]   Processing image 1/58: CAM_DE_01_20240912211226_predseg_labels.png
[2025-12-30 20:47:55] [ThreadPoolExecutor-0_0]   Processing image 5/58: CAM_DE_01_20240912231826_predseg_labels.png
[2025-12-30 20:47:58] [ThreadPoolExecutor-0_3]   Processing image 12/49: CAM_DE_01_20240913223026.jpg
[2025-12-30 20:47:58] [ThreadPoolExecutor-0_1]   Processing image 10/100: CAM_DE_01_20240908200626_predseg_labels.png
[2025-12-30 20:47:58] [ThreadPoolExecutor-0_2]   Processing image 32/83: CAM_DE_01_20240909214826_predseg_labels.png
[2025-12-30 20:48:16] [ThreadPoolExecutor-0_0]   Processing image 10/58: CAM_DE_01_20240912232806_predseg_labels.png
[2025-12-30 20:48:23] [ThreadPoolExecutor-0_3]   Processing image 16/49: CAM_DE_01_20240913233408.jpg
[2025-12-30 20:48:38] [ThreadPoolExecutor-0_2]   Processing image 40/83: CAM_DE_01_20240909181825_predseg_labels.png
[2025-12-30 20:48:42] [ThreadPoolExecutor-0_0]   Processing image 15/58: CAM_DE_01_20240912191226_predseg_labels.png
[2025-12-30 20:48:45] [ThreadPoolExecutor-0_1]   Processing image 20/100: CAM_DE_01_20240908143626_predseg_labels.png
[2025-12-30 20:48:55] [ThreadPoolExecutor-0_3]   Processing image 20/49: CAM_DE_01_20240913202426.jpg
[2025-12-30 20:49:04] [ThreadPoolExecutor-0_0]   Processing image 20/58: CAM_DE_01_20240912190025_predseg_labels.png
[2025-12-30 20:49:13] [ThreadPoolExecutor-0_2]   Processing image 48/83: CAM_DE_01_20240909221825_predseg_labels.png
[2025-12-30 20:49:22] [ThreadPoolExecutor-0_3]   Processing image 24/49: CAM_DE_01_20240913200026.jpg
[2025-12-30 20:49:25] [ThreadPoolExecutor-0_0]   Processing image 25/58: CAM_DE_01_20240912235845_predseg_labels.png
[2025-12-30 20:49:30] [ThreadPoolExecutor-0_1]   Processing image 30/100: CAM_DE_01_20240908212425_predseg_labels.png
[2025-12-30 20:49:45] [ThreadPoolExecutor-0_2]   Processing image 56/83: CAM_DE_01_20240909215426_predseg_labels.png
[2025-12-30 20:49:45] [ThreadPoolExecutor-0_0]   Processing image 30/58: CAM_DE_01_20240912201826_predseg_labels.png
[2025-12-30 20:49:45] [ThreadPoolExecutor-0_3]   Processing image 28/49: CAM_DE_01_20240913190625.jpg
[2025-12-30 20:50:05] [ThreadPoolExecutor-0_0]   Processing image 35/58: CAM_DE_01_20240912210025_predseg_labels.png
[2025-12-30 20:50:08] [ThreadPoolExecutor-0_3]   Processing image 32/49: CAM_DE_01_20240913191825.jpg
[2025-12-30 20:50:09] [ThreadPoolExecutor-0_1]   Processing image 40/100: CAM_DE_01_20240908144226_predseg_labels.png
[2025-12-30 20:50:15] [ThreadPoolExecutor-0_2]   Processing image 64/83: CAM_DE_01_20240909170026_predseg_labels.png
[2025-12-30 20:50:24] [ThreadPoolExecutor-0_0]   Processing image 40/58: CAM_DE_01_20240912214226_predseg_labels.png
[2025-12-30 20:50:33] [ThreadPoolExecutor-0_3]   Processing image 36/49: CAM_DE_01_20240913224226.jpg
[2025-12-30 20:50:48] [ThreadPoolExecutor-0_0]   Processing image 45/58: CAM_DE_01_20240912181225_predseg_labels.png
[2025-12-30 20:50:52] [ThreadPoolExecutor-0_1]   Processing image 50/100: CAM_DE_01_20240908190026_predseg_labels.png
[2025-12-30 20:50:54] [ThreadPoolExecutor-0_2]   Processing image 72/83: CAM_DE_01_20240909221226_predseg_labels.png
[2025-12-30 20:51:02] [ThreadPoolExecutor-0_3]   Processing image 40/49: CAM_DE_01_20240913232806.jpg
[2025-12-30 20:51:11] [ThreadPoolExecutor-0_0]   Processing image 50/58: CAM_DE_01_20240912191825_predseg_labels.png
[2025-12-30 20:51:26] [ThreadPoolExecutor-0_2]   Processing image 80/83: CAM_DE_01_20240909151226_predseg_labels.png
[2025-12-30 20:51:30] [ThreadPoolExecutor-0_3]   Processing image 44/49: CAM_DE_01_20240913225426.jpg
[2025-12-30 20:51:30] [ThreadPoolExecutor-0_0]   Processing image 55/58: CAM_DE_01_20240912203626_predseg_labels.png
[2025-12-30 20:51:36] [ThreadPoolExecutor-0_1]   Processing image 60/100: CAM_DE_01_20240908210626_predseg_labels.png
[2025-12-30 20:51:40] [ThreadPoolExecutor-0_2]   Processing image 83/83: CAM_DE_01_20240909175426_predseg_labels.png
[2025-12-30 20:51:43] [ThreadPoolExecutor-0_2]   Successfully processed 83 images.
[2025-12-30 20:51:43] [ThreadPoolExecutor-0_2] === Batch Rectification Complete ===
[2025-12-30 20:51:43] [ThreadPoolExecutor-0_2] +++ Successfully processed event DE_01_20240909143353_20240909225053 +++
[2025-12-30 20:51:43] [ThreadPoolExecutor-0_2] --- Processing event: DE_01_20240914175120_20240915054340 ---
[2025-12-30 20:51:43] [ThreadPoolExecutor-0_0]   Processing image 58/58: CAM_DE_01_20240912184225_predseg_labels.png
[2025-12-30 20:51:43] [ThreadPoolExecutor-0_2] [DE_01_20240914175120_20240915054340] Rectifying images from: orig_images
[2025-12-30 20:51:43] [ThreadPoolExecutor-0_2] 
=== Starting Batch Rectification ===
[2025-12-30 20:51:43] [ThreadPoolExecutor-0_2]   Source folder: /rsstu/users/k/kanarde/NASA-Sunnyverse/rmccune/poseidon/data/down_east/flood_events/DE_01_20240914175120_20240915054340/orig_images
[2025-12-30 20:51:43] [ThreadPoolExecutor-0_2]   Output Zarr store: /rsstu/users/k/kanarde/NASA-Sunnyverse/rmccune/poseidon/data/down_east/flood_events/DE_01_20240914175120_20240915054340/zarr/orig_image_rects
[2025-12-30 20:51:43] [ThreadPoolExecutor-0_2]   Found 60 images to process.
[2025-12-30 20:51:43] [ThreadPoolExecutor-0_2]   Processing image 1/60: CAM_DE_01_20240914180025.jpg
[2025-12-30 20:51:46] [ThreadPoolExecutor-0_0]   Successfully processed 58 images.
[2025-12-30 20:51:46] [ThreadPoolExecutor-0_0] === Batch Rectification Complete ===
[2025-12-30 20:51:46] [ThreadPoolExecutor-0_0] +++ Successfully processed event DE_01_20240912180350_20240913013350 +++
[2025-12-30 20:51:46] [ThreadPoolExecutor-0_0] --- Processing event: DE_01_20240915073214_20240915161757 ---
[2025-12-30 20:51:46] [ThreadPoolExecutor-0_0] [DE_01_20240915073214_20240915161757] Rectifying images from: orig_images
[2025-12-30 20:51:46] [ThreadPoolExecutor-0_0] 
=== Starting Batch Rectification ===
[2025-12-30 20:51:46] [ThreadPoolExecutor-0_0]   Source folder: /rsstu/users/k/kanarde/NASA-Sunnyverse/rmccune/poseidon/data/down_east/flood_events/DE_01_20240915073214_20240915161757/orig_images
[2025-12-30 20:51:46] [ThreadPoolExecutor-0_0]   Output Zarr store: /rsstu/users/k/kanarde/NASA-Sunnyverse/rmccune/poseidon/data/down_east/flood_events/DE_01_20240915073214_20240915161757/zarr/orig_image_rects
[2025-12-30 20:51:47] [ThreadPoolExecutor-0_0]   Found 62 images to process.
[2025-12-30 20:51:47] [ThreadPoolExecutor-0_0]   Processing image 1/62: CAM_DE_01_20240915131226.jpg
[2025-12-30 20:51:56] [ThreadPoolExecutor-0_3]   Processing image 48/49: CAM_DE_01_20240913231226.jpg
[2025-12-30 20:52:05] [ThreadPoolExecutor-0_3]   Processing image 49/49: CAM_DE_01_20240913200626.jpg
[2025-12-30 20:52:11] [ThreadPoolExecutor-0_1]   Processing image 70/100: CAM_DE_01_20240908180626_predseg_labels.png
[2025-12-30 20:52:12] [ThreadPoolExecutor-0_3]   Successfully processed 49 images.
[2025-12-30 20:52:12] [ThreadPoolExecutor-0_3] === Batch Rectification Complete ===
[2025-12-30 20:52:12] [ThreadPoolExecutor-0_3] [DE_01_20240913190445_20240914024845] Rectifying labels from: labels
[2025-12-30 20:52:12] [ThreadPoolExecutor-0_3] 
=== Starting Batch Rectification ===
[2025-12-30 20:52:12] [ThreadPoolExecutor-0_3]   Source folder: /rsstu/users/k/kanarde/NASA-Sunnyverse/rmccune/poseidon/data/down_east/flood_events/DE_01_20240913190445_20240914024845/labels
[2025-12-30 20:52:12] [ThreadPoolExecutor-0_3]   Output Zarr store: /rsstu/users/k/kanarde/NASA-Sunnyverse/rmccune/poseidon/data/down_east/flood_events/DE_01_20240913190445_20240914024845/zarr/labels_rects
[2025-12-30 20:52:12] [ThreadPoolExecutor-0_3]   Found 49 images to process.
[2025-12-30 20:52:12] [ThreadPoolExecutor-0_3]   Processing image 1/49: CAM_DE_01_20240913230026_predseg_labels.png
[2025-12-30 20:52:12] [ThreadPoolExecutor-0_2]   Processing image 6/60: CAM_DE_01_20240914225426.jpg
[2025-12-30 20:52:19] [ThreadPoolExecutor-0_0]   Processing image 6/62: CAM_DE_01_20240915144825.jpg
[2025-12-30 20:52:23] [ThreadPoolExecutor-0_3]   Processing image 4/49: CAM_DE_01_20240913191225_predseg_labels.png
[2025-12-30 20:52:35] [ThreadPoolExecutor-0_3]   Processing image 8/49: CAM_DE_01_20240913213626_predseg_labels.png
[2025-12-30 20:52:42] [ThreadPoolExecutor-0_1]   Processing image 80/100: CAM_DE_01_20240908133626_predseg_labels.png
[2025-12-30 20:52:49] [ThreadPoolExecutor-0_2]   Processing image 12/60: CAM_DE_01_20240914182425.jpg
[2025-12-30 20:52:49] [ThreadPoolExecutor-0_3]   Processing image 12/49: CAM_DE_01_20240913210025_predseg_labels.png
[2025-12-30 20:52:56] [ThreadPoolExecutor-0_0]   Processing image 12/62: CAM_DE_01_20240915104606.jpg
[2025-12-30 20:53:05] [ThreadPoolExecutor-0_3]   Processing image 16/49: CAM_DE_01_20240913212425_predseg_labels.png
[2025-12-30 20:53:19] [ThreadPoolExecutor-0_1]   Processing image 90/100: CAM_DE_01_20240908171826_predseg_labels.png
[2025-12-30 20:53:19] [ThreadPoolExecutor-0_3]   Processing image 20/49: CAM_DE_01_20240913193026_predseg_labels.png
[2025-12-30 20:53:27] [ThreadPoolExecutor-0_2]   Processing image 18/60: CAM_DE_01_20240914220026.jpg
[2025-12-30 20:53:33] [ThreadPoolExecutor-0_3]   Processing image 24/49: CAM_DE_01_20240913233408_predseg_labels.png
[2025-12-30 20:53:35] [ThreadPoolExecutor-0_0]   Processing image 18/62: CAM_DE_01_20240915160025.jpg
[2025-12-30 20:53:50] [ThreadPoolExecutor-0_3]   Processing image 28/49: CAM_DE_01_20240913231226_predseg_labels.png
[2025-12-30 20:53:59] [ThreadPoolExecutor-0_1]   Processing image 100/100: CAM_DE_01_20240908135425_predseg_labels.png
[2025-12-30 20:54:04] [ThreadPoolExecutor-0_1]   Successfully processed 100 images.
[2025-12-30 20:54:04] [ThreadPoolExecutor-0_1] === Batch Rectification Complete ===
[2025-12-30 20:54:04] [ThreadPoolExecutor-0_1] +++ Successfully processed event DE_01_20240908125755_20240908225638 +++
[2025-12-30 20:54:04] [ThreadPoolExecutor-0_1] --- Processing event: DE_01_20240915181913_20240916072658 ---
[2025-12-30 20:54:04] [ThreadPoolExecutor-0_1] [DE_01_20240915181913_20240916072658] Rectifying images from: orig_images
[2025-12-30 20:54:04] [ThreadPoolExecutor-0_1] 
=== Starting Batch Rectification ===
[2025-12-30 20:54:04] [ThreadPoolExecutor-0_1]   Source folder: /rsstu/users/k/kanarde/NASA-Sunnyverse/rmccune/poseidon/data/down_east/flood_events/DE_01_20240915181913_20240916072658/orig_images
[2025-12-30 20:54:04] [ThreadPoolExecutor-0_1]   Output Zarr store: /rsstu/users/k/kanarde/NASA-Sunnyverse/rmccune/poseidon/data/down_east/flood_events/DE_01_20240915181913_20240916072658/zarr/orig_image_rects
[2025-12-30 20:54:04] [ThreadPoolExecutor-0_1]   Found 56 images to process.
[2025-12-30 20:54:04] [ThreadPoolExecutor-0_1]   Processing image 1/56: CAM_DE_01_20240915183025.jpg
[2025-12-30 20:54:08] [ThreadPoolExecutor-0_3]   Processing image 32/49: CAM_DE_01_20240913214225_predseg_labels.png
[2025-12-30 20:54:09] [ThreadPoolExecutor-0_2]   Processing image 24/60: CAM_DE_01_20240914180626.jpg
[2025-12-30 20:54:15] [ThreadPoolExecutor-0_0]   Processing image 24/62: CAM_DE_01_20240915101056.jpg
[2025-12-30 20:54:20] [ThreadPoolExecutor-0_3]   Processing image 36/49: CAM_DE_01_20240913222426_predseg_labels.png
[2025-12-30 20:54:28] [ThreadPoolExecutor-0_1]   Processing image 5/56: CAM_DE_01_20240915183625.jpg
[2025-12-30 20:54:34] [ThreadPoolExecutor-0_3]   Processing image 40/49: CAM_DE_01_20240913220025_predseg_labels.png
[2025-12-30 20:54:44] [ThreadPoolExecutor-0_3]   Processing image 44/49: CAM_DE_01_20240913230626_predseg_labels.png
[2025-12-30 20:54:47] [ThreadPoolExecutor-0_2]   Processing image 30/60: CAM_DE_01_20240914215425.jpg
[2025-12-30 20:54:53] [ThreadPoolExecutor-0_0]   Processing image 30/62: CAM_DE_01_20240915144225.jpg
[2025-12-30 20:56:10] [ThreadPoolExecutor-0_3]   Processing image 48/49: CAM_DE_01_20240913232806_predseg_labels.png
[2025-12-30 20:56:38] [ThreadPoolExecutor-0_1]   Processing image 10/56: CAM_DE_01_20240915204826.jpg
[2025-12-30 20:56:38] [ThreadPoolExecutor-0_3]   Processing image 49/49: CAM_DE_01_20240913215426_predseg_labels.png
[2025-12-30 20:57:20] [ThreadPoolExecutor-0_3]   Successfully processed 49 images.
[2025-12-30 20:57:20] [ThreadPoolExecutor-0_3] === Batch Rectification Complete ===
[2025-12-30 20:57:20] [ThreadPoolExecutor-0_3] +++ Successfully processed event DE_01_20240913190445_20240914024845 +++
[2025-12-30 20:57:20] [ThreadPoolExecutor-0_3] --- Processing event: DE_01_20240916062308_20240916184521 ---
[2025-12-30 20:57:20] [ThreadPoolExecutor-0_3] [DE_01_20240916062308_20240916184521] Rectifying images from: orig_images
[2025-12-30 20:57:20] [ThreadPoolExecutor-0_3] 
=== Starting Batch Rectification ===
[2025-12-30 20:57:20] [ThreadPoolExecutor-0_3]   Source folder: /rsstu/users/k/kanarde/NASA-Sunnyverse/rmccune/poseidon/data/down_east/flood_events/DE_01_20240916062308_20240916184521/orig_images
[2025-12-30 20:57:20] [ThreadPoolExecutor-0_3]   Output Zarr store: /rsstu/users/k/kanarde/NASA-Sunnyverse/rmccune/poseidon/data/down_east/flood_events/DE_01_20240916062308_20240916184521/zarr/orig_image_rects
[2025-12-30 20:57:25] [ThreadPoolExecutor-0_3]   Found 85 images to process.
[2025-12-30 20:57:25] [ThreadPoolExecutor-0_3]   Processing image 1/85: CAM_DE_01_20240916113626.jpg
[2025-12-30 20:58:00] [ThreadPoolExecutor-0_2]   Processing image 36/60: CAM_DE_01_20240914214826.jpg
[2025-12-30 20:58:10] [ThreadPoolExecutor-0_1]   Processing image 15/56: CAM_DE_01_20240915220625.jpg
[2025-12-30 20:58:10] [ThreadPoolExecutor-0_0]   Processing image 36/62: CAM_DE_01_20240915110626.jpg
[2025-12-30 20:58:44] [ThreadPoolExecutor-0_3]   Processing image 8/85: CAM_DE_01_20240916182426.jpg
[2025-12-30 21:00:52] [ThreadPoolExecutor-0_1]   Processing image 20/56: CAM_DE_01_20240915193625.jpg
[2025-12-30 21:00:53] [ThreadPoolExecutor-0_2]   Processing image 42/60: CAM_DE_01_20240914183626.jpg
[2025-12-30 21:01:01] [ThreadPoolExecutor-0_0]   Processing image 42/62: CAM_DE_01_20240915121825.jpg
[2025-12-30 21:01:29] [ThreadPoolExecutor-0_1]   Processing image 25/56: CAM_DE_01_20240915231225.jpg
[2025-12-30 21:01:49] [ThreadPoolExecutor-0_3]   Processing image 16/85: CAM_DE_01_20240916123026.jpg
[2025-12-30 21:01:49] [ThreadPoolExecutor-0_2]   Processing image 48/60: CAM_DE_01_20240914201226.jpg
[2025-12-30 21:01:58] [ThreadPoolExecutor-0_0]   Processing image 48/62: CAM_DE_01_20240915111226.jpg
[2025-12-30 21:02:13] [ThreadPoolExecutor-0_1]   Processing image 30/56: CAM_DE_01_20240915203026.jpg
[2025-12-30 21:02:35] [ThreadPoolExecutor-0_2]   Processing image 54/60: CAM_DE_01_20240914221225.jpg
[2025-12-30 21:02:42] [ThreadPoolExecutor-0_0]   Processing image 54/62: CAM_DE_01_20240915125425.jpg
[2025-12-30 21:02:48] [ThreadPoolExecutor-0_1]   Processing image 35/56: CAM_DE_01_20240915221225.jpg
[2025-12-30 21:02:49] [ThreadPoolExecutor-0_3]   Processing image 24/85: CAM_DE_01_20240916143626.jpg
[2025-12-30 21:03:22] [ThreadPoolExecutor-0_2]   Processing image 60/60: CAM_DE_01_20240914211226.jpg
[2025-12-30 21:03:22] [ThreadPoolExecutor-0_1]   Processing image 40/56: CAM_DE_01_20240915230625.jpg
[2025-12-30 21:03:28] [ThreadPoolExecutor-0_0]   Processing image 60/62: CAM_DE_01_20240915141826.jpg
[2025-12-30 21:03:28] [ThreadPoolExecutor-0_2]   Successfully processed 60 images.
[2025-12-30 21:03:28] [ThreadPoolExecutor-0_2] === Batch Rectification Complete ===
[2025-12-30 21:03:28] [ThreadPoolExecutor-0_2] [DE_01_20240914175120_20240915054340] Rectifying labels from: labels
[2025-12-30 21:03:28] [ThreadPoolExecutor-0_2] 
=== Starting Batch Rectification ===
[2025-12-30 21:03:28] [ThreadPoolExecutor-0_2]   Source folder: /rsstu/users/k/kanarde/NASA-Sunnyverse/rmccune/poseidon/data/down_east/flood_events/DE_01_20240914175120_20240915054340/labels
[2025-12-30 21:03:28] [ThreadPoolExecutor-0_2]   Output Zarr store: /rsstu/users/k/kanarde/NASA-Sunnyverse/rmccune/poseidon/data/down_east/flood_events/DE_01_20240914175120_20240915054340/zarr/labels_rects
[2025-12-30 21:03:29] [ThreadPoolExecutor-0_2]   Found 60 images to process.
[2025-12-30 21:03:29] [ThreadPoolExecutor-0_2]   Processing image 1/60: CAM_DE_01_20240914212426_predseg_labels.png
[2025-12-30 21:05:06] [ThreadPoolExecutor-0_0]   Processing image 62/62: CAM_DE_01_20240915153026.jpg
[2025-12-30 21:05:15] [ThreadPoolExecutor-0_2]   Processing image 6/60: CAM_DE_01_20240914233409_predseg_labels.png
[2025-12-30 21:05:17] [ThreadPoolExecutor-0_3]   Processing image 32/85: CAM_DE_01_20240916174825.jpg
[2025-12-30 21:05:17] [ThreadPoolExecutor-0_0]   Successfully processed 62 images.
[2025-12-30 21:05:17] [ThreadPoolExecutor-0_0] === Batch Rectification Complete ===
[2025-12-30 21:05:17] [ThreadPoolExecutor-0_0] [DE_01_20240915073214_20240915161757] Rectifying labels from: labels
[2025-12-30 21:05:17] [ThreadPoolExecutor-0_0] 
=== Starting Batch Rectification ===
[2025-12-30 21:05:17] [ThreadPoolExecutor-0_0]   Source folder: /rsstu/users/k/kanarde/NASA-Sunnyverse/rmccune/poseidon/data/down_east/flood_events/DE_01_20240915073214_20240915161757/labels
[2025-12-30 21:05:17] [ThreadPoolExecutor-0_0]   Output Zarr store: /rsstu/users/k/kanarde/NASA-Sunnyverse/rmccune/poseidon/data/down_east/flood_events/DE_01_20240915073214_20240915161757/zarr/labels_rects
[2025-12-30 21:05:18] [ThreadPoolExecutor-0_0]   Found 62 images to process.
[2025-12-30 21:05:18] [ThreadPoolExecutor-0_0]   Processing image 1/62: CAM_DE_01_20240915140025_predseg_labels.png
[2025-12-30 21:05:23] [ThreadPoolExecutor-0_1]   Processing image 45/56: CAM_DE_01_20240915212426.jpg
[2025-12-30 21:05:38] [ThreadPoolExecutor-0_0]   Processing image 6/62: CAM_DE_01_20240915110626_predseg_labels.png
[2025-12-30 21:05:44] [ThreadPoolExecutor-0_2]   Processing image 12/60: CAM_DE_01_20240914215425_predseg_labels.png
[2025-12-30 21:06:05] [ThreadPoolExecutor-0_1]   Processing image 50/56: CAM_DE_01_20240915223025.jpg
[2025-12-30 21:06:12] [ThreadPoolExecutor-0_0]   Processing image 12/62: CAM_DE_01_20240915153026_predseg_labels.png
[2025-12-30 21:06:14] [ThreadPoolExecutor-0_2]   Processing image 18/60: CAM_DE_01_20240914235237_predseg_labels.png
[2025-12-30 21:06:32] [ThreadPoolExecutor-0_3]   Processing image 40/85: CAM_DE_01_20240916161226.jpg
[2025-12-30 21:07:24] [ThreadPoolExecutor-0_0]   Processing image 18/62: CAM_DE_01_20240915130025_predseg_labels.png
[2025-12-30 21:08:08] [ThreadPoolExecutor-0_2]   Processing image 24/60: CAM_DE_01_20240914213025_predseg_labels.png
[2025-12-30 21:08:15] [ThreadPoolExecutor-0_1]   Processing image 55/56: CAM_DE_01_20240915214226.jpg
[2025-12-30 21:08:23] [ThreadPoolExecutor-0_1]   Processing image 56/56: CAM_DE_01_20240915202426.jpg
[2025-12-30 21:08:28] [ThreadPoolExecutor-0_1]   Successfully processed 56 images.
[2025-12-30 21:08:28] [ThreadPoolExecutor-0_1] === Batch Rectification Complete ===
[2025-12-30 21:08:28] [ThreadPoolExecutor-0_1] [DE_01_20240915181913_20240916072658] Rectifying labels from: labels
[2025-12-30 21:08:28] [ThreadPoolExecutor-0_1] 
=== Starting Batch Rectification ===
[2025-12-30 21:08:28] [ThreadPoolExecutor-0_1]   Source folder: /rsstu/users/k/kanarde/NASA-Sunnyverse/rmccune/poseidon/data/down_east/flood_events/DE_01_20240915181913_20240916072658/labels
[2025-12-30 21:08:28] [ThreadPoolExecutor-0_1]   Output Zarr store: /rsstu/users/k/kanarde/NASA-Sunnyverse/rmccune/poseidon/data/down_east/flood_events/DE_01_20240915181913_20240916072658/zarr/labels_rects
[2025-12-30 21:08:29] [ThreadPoolExecutor-0_1]   Found 56 images to process.
[2025-12-30 21:08:29] [ThreadPoolExecutor-0_1]   Processing image 1/56: CAM_DE_01_20240915201225_predseg_labels.png
[2025-12-30 21:08:33] [ThreadPoolExecutor-0_0]   Processing image 24/62: CAM_DE_01_20240915113625_predseg_labels.png
[2025-12-30 21:08:39] [ThreadPoolExecutor-0_2]   Processing image 30/60: CAM_DE_01_20240914232806_predseg_labels.png
[2025-12-30 21:08:50] [ThreadPoolExecutor-0_1]   Processing image 5/56: CAM_DE_01_20240915231826_predseg_labels.png
[2025-12-30 21:08:59] [ThreadPoolExecutor-0_3]   Processing image 48/85: CAM_DE_01_20240916140625.jpg
[2025-12-30 21:09:08] [ThreadPoolExecutor-0_0]   Processing image 30/62: CAM_DE_01_20240915131226_predseg_labels.png
[2025-12-30 21:09:15] [ThreadPoolExecutor-0_2]   Processing image 36/60: CAM_DE_01_20240914204225_predseg_labels.png
[2025-12-30 21:09:15] [ThreadPoolExecutor-0_1]   Processing image 10/56: CAM_DE_01_20240915205426_predseg_labels.png
[2025-12-30 21:10:54] [ThreadPoolExecutor-0_1]   Processing image 15/56: CAM_DE_01_20240915204225_predseg_labels.png
[2025-12-30 21:10:54] [ThreadPoolExecutor-0_0]   Processing image 36/62: CAM_DE_01_20240915123025_predseg_labels.png
[2025-12-30 21:10:59] [ThreadPoolExecutor-0_2]   Processing image 42/60: CAM_DE_01_20240914191826_predseg_labels.png
[2025-12-30 21:11:15] [ThreadPoolExecutor-0_3]   Processing image 56/85: CAM_DE_01_20240916111226.jpg
[2025-12-30 21:11:15] [ThreadPoolExecutor-0_1]   Processing image 20/56: CAM_DE_01_20240915201825_predseg_labels.png
[2025-12-30 21:11:19] [ThreadPoolExecutor-0_0]   Processing image 42/62: CAM_DE_01_20240915101056_predseg_labels.png
[2025-12-30 21:11:24] [ThreadPoolExecutor-0_2]   Processing image 48/60: CAM_DE_01_20240914224825_predseg_labels.png
[2025-12-30 21:11:43] [ThreadPoolExecutor-0_1]   Processing image 25/56: CAM_DE_01_20240915210625_predseg_labels.png
[2025-12-30 21:11:50] [ThreadPoolExecutor-0_0]   Processing image 48/62: CAM_DE_01_20240915134226_predseg_labels.png
[2025-12-30 21:11:54] [ThreadPoolExecutor-0_2]   Processing image 54/60: CAM_DE_01_20240914185426_predseg_labels.png
[2025-12-30 21:13:13] [ThreadPoolExecutor-0_1]   Processing image 30/56: CAM_DE_01_20240915212426_predseg_labels.png
[2025-12-30 21:13:31] [ThreadPoolExecutor-0_0]   Processing image 54/62: CAM_DE_01_20240915104606_predseg_labels.png
[2025-12-30 21:13:35] [ThreadPoolExecutor-0_3]   Processing image 64/85: CAM_DE_01_20240916102236.jpg
[2025-12-30 21:13:35] [ThreadPoolExecutor-0_2]   Processing image 60/60: CAM_DE_01_20240914194226_predseg_labels.png
[2025-12-30 21:13:41] [ThreadPoolExecutor-0_1]   Processing image 35/56: CAM_DE_01_20240915220625_predseg_labels.png
[2025-12-30 21:13:41] [ThreadPoolExecutor-0_2]   Successfully processed 60 images.
[2025-12-30 21:13:41] [ThreadPoolExecutor-0_2] === Batch Rectification Complete ===
[2025-12-30 21:13:41] [ThreadPoolExecutor-0_2] +++ Successfully processed event DE_01_20240914175120_20240915054340 +++
[2025-12-30 21:13:41] [ThreadPoolExecutor-0_2] --- Processing event: DE_01_20240916130121_20240916192905 ---
[2025-12-30 21:13:41] [ThreadPoolExecutor-0_2] [DE_01_20240916130121_20240916192905] Rectifying images from: orig_images
[2025-12-30 21:13:41] [ThreadPoolExecutor-0_2] 
=== Starting Batch Rectification ===
[2025-12-30 21:13:41] [ThreadPoolExecutor-0_2]   Source folder: /rsstu/users/k/kanarde/NASA-Sunnyverse/rmccune/poseidon/data/down_east/flood_events/DE_01_20240916130121_20240916192905/orig_images
[2025-12-30 21:13:41] [ThreadPoolExecutor-0_2]   Output Zarr store: /rsstu/users/k/kanarde/NASA-Sunnyverse/rmccune/poseidon/data/down_east/flood_events/DE_01_20240916130121_20240916192905/zarr/orig_image_rects
[2025-12-30 21:13:42] [ThreadPoolExecutor-0_2]   Found 64 images to process.
[2025-12-30 21:13:42] [ThreadPoolExecutor-0_2]   Processing image 1/64: CAM_DE_01_20240916151825.jpg
[2025-12-30 21:13:57] [ThreadPoolExecutor-0_0]   Processing image 60/62: CAM_DE_01_20240915142425_predseg_labels.png
[2025-12-30 21:14:00] [ThreadPoolExecutor-0_1]   Processing image 40/56: CAM_DE_01_20240915221225_predseg_labels.png
[2025-12-30 21:14:07] [ThreadPoolExecutor-0_0]   Processing image 62/62: CAM_DE_01_20240915120026_predseg_labels.png
[2025-12-30 21:14:09] [ThreadPoolExecutor-0_0]   Successfully processed 62 images.
[2025-12-30 21:14:09] [ThreadPoolExecutor-0_0] === Batch Rectification Complete ===
[2025-12-30 21:14:09] [ThreadPoolExecutor-0_0] +++ Successfully processed event DE_01_20240915073214_20240915161757 +++
[2025-12-30 21:14:09] [ThreadPoolExecutor-0_0] --- Processing event: DE_01_20240916173742_20240917080648 ---
[2025-12-30 21:14:09] [ThreadPoolExecutor-0_0] [DE_01_20240916173742_20240917080648] Rectifying images from: orig_images
[2025-12-30 21:14:09] [ThreadPoolExecutor-0_0] 
=== Starting Batch Rectification ===
[2025-12-30 21:14:09] [ThreadPoolExecutor-0_0]   Source folder: /rsstu/users/k/kanarde/NASA-Sunnyverse/rmccune/poseidon/data/down_east/flood_events/DE_01_20240916173742_20240917080648/orig_images
[2025-12-30 21:14:09] [ThreadPoolExecutor-0_0]   Output Zarr store: /rsstu/users/k/kanarde/NASA-Sunnyverse/rmccune/poseidon/data/down_east/flood_events/DE_01_20240916173742_20240917080648/zarr/orig_image_rects
[2025-12-30 21:14:09] [ThreadPoolExecutor-0_0]   Found 61 images to process.
[2025-12-30 21:14:09] [ThreadPoolExecutor-0_0]   Processing image 1/61: CAM_DE_01_20240916223026.jpg
[2025-12-30 21:14:13] [ThreadPoolExecutor-0_2]   Processing image 6/64: CAM_DE_01_20240916143025.jpg
[2025-12-30 21:14:18] [ThreadPoolExecutor-0_1]   Processing image 45/56: CAM_DE_01_20240915182425_predseg_labels.png
[2025-12-30 21:14:32] [ThreadPoolExecutor-0_1]   Processing image 50/56: CAM_DE_01_20240915233408_predseg_labels.png
[2025-12-30 21:14:32] [ThreadPoolExecutor-0_3]   Processing image 72/85: CAM_DE_01_20240916164225.jpg
[2025-12-30 21:14:36] [ThreadPoolExecutor-0_0]   Processing image 6/61: CAM_DE_01_20240916200026.jpg
[2025-12-30 21:14:42] [ThreadPoolExecutor-0_1]   Processing image 55/56: CAM_DE_01_20240915235857_predseg_labels.png
[2025-12-30 21:14:44] [ThreadPoolExecutor-0_1]   Processing image 56/56: CAM_DE_01_20240915235319_predseg_labels.png
[2025-12-30 21:14:45] [ThreadPoolExecutor-0_1]   Successfully processed 56 images.
[2025-12-30 21:14:45] [ThreadPoolExecutor-0_1] === Batch Rectification Complete ===
[2025-12-30 21:14:45] [ThreadPoolExecutor-0_1] +++ Successfully processed event DE_01_20240915181913_20240916072658 +++
[2025-12-30 21:14:45] [ThreadPoolExecutor-0_1] --- Processing event: DE_01_20240917073044_20240917192156 ---
[2025-12-30 21:14:45] [ThreadPoolExecutor-0_2]   Processing image 12/64: CAM_DE_01_20240916150625.jpg
[2025-12-30 21:14:45] [ThreadPoolExecutor-0_1] [DE_01_20240917073044_20240917192156] Rectifying images from: orig_images
[2025-12-30 21:14:45] [ThreadPoolExecutor-0_1] 
=== Starting Batch Rectification ===
[2025-12-30 21:14:45] [ThreadPoolExecutor-0_1]   Source folder: /rsstu/users/k/kanarde/NASA-Sunnyverse/rmccune/poseidon/data/down_east/flood_events/DE_01_20240917073044_20240917192156/orig_images
[2025-12-30 21:14:45] [ThreadPoolExecutor-0_1]   Output Zarr store: /rsstu/users/k/kanarde/NASA-Sunnyverse/rmccune/poseidon/data/down_east/flood_events/DE_01_20240917073044_20240917192156/zarr/orig_image_rects
[2025-12-30 21:14:45] [ThreadPoolExecutor-0_1]   Found 31 images to process.
[2025-12-30 21:14:45] [ThreadPoolExecutor-0_1]   Processing image 1/31: CAM_DE_01_20240917124825.jpg
[2025-12-30 21:16:17] [ThreadPoolExecutor-0_1]   Processing image 3/31: CAM_DE_01_20240917130625.jpg
[2025-12-30 21:16:36] [ThreadPoolExecutor-0_0]   Processing image 12/61: CAM_DE_01_20240916214826.jpg
[2025-12-30 21:16:41] [ThreadPoolExecutor-0_1]   Processing image 6/31: CAM_DE_01_20240917120026.jpg
[2025-12-30 21:16:41] [ThreadPoolExecutor-0_3]   Processing image 80/85: CAM_DE_01_20240916125425.jpg
[2025-12-30 21:16:48] [ThreadPoolExecutor-0_2]   Processing image 18/64: CAM_DE_01_20240916163626.jpg
[2025-12-30 21:17:00] [ThreadPoolExecutor-0_1]   Processing image 9/31: CAM_DE_01_20240917105425.jpg
[2025-12-30 21:17:12] [ThreadPoolExecutor-0_0]   Processing image 18/61: CAM_DE_01_20240916213625.jpg
[2025-12-30 21:17:12] [ThreadPoolExecutor-0_3]   Processing image 85/85: CAM_DE_01_20240916133025.jpg
[2025-12-30 21:17:17] [ThreadPoolExecutor-0_3]   Successfully processed 85 images.
[2025-12-30 21:17:17] [ThreadPoolExecutor-0_3] === Batch Rectification Complete ===
[2025-12-30 21:17:17] [ThreadPoolExecutor-0_3] [DE_01_20240916062308_20240916184521] Rectifying labels from: labels
[2025-12-30 21:17:17] [ThreadPoolExecutor-0_3] 
=== Starting Batch Rectification ===
[2025-12-30 21:17:17] [ThreadPoolExecutor-0_3]   Source folder: /rsstu/users/k/kanarde/NASA-Sunnyverse/rmccune/poseidon/data/down_east/flood_events/DE_01_20240916062308_20240916184521/labels
[2025-12-30 21:17:17] [ThreadPoolExecutor-0_3]   Output Zarr store: /rsstu/users/k/kanarde/NASA-Sunnyverse/rmccune/poseidon/data/down_east/flood_events/DE_01_20240916062308_20240916184521/zarr/labels_rects
[2025-12-30 21:17:17] [ThreadPoolExecutor-0_1]   Processing image 12/31: CAM_DE_01_20240917124226.jpg
[2025-12-30 21:17:17] [ThreadPoolExecutor-0_3]   Found 85 images to process.
[2025-12-30 21:17:17] [ThreadPoolExecutor-0_3]   Processing image 1/85: CAM_DE_01_20240916121825_predseg_labels.png
[2025-12-30 21:17:24] [ThreadPoolExecutor-0_2]   Processing image 24/64: CAM_DE_01_20240916144825.jpg
[2025-12-30 21:17:38] [ThreadPoolExecutor-0_1]   Processing image 15/31: CAM_DE_01_20240917123626.jpg
[2025-12-30 21:18:27] [ThreadPoolExecutor-0_3]   Processing image 8/85: CAM_DE_01_20240916163026_predseg_labels.png
[2025-12-30 21:19:17] [ThreadPoolExecutor-0_0]   Processing image 24/61: CAM_DE_01_20240916214226.jpg
[2025-12-30 21:19:23] [ThreadPoolExecutor-0_1]   Processing image 18/31: CAM_DE_01_20240917113626.jpg
[2025-12-30 21:19:28] [ThreadPoolExecutor-0_2]   Processing image 30/64: CAM_DE_01_20240916131225.jpg
[2025-12-30 21:19:32] [ThreadPoolExecutor-0_3]   Processing image 16/85: CAM_DE_01_20240916144226_predseg_labels.png
[2025-12-30 21:19:39] [ThreadPoolExecutor-0_1]   Processing image 21/31: CAM_DE_01_20240917122426.jpg
[2025-12-30 21:19:45] [ThreadPoolExecutor-0_0]   Processing image 30/61: CAM_DE_01_20240916224826.jpg
[2025-12-30 21:19:53] [ThreadPoolExecutor-0_3]   Processing image 24/85: CAM_DE_01_20240916170026_predseg_labels.png
[2025-12-30 21:19:56] [ThreadPoolExecutor-0_1]   Processing image 24/31: CAM_DE_01_20240917100457.jpg
[2025-12-30 21:21:20] [ThreadPoolExecutor-0_2]   Processing image 36/64: CAM_DE_01_20240916140625.jpg
[2025-12-30 21:21:35] [ThreadPoolExecutor-0_1]   Processing image 27/31: CAM_DE_01_20240917101059.jpg
[2025-12-30 21:21:41] [ThreadPoolExecutor-0_0]   Processing image 36/61: CAM_DE_01_20240916212426.jpg
[2025-12-30 21:21:41] [ThreadPoolExecutor-0_3]   Processing image 32/85: CAM_DE_01_20240916121226_predseg_labels.png
[2025-12-30 21:21:49] [ThreadPoolExecutor-0_1]   Processing image 30/31: CAM_DE_01_20240917102224.jpg
[2025-12-30 21:21:54] [ThreadPoolExecutor-0_2]   Processing image 42/64: CAM_DE_01_20240916184826.jpg
[2025-12-30 21:21:54] [ThreadPoolExecutor-0_1]   Processing image 31/31: CAM_DE_01_20240917110625.jpg
[2025-12-30 21:22:00] [ThreadPoolExecutor-0_1]   Successfully processed 31 images.
[2025-12-30 21:22:00] [ThreadPoolExecutor-0_1] === Batch Rectification Complete ===
[2025-12-30 21:22:00] [ThreadPoolExecutor-0_1] [DE_01_20240917073044_20240917192156] Rectifying labels from: labels
[2025-12-30 21:22:00] [ThreadPoolExecutor-0_1] 
=== Starting Batch Rectification ===
[2025-12-30 21:22:00] [ThreadPoolExecutor-0_1]   Source folder: /rsstu/users/k/kanarde/NASA-Sunnyverse/rmccune/poseidon/data/down_east/flood_events/DE_01_20240917073044_20240917192156/labels
[2025-12-30 21:22:00] [ThreadPoolExecutor-0_1]   Output Zarr store: /rsstu/users/k/kanarde/NASA-Sunnyverse/rmccune/poseidon/data/down_east/flood_events/DE_01_20240917073044_20240917192156/zarr/labels_rects
[2025-12-30 21:22:01] [ThreadPoolExecutor-0_1]   Found 31 images to process.
[2025-12-30 21:22:01] [ThreadPoolExecutor-0_1]   Processing image 1/31: CAM_DE_01_20240917103407_predseg_labels.png
[2025-12-30 21:22:06] [ThreadPoolExecutor-0_3]   Processing image 40/85: CAM_DE_01_20240916105206_predseg_labels.png
[2025-12-30 21:22:07] [ThreadPoolExecutor-0_1]   Processing image 3/31: CAM_DE_01_20240917101059_predseg_labels.png
[2025-12-30 21:22:07] [ThreadPoolExecutor-0_0]   Processing image 42/61: CAM_DE_01_20240916175426.jpg
[2025-12-30 21:22:16] [ThreadPoolExecutor-0_1]   Processing image 6/31: CAM_DE_01_20240917102224_predseg_labels.png
[2025-12-30 21:22:28] [ThreadPoolExecutor-0_1]   Processing image 9/31: CAM_DE_01_20240917124825_predseg_labels.png
[2025-12-30 21:22:28] [ThreadPoolExecutor-0_2]   Processing image 48/64: CAM_DE_01_20240916154826.jpg
[2025-12-30 21:22:32] [ThreadPoolExecutor-0_3]   Processing image 48/85: CAM_DE_01_20240916123026_predseg_labels.png
[2025-12-30 21:22:39] [ThreadPoolExecutor-0_1]   Processing image 12/31: CAM_DE_01_20240917121826_predseg_labels.png
[2025-12-30 21:24:23] [ThreadPoolExecutor-0_0]   Processing image 48/61: CAM_DE_01_20240916230026.jpg
[2025-12-30 21:24:28] [ThreadPoolExecutor-0_1]   Processing image 15/31: CAM_DE_01_20240917104006_predseg_labels.png
[2025-12-30 21:24:39] [ThreadPoolExecutor-0_1]   Processing image 18/31: CAM_DE_01_20240917120026_predseg_labels.png
[2025-12-30 21:24:40] [ThreadPoolExecutor-0_3]   Processing image 56/85: CAM_DE_01_20240916114226_predseg_labels.png
[2025-12-30 21:24:42] [ThreadPoolExecutor-0_2]   Processing image 54/64: CAM_DE_01_20240916170026.jpg
[2025-12-30 21:24:46] [ThreadPoolExecutor-0_1]   Processing image 21/31: CAM_DE_01_20240917124226_predseg_labels.png
[2025-12-30 21:25:01] [ThreadPoolExecutor-0_1]   Processing image 24/31: CAM_DE_01_20240917123626_predseg_labels.png
[2025-12-30 21:25:05] [ThreadPoolExecutor-0_0]   Processing image 54/61: CAM_DE_01_20240916215425.jpg
[2025-12-30 21:25:11] [ThreadPoolExecutor-0_3]   Processing image 64/85: CAM_DE_01_20240916171226_predseg_labels.png
[2025-12-30 21:25:11] [ThreadPoolExecutor-0_1]   Processing image 27/31: CAM_DE_01_20240917102811_predseg_labels.png
[2025-12-30 21:25:25] [ThreadPoolExecutor-0_1]   Processing image 30/31: CAM_DE_01_20240917110625_predseg_labels.png
[2025-12-30 21:25:26] [ThreadPoolExecutor-0_2]   Processing image 60/64: CAM_DE_01_20240916155425.jpg
[2025-12-30 21:25:28] [ThreadPoolExecutor-0_1]   Processing image 31/31: CAM_DE_01_20240917112426_predseg_labels.png
[2025-12-30 21:25:32] [ThreadPoolExecutor-0_1]   Successfully processed 31 images.
[2025-12-30 21:25:32] [ThreadPoolExecutor-0_1] === Batch Rectification Complete ===
[2025-12-30 21:25:32] [ThreadPoolExecutor-0_1] +++ Successfully processed event DE_01_20240917073044_20240917192156 +++
[2025-12-30 21:25:32] [ThreadPoolExecutor-0_1] --- Processing event: DE_01_20240921105956_20240921231819 ---
[2025-12-30 21:25:32] [ThreadPoolExecutor-0_1] [DE_01_20240921105956_20240921231819] Rectifying images from: orig_images
[2025-12-30 21:25:32] [ThreadPoolExecutor-0_1] 
=== Starting Batch Rectification ===
[2025-12-30 21:25:32] [ThreadPoolExecutor-0_1]   Source folder: /rsstu/users/k/kanarde/NASA-Sunnyverse/rmccune/poseidon/data/down_east/flood_events/DE_01_20240921105956_20240921231819/orig_images
[2025-12-30 21:25:32] [ThreadPoolExecutor-0_1]   Output Zarr store: /rsstu/users/k/kanarde/NASA-Sunnyverse/rmccune/poseidon/data/down_east/flood_events/DE_01_20240921105956_20240921231819/zarr/orig_image_rects
[2025-12-30 21:25:32] [ThreadPoolExecutor-0_1]   Found 74 images to process.
[2025-12-30 21:25:32] [ThreadPoolExecutor-0_1]   Processing image 1/74: CAM_DE_01_20240921194826.jpg
[2025-12-30 21:25:43] [ThreadPoolExecutor-0_3]   Processing image 72/85: CAM_DE_01_20240916165426_predseg_labels.png
[2025-12-30 21:25:45] [ThreadPoolExecutor-0_0]   Processing image 60/61: CAM_DE_01_20240916204225.jpg
[2025-12-30 21:25:50] [ThreadPoolExecutor-0_0]   Processing image 61/61: CAM_DE_01_20240916204826.jpg
[2025-12-30 21:25:50] [ThreadPoolExecutor-0_2]   Processing image 64/64: CAM_DE_01_20240916133025.jpg
[2025-12-30 21:25:55] [ThreadPoolExecutor-0_0]   Successfully processed 61 images.
[2025-12-30 21:25:55] [ThreadPoolExecutor-0_0] === Batch Rectification Complete ===
[2025-12-30 21:25:55] [ThreadPoolExecutor-0_0] [DE_01_20240916173742_20240917080648] Rectifying labels from: labels
[2025-12-30 21:25:55] [ThreadPoolExecutor-0_0] 
=== Starting Batch Rectification ===
[2025-12-30 21:25:55] [ThreadPoolExecutor-0_0]   Source folder: /rsstu/users/k/kanarde/NASA-Sunnyverse/rmccune/poseidon/data/down_east/flood_events/DE_01_20240916173742_20240917080648/labels
[2025-12-30 21:25:55] [ThreadPoolExecutor-0_0]   Output Zarr store: /rsstu/users/k/kanarde/NASA-Sunnyverse/rmccune/poseidon/data/down_east/flood_events/DE_01_20240916173742_20240917080648/zarr/labels_rects
[2025-12-30 21:25:55] [ThreadPoolExecutor-0_2]   Successfully processed 64 images.
[2025-12-30 21:25:55] [ThreadPoolExecutor-0_2] === Batch Rectification Complete ===
[2025-12-30 21:25:55] [ThreadPoolExecutor-0_2] [DE_01_20240916130121_20240916192905] Rectifying labels from: labels
[2025-12-30 21:25:55] [ThreadPoolExecutor-0_2] 
=== Starting Batch Rectification ===
[2025-12-30 21:25:55] [ThreadPoolExecutor-0_2]   Source folder: /rsstu/users/k/kanarde/NASA-Sunnyverse/rmccune/poseidon/data/down_east/flood_events/DE_01_20240916130121_20240916192905/labels
[2025-12-30 21:25:55] [ThreadPoolExecutor-0_2]   Output Zarr store: /rsstu/users/k/kanarde/NASA-Sunnyverse/rmccune/poseidon/data/down_east/flood_events/DE_01_20240916130121_20240916192905/zarr/labels_rects
[2025-12-30 21:25:58] [ThreadPoolExecutor-0_0]   Found 61 images to process.
[2025-12-30 21:25:58] [ThreadPoolExecutor-0_0]   Processing image 1/61: CAM_DE_01_20240916180025_predseg_labels.png
[2025-12-30 21:25:58] [ThreadPoolExecutor-0_2]   Found 64 images to process.
[2025-12-30 21:25:58] [ThreadPoolExecutor-0_2]   Processing image 1/64: CAM_DE_01_20240916152426_predseg_labels.png
[2025-12-30 21:26:08] [ThreadPoolExecutor-0_3]   Processing image 80/85: CAM_DE_01_20240916175426_predseg_labels.png
[2025-12-30 21:26:08] [ThreadPoolExecutor-0_1]   Processing image 7/74: CAM_DE_01_20240921214826.jpg
[2025-12-30 21:27:15] [ThreadPoolExecutor-0_2]   Processing image 6/64: CAM_DE_01_20240916131225_predseg_labels.png
[2025-12-30 21:27:15] [ThreadPoolExecutor-0_0]   Processing image 6/61: CAM_DE_01_20240916194226_predseg_labels.png
[2025-12-30 21:27:45] [ThreadPoolExecutor-0_3]   Processing image 85/85: CAM_DE_01_20240916120626_predseg_labels.png
[2025-12-30 21:27:50] [ThreadPoolExecutor-0_3]   Successfully processed 85 images.
[2025-12-30 21:27:50] [ThreadPoolExecutor-0_3] === Batch Rectification Complete ===
[2025-12-30 21:27:50] [ThreadPoolExecutor-0_3] +++ Successfully processed event DE_01_20240916062308_20240916184521 +++
[2025-12-30 21:27:50] [ThreadPoolExecutor-0_3] --- Processing event: DE_01_20240922122000_20240923000949 ---
[2025-12-30 21:27:50] [ThreadPoolExecutor-0_3] [DE_01_20240922122000_20240923000949] Rectifying images from: orig_images
[2025-12-30 21:27:50] [ThreadPoolExecutor-0_3] 
=== Starting Batch Rectification ===
[2025-12-30 21:27:50] [ThreadPoolExecutor-0_3]   Source folder: /rsstu/users/k/kanarde/NASA-Sunnyverse/rmccune/poseidon/data/down_east/flood_events/DE_01_20240922122000_20240923000949/orig_images
[2025-12-30 21:27:50] [ThreadPoolExecutor-0_3]   Output Zarr store: /rsstu/users/k/kanarde/NASA-Sunnyverse/rmccune/poseidon/data/down_east/flood_events/DE_01_20240922122000_20240923000949/zarr/orig_image_rects
[2025-12-30 21:27:50] [ThreadPoolExecutor-0_3]   Found 116 images to process.
[2025-12-30 21:27:50] [ThreadPoolExecutor-0_3]   Processing image 1/116: CAM_DE_01_20240922204825.jpg
[2025-12-30 21:27:52] [ThreadPoolExecutor-0_0]   Processing image 12/61: CAM_DE_01_20240916193025_predseg_labels.png
[2025-12-30 21:27:56] [ThreadPoolExecutor-0_2]   Processing image 12/64: CAM_DE_01_20240916144226_predseg_labels.png
[2025-12-30 21:28:02] [ThreadPoolExecutor-0_1]   Processing image 14/74: CAM_DE_01_20240921224825.jpg
[2025-12-30 21:28:07] [ThreadPoolExecutor-0_0]   Processing image 18/61: CAM_DE_01_20240916222425_predseg_labels.png
[2025-12-30 21:28:10] [ThreadPoolExecutor-0_2]   Processing image 18/64: CAM_DE_01_20240916170026_predseg_labels.png
[2025-12-30 21:28:30] [ThreadPoolExecutor-0_0]   Processing image 24/61: CAM_DE_01_20240916213625_predseg_labels.png
[2025-12-30 21:28:35] [ThreadPoolExecutor-0_2]   Processing image 24/64: CAM_DE_01_20240916174825_predseg_labels.png
[2025-12-30 21:28:40] [ThreadPoolExecutor-0_0]   Processing image 30/61: CAM_DE_01_20240916182426_predseg_labels.png
[2025-12-30 21:28:40] [ThreadPoolExecutor-0_1]   Processing image 21/74: CAM_DE_01_20240921170026.jpg
[2025-12-30 21:28:40] [ThreadPoolExecutor-0_3]   Processing image 11/116: CAM_DE_01_20240922181826.jpg
[2025-12-30 21:28:53] [ThreadPoolExecutor-0_2]   Processing image 30/64: CAM_DE_01_20240916173625_predseg_labels.png
[2025-12-30 21:28:54] [ThreadPoolExecutor-0_0]   Processing image 36/61: CAM_DE_01_20240916174225_predseg_labels.png
[2025-12-30 21:29:10] [ThreadPoolExecutor-0_0]   Processing image 42/61: CAM_DE_01_20240916204225_predseg_labels.png
[2025-12-30 21:29:13] [ThreadPoolExecutor-0_2]   Processing image 36/64: CAM_DE_01_20240916183026_predseg_labels.png
[2025-12-30 21:29:16] [ThreadPoolExecutor-0_1]   Processing image 28/74: CAM_DE_01_20240921184825.jpg
[2025-12-30 21:29:23] [ThreadPoolExecutor-0_0]   Processing image 48/61: CAM_DE_01_20240916203026_predseg_labels.png
[2025-12-30 21:29:28] [ThreadPoolExecutor-0_2]   Processing image 42/64: CAM_DE_01_20240916190626_predseg_labels.png
[2025-12-30 21:29:30] [ThreadPoolExecutor-0_3]   Processing image 22/116: CAM_DE_01_20240922162426.jpg
[2025-12-30 21:30:56] [ThreadPoolExecutor-0_0]   Processing image 54/61: CAM_DE_01_20240916210625_predseg_labels.png
[2025-12-30 21:31:11] [ThreadPoolExecutor-0_2]   Processing image 48/64: CAM_DE_01_20240916133626_predseg_labels.png
[2025-12-30 21:31:16] [ThreadPoolExecutor-0_1]   Processing image 35/74: CAM_DE_01_20240921190626.jpg
[2025-12-30 21:31:17] [ThreadPoolExecutor-0_0]   Processing image 60/61: CAM_DE_01_20240916192425_predseg_labels.png
[2025-12-30 21:31:19] [ThreadPoolExecutor-0_0]   Processing image 61/61: CAM_DE_01_20240916234651_predseg_labels.png
[2025-12-30 21:31:23] [ThreadPoolExecutor-0_0]   Successfully processed 61 images.
[2025-12-30 21:31:23] [ThreadPoolExecutor-0_0] === Batch Rectification Complete ===
[2025-12-30 21:31:23] [ThreadPoolExecutor-0_0] +++ Successfully processed event DE_01_20240916173742_20240917080648 +++
[2025-12-30 21:31:23] [ThreadPoolExecutor-0_0] --- Processing event: DE_01_20240923124448_20240924011456 ---
[2025-12-30 21:31:23] [ThreadPoolExecutor-0_0] [DE_01_20240923124448_20240924011456] Rectifying images from: orig_images
[2025-12-30 21:31:23] [ThreadPoolExecutor-0_0] 
=== Starting Batch Rectification ===
[2025-12-30 21:31:23] [ThreadPoolExecutor-0_0]   Source folder: /rsstu/users/k/kanarde/NASA-Sunnyverse/rmccune/poseidon/data/down_east/flood_events/DE_01_20240923124448_20240924011456/orig_images
[2025-12-30 21:31:23] [ThreadPoolExecutor-0_0]   Output Zarr store: /rsstu/users/k/kanarde/NASA-Sunnyverse/rmccune/poseidon/data/down_east/flood_events/DE_01_20240923124448_20240924011456/zarr/orig_image_rects
[2025-12-30 21:31:25] [ThreadPoolExecutor-0_0]   Found 111 images to process.
[2025-12-30 21:31:25] [ThreadPoolExecutor-0_0]   Processing image 1/111: CAM_DE_01_20240923154826.jpg
[2025-12-30 21:31:30] [ThreadPoolExecutor-0_2]   Processing image 54/64: CAM_DE_01_20240916135426_predseg_labels.png
[2025-12-30 21:32:50] [ThreadPoolExecutor-0_1]   Processing image 42/74: CAM_DE_01_20240921171825.jpg
[2025-12-30 21:32:53] [ThreadPoolExecutor-0_2]   Processing image 60/64: CAM_DE_01_20240916153626_predseg_labels.png
[2025-12-30 21:32:54] [ThreadPoolExecutor-0_3]   Processing image 33/116: CAM_DE_01_20240922140026.jpg
[2025-12-30 21:33:05] [ThreadPoolExecutor-0_2]   Processing image 64/64: CAM_DE_01_20240916192425_predseg_labels.png
[2025-12-30 21:33:09] [ThreadPoolExecutor-0_2]   Successfully processed 64 images.
[2025-12-30 21:33:09] [ThreadPoolExecutor-0_2] === Batch Rectification Complete ===
[2025-12-30 21:33:09] [ThreadPoolExecutor-0_2] +++ Successfully processed event DE_01_20240916130121_20240916192905 +++
[2025-12-30 21:33:09] [ThreadPoolExecutor-0_2] --- Processing event: DE_01_20240924134030_20240925014726 ---
[2025-12-30 21:33:09] [ThreadPoolExecutor-0_2] [DE_01_20240924134030_20240925014726] Rectifying images from: orig_images
[2025-12-30 21:33:09] [ThreadPoolExecutor-0_2] 
=== Starting Batch Rectification ===
[2025-12-30 21:33:09] [ThreadPoolExecutor-0_2]   Source folder: /rsstu/users/k/kanarde/NASA-Sunnyverse/rmccune/poseidon/data/down_east/flood_events/DE_01_20240924134030_20240925014726/orig_images
[2025-12-30 21:33:09] [ThreadPoolExecutor-0_2]   Output Zarr store: /rsstu/users/k/kanarde/NASA-Sunnyverse/rmccune/poseidon/data/down_east/flood_events/DE_01_20240924134030_20240925014726/zarr/orig_image_rects
[2025-12-30 21:33:10] [ThreadPoolExecutor-0_2]   Found 99 images to process.
[2025-12-30 21:33:10] [ThreadPoolExecutor-0_2]   Processing image 1/99: CAM_DE_01_20240924145426.jpg
[2025-12-30 21:33:22] [ThreadPoolExecutor-0_0]   Processing image 11/111: CAM_DE_01_20240923171826.jpg
[2025-12-30 21:33:24] [ThreadPoolExecutor-0_1]   Processing image 49/74: CAM_DE_01_20240921203026.jpg
[2025-12-30 21:33:45] [ThreadPoolExecutor-0_2]   Processing image 9/99: CAM_DE_01_20240924174225.jpg
[2025-12-30 21:33:47] [ThreadPoolExecutor-0_3]   Processing image 44/116: CAM_DE_01_20240922134826.jpg
[2025-12-30 21:33:57] [ThreadPoolExecutor-0_1]   Processing image 56/74: CAM_DE_01_20240921201825.jpg
[2025-12-30 21:34:10] [ThreadPoolExecutor-0_0]   Processing image 22/111: CAM_DE_01_20240923134225.jpg
[2025-12-30 21:34:25] [ThreadPoolExecutor-0_1]   Processing image 63/74: CAM_DE_01_20240921215426.jpg
[2025-12-30 21:34:25] [ThreadPoolExecutor-0_2]   Processing image 18/99: CAM_DE_01_20240924203025.jpg
[2025-12-30 21:34:32] [ThreadPoolExecutor-0_3]   Processing image 55/116: CAM_DE_01_20240922215426.jpg
[2025-12-30 21:36:10] [ThreadPoolExecutor-0_0]   Processing image 33/111: CAM_DE_01_20240923214226.jpg
[2025-12-30 21:36:11] [ThreadPoolExecutor-0_1]   Processing image 70/74: CAM_DE_01_20240921222426.jpg
[2025-12-30 21:36:19] [ThreadPoolExecutor-0_2]   Processing image 27/99: CAM_DE_01_20240924220025.jpg
[2025-12-30 21:36:26] [ThreadPoolExecutor-0_1]   Processing image 74/74: CAM_DE_01_20240921203626.jpg
[2025-12-30 21:36:30] [ThreadPoolExecutor-0_1]   Successfully processed 74 images.
[2025-12-30 21:36:30] [ThreadPoolExecutor-0_1] === Batch Rectification Complete ===
[2025-12-30 21:36:30] [ThreadPoolExecutor-0_1] [DE_01_20240921105956_20240921231819] Rectifying labels from: labels
[2025-12-30 21:36:30] [ThreadPoolExecutor-0_1] 
=== Starting Batch Rectification ===
[2025-12-30 21:36:30] [ThreadPoolExecutor-0_1]   Source folder: /rsstu/users/k/kanarde/NASA-Sunnyverse/rmccune/poseidon/data/down_east/flood_events/DE_01_20240921105956_20240921231819/labels
[2025-12-30 21:36:30] [ThreadPoolExecutor-0_1]   Output Zarr store: /rsstu/users/k/kanarde/NASA-Sunnyverse/rmccune/poseidon/data/down_east/flood_events/DE_01_20240921105956_20240921231819/zarr/labels_rects
[2025-12-30 21:36:30] [ThreadPoolExecutor-0_1]   Found 74 images to process.
[2025-12-30 21:36:30] [ThreadPoolExecutor-0_1]   Processing image 1/74: CAM_DE_01_20240921205425_predseg_labels.png
[2025-12-30 21:36:34] [ThreadPoolExecutor-0_3]   Processing image 66/116: CAM_DE_01_20240922124225.jpg
[2025-12-30 21:36:41] [ThreadPoolExecutor-0_1]   Processing image 7/74: CAM_DE_01_20240921155426_predseg_labels.png
[2025-12-30 21:36:50] [ThreadPoolExecutor-0_0]   Processing image 44/111: CAM_DE_01_20240923141826.jpg
[2025-12-30 21:36:55] [ThreadPoolExecutor-0_2]   Processing image 36/99: CAM_DE_01_20240924223025.jpg
[2025-12-30 21:36:55] [ThreadPoolExecutor-0_1]   Processing image 14/74: CAM_DE_01_20240921193625_predseg_labels.png
[2025-12-30 21:38:28] [ThreadPoolExecutor-0_1]   Processing image 21/74: CAM_DE_01_20240921190026_predseg_labels.png
[2025-12-30 21:38:34] [ThreadPoolExecutor-0_3]   Processing image 77/116: CAM_DE_01_20240922134226.jpg
[2025-12-30 21:38:46] [ThreadPoolExecutor-0_1]   Processing image 28/74: CAM_DE_01_20240921222426_predseg_labels.png
[2025-12-30 21:38:52] [ThreadPoolExecutor-0_2]   Processing image 45/99: CAM_DE_01_20240924184225.jpg
[2025-12-30 21:38:58] [ThreadPoolExecutor-0_0]   Processing image 55/111: CAM_DE_01_20240923175426.jpg
[2025-12-30 21:39:02] [ThreadPoolExecutor-0_1]   Processing image 35/74: CAM_DE_01_20240921213626_predseg_labels.png
[2025-12-30 21:39:18] [ThreadPoolExecutor-0_1]   Processing image 42/74: CAM_DE_01_20240921230026_predseg_labels.png
[2025-12-30 21:39:25] [ThreadPoolExecutor-0_3]   Processing image 88/116: CAM_DE_01_20240922211226.jpg
[2025-12-30 21:39:29] [ThreadPoolExecutor-0_1]   Processing image 49/74: CAM_DE_01_20240921173026_predseg_labels.png
[2025-12-30 21:39:33] [ThreadPoolExecutor-0_2]   Processing image 54/99: CAM_DE_01_20240924153026.jpg
[2025-12-30 21:39:38] [ThreadPoolExecutor-0_0]   Processing image 66/111: CAM_DE_01_20240923203025.jpg
[2025-12-30 21:39:41] [ThreadPoolExecutor-0_1]   Processing image 56/74: CAM_DE_01_20240921210626_predseg_labels.png
[2025-12-30 21:41:11] [ThreadPoolExecutor-0_1]   Processing image 63/74: CAM_DE_01_20240921183625_predseg_labels.png
[2025-12-30 21:41:21] [ThreadPoolExecutor-0_2]   Processing image 63/99: CAM_DE_01_20240924141826.jpg
[2025-12-30 21:41:21] [ThreadPoolExecutor-0_3]   Processing image 99/116: CAM_DE_01_20240922210626.jpg
[2025-12-30 21:41:26] [ThreadPoolExecutor-0_1]   Processing image 70/74: CAM_DE_01_20240921213026_predseg_labels.png
[2025-12-30 21:41:33] [ThreadPoolExecutor-0_1]   Processing image 74/74: CAM_DE_01_20240921170026_predseg_labels.png
[2025-12-30 21:41:34] [ThreadPoolExecutor-0_1]   Successfully processed 74 images.
[2025-12-30 21:41:34] [ThreadPoolExecutor-0_1] === Batch Rectification Complete ===
[2025-12-30 21:41:34] [ThreadPoolExecutor-0_1] +++ Successfully processed event DE_01_20240921105956_20240921231819 +++
[2025-12-30 21:41:34] [ThreadPoolExecutor-0_1] --- Processing event: DE_01_20241001085917_20241001182918 ---
[2025-12-30 21:41:34] [ThreadPoolExecutor-0_1] [DE_01_20241001085917_20241001182918] Rectifying images from: orig_images
[2025-12-30 21:41:34] [ThreadPoolExecutor-0_1] 
=== Starting Batch Rectification ===
[2025-12-30 21:41:34] [ThreadPoolExecutor-0_1]   Source folder: /rsstu/users/k/kanarde/NASA-Sunnyverse/rmccune/poseidon/data/down_east/flood_events/DE_01_20241001085917_20241001182918/orig_images
[2025-12-30 21:41:34] [ThreadPoolExecutor-0_1]   Output Zarr store: /rsstu/users/k/kanarde/NASA-Sunnyverse/rmccune/poseidon/data/down_east/flood_events/DE_01_20241001085917_20241001182918/zarr/orig_image_rects
[2025-12-30 21:41:34] [ThreadPoolExecutor-0_1]   Found 81 images to process.
[2025-12-30 21:41:34] [ThreadPoolExecutor-0_1]   Processing image 1/81: CAM_DE_01_20241001104607.jpg
[2025-12-30 21:41:35] [ThreadPoolExecutor-0_0]   Processing image 77/111: CAM_DE_01_20240923203626.jpg
[2025-12-30 21:41:49] [ThreadPoolExecutor-0_2]   Processing image 72/99: CAM_DE_01_20240924190626.jpg
[2025-12-30 21:43:11] [ThreadPoolExecutor-0_1]   Processing image 8/81: CAM_DE_01_20241001134826.jpg
[2025-12-30 21:43:11] [ThreadPoolExecutor-0_3]   Processing image 110/116: CAM_DE_01_20240922153626.jpg
[2025-12-30 21:43:25] [ThreadPoolExecutor-0_0]   Processing image 88/111: CAM_DE_01_20240923214826.jpg
[2025-12-30 21:43:32] [ThreadPoolExecutor-0_3]   Processing image 116/116: CAM_DE_01_20240922150025.jpg
[2025-12-30 21:43:34] [ThreadPoolExecutor-0_2]   Processing image 81/99: CAM_DE_01_20240924143626.jpg
[2025-12-30 21:43:35] [ThreadPoolExecutor-0_3]   Successfully processed 116 images.
[2025-12-30 21:43:35] [ThreadPoolExecutor-0_3] === Batch Rectification Complete ===
[2025-12-30 21:43:35] [ThreadPoolExecutor-0_3] [DE_01_20240922122000_20240923000949] Rectifying labels from: labels
[2025-12-30 21:43:35] [ThreadPoolExecutor-0_3] 
=== Starting Batch Rectification ===
[2025-12-30 21:43:35] [ThreadPoolExecutor-0_3]   Source folder: /rsstu/users/k/kanarde/NASA-Sunnyverse/rmccune/poseidon/data/down_east/flood_events/DE_01_20240922122000_20240923000949/labels
[2025-12-30 21:43:35] [ThreadPoolExecutor-0_3]   Output Zarr store: /rsstu/users/k/kanarde/NASA-Sunnyverse/rmccune/poseidon/data/down_east/flood_events/DE_01_20240922122000_20240923000949/zarr/labels_rects
[2025-12-30 21:43:35] [ThreadPoolExecutor-0_3]   Found 116 images to process.
[2025-12-30 21:43:35] [ThreadPoolExecutor-0_3]   Processing image 1/116: CAM_DE_01_20240922194226_predseg_labels.png
[2025-12-30 21:43:37] [ThreadPoolExecutor-0_1]   Processing image 16/81: CAM_DE_01_20241001160026.jpg
[2025-12-30 21:43:51] [ThreadPoolExecutor-0_3]   Processing image 11/116: CAM_DE_01_20240922131226_predseg_labels.png
[2025-12-30 21:44:59] [ThreadPoolExecutor-0_0]   Processing image 99/111: CAM_DE_01_20240923161826.jpg
[2025-12-30 21:45:03] [ThreadPoolExecutor-0_2]   Processing image 90/99: CAM_DE_01_20240924191226.jpg
[2025-12-30 21:45:05] [ThreadPoolExecutor-0_1]   Processing image 24/81: CAM_DE_01_20241001152426.jpg
[2025-12-30 21:45:09] [ThreadPoolExecutor-0_3]   Processing image 22/116: CAM_DE_01_20240922224826_predseg_labels.png
[2025-12-30 21:45:22] [ThreadPoolExecutor-0_3]   Processing image 33/116: CAM_DE_01_20240922144225_predseg_labels.png
[2025-12-30 21:45:26] [ThreadPoolExecutor-0_2]   Processing image 99/99: CAM_DE_01_20240924232812.jpg
[2025-12-30 21:45:26] [ThreadPoolExecutor-0_1]   Processing image 32/81: CAM_DE_01_20241001180026.jpg
[2025-12-30 21:45:27] [ThreadPoolExecutor-0_0]   Processing image 110/111: CAM_DE_01_20240923133025.jpg
[2025-12-30 21:45:28] [ThreadPoolExecutor-0_2]   Successfully processed 99 images.
[2025-12-30 21:45:28] [ThreadPoolExecutor-0_2] === Batch Rectification Complete ===
[2025-12-30 21:45:28] [ThreadPoolExecutor-0_2] [DE_01_20240924134030_20240925014726] Rectifying labels from: labels
[2025-12-30 21:45:28] [ThreadPoolExecutor-0_2] 
=== Starting Batch Rectification ===
[2025-12-30 21:45:28] [ThreadPoolExecutor-0_2]   Source folder: /rsstu/users/k/kanarde/NASA-Sunnyverse/rmccune/poseidon/data/down_east/flood_events/DE_01_20240924134030_20240925014726/labels
[2025-12-30 21:45:28] [ThreadPoolExecutor-0_2]   Output Zarr store: /rsstu/users/k/kanarde/NASA-Sunnyverse/rmccune/poseidon/data/down_east/flood_events/DE_01_20240924134030_20240925014726/zarr/labels_rects
[2025-12-30 21:45:28] [ThreadPoolExecutor-0_2]   Found 99 images to process.
[2025-12-30 21:45:28] [ThreadPoolExecutor-0_2]   Processing image 1/99: CAM_DE_01_20240924220626_predseg_labels.png
[2025-12-30 21:45:28] [ThreadPoolExecutor-0_0]   Processing image 111/111: CAM_DE_01_20240923152425.jpg
[2025-12-30 21:45:31] [ThreadPoolExecutor-0_0]   Successfully processed 111 images.
[2025-12-30 21:45:31] [ThreadPoolExecutor-0_0] === Batch Rectification Complete ===
[2025-12-30 21:45:31] [ThreadPoolExecutor-0_0] [DE_01_20240923124448_20240924011456] Rectifying labels from: labels
[2025-12-30 21:45:31] [ThreadPoolExecutor-0_0] 
=== Starting Batch Rectification ===
[2025-12-30 21:45:31] [ThreadPoolExecutor-0_0]   Source folder: /rsstu/users/k/kanarde/NASA-Sunnyverse/rmccune/poseidon/data/down_east/flood_events/DE_01_20240923124448_20240924011456/labels
[2025-12-30 21:45:31] [ThreadPoolExecutor-0_0]   Output Zarr store: /rsstu/users/k/kanarde/NASA-Sunnyverse/rmccune/poseidon/data/down_east/flood_events/DE_01_20240923124448_20240924011456/zarr/labels_rects
[2025-12-30 21:45:32] [ThreadPoolExecutor-0_0]   Found 111 images to process.
[2025-12-30 21:45:32] [ThreadPoolExecutor-0_0]   Processing image 1/111: CAM_DE_01_20240923153025_predseg_labels.png
[2025-12-30 21:45:34] [ThreadPoolExecutor-0_3]   Processing image 44/116: CAM_DE_01_20240922211826_predseg_labels.png
[2025-12-30 21:45:39] [ThreadPoolExecutor-0_2]   Processing image 9/99: CAM_DE_01_20240924213026_predseg_labels.png
[2025-12-30 21:45:44] [ThreadPoolExecutor-0_0]   Processing image 11/111: CAM_DE_01_20240923144826_predseg_labels.png
[2025-12-30 21:45:48] [ThreadPoolExecutor-0_1]   Processing image 40/81: CAM_DE_01_20241001155426.jpg
[2025-12-30 21:45:50] [ThreadPoolExecutor-0_3]   Processing image 55/116: CAM_DE_01_20240922171826_predseg_labels.png
[2025-12-30 21:45:53] [ThreadPoolExecutor-0_2]   Processing image 18/99: CAM_DE_01_20240924224826_predseg_labels.png
[2025-12-30 21:45:58] [ThreadPoolExecutor-0_0]   Processing image 22/111: CAM_DE_01_20240923135426_predseg_labels.png
[2025-12-30 21:46:07] [ThreadPoolExecutor-0_3]   Processing image 66/116: CAM_DE_01_20240922133026_predseg_labels.png
[2025-12-30 21:46:09] [ThreadPoolExecutor-0_2]   Processing image 27/99: CAM_DE_01_20240924213626_predseg_labels.png
[2025-12-30 21:46:10] [ThreadPoolExecutor-0_1]   Processing image 48/81: CAM_DE_01_20241001153025.jpg
[2025-12-30 21:46:12] [ThreadPoolExecutor-0_0]   Processing image 33/111: CAM_DE_01_20240923211826_predseg_labels.png
[2025-12-30 21:46:42] [ThreadPoolExecutor-0_2]   Processing image 36/99: CAM_DE_01_20240924215425_predseg_labels.png
[2025-12-30 21:47:15] [ThreadPoolExecutor-0_3]   Processing image 77/116: CAM_DE_01_20240922223026_predseg_labels.png
[2025-12-30 21:47:41] [ThreadPoolExecutor-0_0]   Processing image 44/111: CAM_DE_01_20240923230625_predseg_labels.png
[2025-12-30 21:47:50] [ThreadPoolExecutor-0_1]   Processing image 56/81: CAM_DE_01_20241001134226.jpg
[2025-12-30 21:47:55] [ThreadPoolExecutor-0_2]   Processing image 45/99: CAM_DE_01_20240924190626_predseg_labels.png
[2025-12-30 21:47:57] [ThreadPoolExecutor-0_3]   Processing image 88/116: CAM_DE_01_20240922142426_predseg_labels.png
[2025-12-30 21:47:58] [ThreadPoolExecutor-0_0]   Processing image 55/111: CAM_DE_01_20240923220626_predseg_labels.png
[2025-12-30 21:48:07] [ThreadPoolExecutor-0_2]   Processing image 54/99: CAM_DE_01_20240924222426_predseg_labels.png
[2025-12-30 21:48:10] [ThreadPoolExecutor-0_1]   Processing image 64/81: CAM_DE_01_20241001130025.jpg
[2025-12-30 21:48:12] [ThreadPoolExecutor-0_0]   Processing image 66/111: CAM_DE_01_20240923183626_predseg_labels.png
[2025-12-30 21:48:17] [ThreadPoolExecutor-0_2]   Processing image 63/99: CAM_DE_01_20240924163625_predseg_labels.png
[2025-12-30 21:48:17] [ThreadPoolExecutor-0_3]   Processing image 99/116: CAM_DE_01_20240922181225_predseg_labels.png
[2025-12-30 21:48:24] [ThreadPoolExecutor-0_0]   Processing image 77/111: CAM_DE_01_20240923141826_predseg_labels.png
[2025-12-30 21:48:29] [ThreadPoolExecutor-0_2]   Processing image 72/99: CAM_DE_01_20240924181825_predseg_labels.png
[2025-12-30 21:48:33] [ThreadPoolExecutor-0_3]   Processing image 110/116: CAM_DE_01_20240922153626_predseg_labels.png
[2025-12-30 21:48:33] [ThreadPoolExecutor-0_1]   Processing image 72/81: CAM_DE_01_20241001141826.jpg
[2025-12-30 21:48:40] [ThreadPoolExecutor-0_0]   Processing image 88/111: CAM_DE_01_20240923214226_predseg_labels.png
[2025-12-30 21:48:42] [ThreadPoolExecutor-0_2]   Processing image 81/99: CAM_DE_01_20240924203025_predseg_labels.png
[2025-12-30 21:48:42] [ThreadPoolExecutor-0_3]   Processing image 116/116: CAM_DE_01_20240922131826_predseg_labels.png
[2025-12-30 21:48:44] [ThreadPoolExecutor-0_3]   Successfully processed 116 images.
[2025-12-30 21:48:44] [ThreadPoolExecutor-0_3] === Batch Rectification Complete ===
[2025-12-30 21:48:44] [ThreadPoolExecutor-0_3] +++ Successfully processed event DE_01_20240922122000_20240923000949 +++
[2025-12-30 21:48:44] [ThreadPoolExecutor-0_3] --- Processing event: DE_01_20241002084117_20241002202918 ---
[2025-12-30 21:48:44] [ThreadPoolExecutor-0_3] [DE_01_20241002084117_20241002202918] Rectifying images from: orig_images
[2025-12-30 21:48:44] [ThreadPoolExecutor-0_3] 
=== Starting Batch Rectification ===
[2025-12-30 21:48:44] [ThreadPoolExecutor-0_3]   Source folder: /rsstu/users/k/kanarde/NASA-Sunnyverse/rmccune/poseidon/data/down_east/flood_events/DE_01_20241002084117_20241002202918/orig_images
[2025-12-30 21:48:44] [ThreadPoolExecutor-0_3]   Output Zarr store: /rsstu/users/k/kanarde/NASA-Sunnyverse/rmccune/poseidon/data/down_east/flood_events/DE_01_20241002084117_20241002202918/zarr/orig_image_rects
[2025-12-30 21:48:44] [ThreadPoolExecutor-0_3]   Found 103 images to process.
[2025-12-30 21:48:44] [ThreadPoolExecutor-0_3]   Processing image 1/103: CAM_DE_01_20241002181825.jpg
[2025-12-30 21:48:55] [ThreadPoolExecutor-0_2]   Processing image 90/99: CAM_DE_01_20240924151825_predseg_labels.png
[2025-12-30 21:48:57] [ThreadPoolExecutor-0_1]   Processing image 80/81: CAM_DE_01_20241001161225.jpg
[2025-12-30 21:48:59] [ThreadPoolExecutor-0_0]   Processing image 99/111: CAM_DE_01_20240923232808_predseg_labels.png
[2025-12-30 21:48:59] [ThreadPoolExecutor-0_1]   Processing image 81/81: CAM_DE_01_20241001143025.jpg
[2025-12-30 21:49:02] [ThreadPoolExecutor-0_1]   Successfully processed 81 images.
[2025-12-30 21:49:02] [ThreadPoolExecutor-0_1] === Batch Rectification Complete ===
[2025-12-30 21:49:02] [ThreadPoolExecutor-0_1] [DE_01_20241001085917_20241001182918] Rectifying labels from: labels
[2025-12-30 21:49:02] [ThreadPoolExecutor-0_1] 
=== Starting Batch Rectification ===
[2025-12-30 21:49:02] [ThreadPoolExecutor-0_1]   Source folder: /rsstu/users/k/kanarde/NASA-Sunnyverse/rmccune/poseidon/data/down_east/flood_events/DE_01_20241001085917_20241001182918/labels
[2025-12-30 21:49:02] [ThreadPoolExecutor-0_1]   Output Zarr store: /rsstu/users/k/kanarde/NASA-Sunnyverse/rmccune/poseidon/data/down_east/flood_events/DE_01_20241001085917_20241001182918/zarr/labels_rects
[2025-12-30 21:49:02] [ThreadPoolExecutor-0_1]   Found 81 images to process.
[2025-12-30 21:49:02] [ThreadPoolExecutor-0_1]   Processing image 1/81: CAM_DE_01_20241001113626_predseg_labels.png
[2025-12-30 21:49:07] [ThreadPoolExecutor-0_3]   Processing image 10/103: CAM_DE_01_20241002120025.jpg
[2025-12-30 21:49:07] [ThreadPoolExecutor-0_2]   Processing image 99/99: CAM_DE_01_20240924231607_predseg_labels.png
[2025-12-30 21:49:09] [ThreadPoolExecutor-0_2]   Successfully processed 99 images.
[2025-12-30 21:49:09] [ThreadPoolExecutor-0_2] === Batch Rectification Complete ===
[2025-12-30 21:49:09] [ThreadPoolExecutor-0_2] +++ Successfully processed event DE_01_20240924134030_20240925014726 +++
[2025-12-30 21:49:09] [ThreadPoolExecutor-0_2] --- Processing event: DE_01_20241003082917_20241003213518 ---
[2025-12-30 21:49:09] [ThreadPoolExecutor-0_2] [DE_01_20241003082917_20241003213518] Rectifying images from: orig_images
[2025-12-30 21:49:09] [ThreadPoolExecutor-0_2] 
=== Starting Batch Rectification ===
[2025-12-30 21:49:09] [ThreadPoolExecutor-0_2]   Source folder: /rsstu/users/k/kanarde/NASA-Sunnyverse/rmccune/poseidon/data/down_east/flood_events/DE_01_20241003082917_20241003213518/orig_images
[2025-12-30 21:49:09] [ThreadPoolExecutor-0_2]   Output Zarr store: /rsstu/users/k/kanarde/NASA-Sunnyverse/rmccune/poseidon/data/down_east/flood_events/DE_01_20241003082917_20241003213518/zarr/orig_image_rects
[2025-12-30 21:49:09] [ThreadPoolExecutor-0_2]   Found 114 images to process.
[2025-12-30 21:49:09] [ThreadPoolExecutor-0_2]   Processing image 1/114: CAM_DE_01_20241003170626.jpg
[2025-12-30 21:49:14] [ThreadPoolExecutor-0_1]   Processing image 8/81: CAM_DE_01_20241001140626_predseg_labels.png
[2025-12-30 21:49:14] [ThreadPoolExecutor-0_0]   Processing image 110/111: CAM_DE_01_20240923191225_predseg_labels.png
[2025-12-30 21:49:15] [ThreadPoolExecutor-0_0]   Processing image 111/111: CAM_DE_01_20240923210025_predseg_labels.png
[2025-12-30 21:49:17] [ThreadPoolExecutor-0_0]   Successfully processed 111 images.
[2025-12-30 21:49:17] [ThreadPoolExecutor-0_0] === Batch Rectification Complete ===
[2025-12-30 21:49:17] [ThreadPoolExecutor-0_0] +++ Successfully processed event DE_01_20240923124448_20240924011456 +++
[2025-12-30 21:49:17] [ThreadPoolExecutor-0_0] --- Processing event: DE_01_20241004094717_20241004212352 ---
[2025-12-30 21:49:17] [ThreadPoolExecutor-0_0] [DE_01_20241004094717_20241004212352] Rectifying images from: orig_images
[2025-12-30 21:49:17] [ThreadPoolExecutor-0_0] 
=== Starting Batch Rectification ===
[2025-12-30 21:49:17] [ThreadPoolExecutor-0_0]   Source folder: /rsstu/users/k/kanarde/NASA-Sunnyverse/rmccune/poseidon/data/down_east/flood_events/DE_01_20241004094717_20241004212352/orig_images
[2025-12-30 21:49:17] [ThreadPoolExecutor-0_0]   Output Zarr store: /rsstu/users/k/kanarde/NASA-Sunnyverse/rmccune/poseidon/data/down_east/flood_events/DE_01_20241004094717_20241004212352/zarr/orig_image_rects
[2025-12-30 21:49:17] [ThreadPoolExecutor-0_0]   Found 113 images to process.
[2025-12-30 21:49:17] [ThreadPoolExecutor-0_0]   Processing image 1/113: CAM_DE_01_20241004184225.jpg
[2025-12-30 21:49:24] [ThreadPoolExecutor-0_1]   Processing image 16/81: CAM_DE_01_20241001134826_predseg_labels.png
[2025-12-30 21:49:33] [ThreadPoolExecutor-0_3]   Processing image 20/103: CAM_DE_01_20241002104607.jpg
[2025-12-30 21:49:35] [ThreadPoolExecutor-0_1]   Processing image 24/81: CAM_DE_01_20241001133026_predseg_labels.png
[2025-12-30 21:49:39] [ThreadPoolExecutor-0_2]   Processing image 11/114: CAM_DE_01_20241003103412.jpg
[2025-12-30 21:49:45] [ThreadPoolExecutor-0_1]   Processing image 32/81: CAM_DE_01_20241001105805_predseg_labels.png
[2025-12-30 21:49:50] [ThreadPoolExecutor-0_0]   Processing image 11/113: CAM_DE_01_20241004190626.jpg
[2025-12-30 21:50:01] [ThreadPoolExecutor-0_1]   Processing image 40/81: CAM_DE_01_20241001161225_predseg_labels.png
[2025-12-30 21:50:05] [ThreadPoolExecutor-0_3]   Processing image 30/103: CAM_DE_01_20241002134826.jpg
[2025-12-30 21:50:14] [ThreadPoolExecutor-0_1]   Processing image 48/81: CAM_DE_01_20241001141826_predseg_labels.png
[2025-12-30 21:50:15] [ThreadPoolExecutor-0_2]   Processing image 22/114: CAM_DE_01_20241003205426.jpg
[2025-12-30 21:50:24] [ThreadPoolExecutor-0_0]   Processing image 22/113: CAM_DE_01_20241004204826.jpg
[2025-12-30 21:50:29] [ThreadPoolExecutor-0_1]   Processing image 56/81: CAM_DE_01_20241001130025_predseg_labels.png
[2025-12-30 21:50:40] [ThreadPoolExecutor-0_1]   Processing image 64/81: CAM_DE_01_20241001123625_predseg_labels.png
[2025-12-30 21:50:45] [ThreadPoolExecutor-0_3]   Processing image 40/103: CAM_DE_01_20241002143026.jpg
[2025-12-30 21:51:56] [ThreadPoolExecutor-0_2]   Processing image 33/114: CAM_DE_01_20241003113026.jpg
[2025-12-30 21:51:58] [ThreadPoolExecutor-0_1]   Processing image 72/81: CAM_DE_01_20241001163626_predseg_labels.png
[2025-12-30 21:52:08] [ThreadPoolExecutor-0_0]   Processing image 33/113: CAM_DE_01_20241004181225.jpg
[2025-12-30 21:52:11] [ThreadPoolExecutor-0_1]   Processing image 80/81: CAM_DE_01_20241001144826_predseg_labels.png
[2025-12-30 21:52:14] [ThreadPoolExecutor-0_1]   Processing image 81/81: CAM_DE_01_20241001121825_predseg_labels.png
[2025-12-30 21:52:15] [ThreadPoolExecutor-0_1]   Successfully processed 81 images.
[2025-12-30 21:52:15] [ThreadPoolExecutor-0_1] === Batch Rectification Complete ===
[2025-12-30 21:52:15] [ThreadPoolExecutor-0_1] +++ Successfully processed event DE_01_20241001085917_20241001182918 +++
[2025-12-30 21:52:15] [ThreadPoolExecutor-0_1] --- Processing event: DE_01_20241005104804_20241005211801 ---
[2025-12-30 21:52:15] [ThreadPoolExecutor-0_1] [DE_01_20241005104804_20241005211801] Rectifying images from: orig_images
[2025-12-30 21:52:15] [ThreadPoolExecutor-0_1] 
=== Starting Batch Rectification ===
[2025-12-30 21:52:15] [ThreadPoolExecutor-0_1]   Source folder: /rsstu/users/k/kanarde/NASA-Sunnyverse/rmccune/poseidon/data/down_east/flood_events/DE_01_20241005104804_20241005211801/orig_images
[2025-12-30 21:52:15] [ThreadPoolExecutor-0_1]   Output Zarr store: /rsstu/users/k/kanarde/NASA-Sunnyverse/rmccune/poseidon/data/down_east/flood_events/DE_01_20241005104804_20241005211801/zarr/orig_image_rects
[2025-12-30 21:52:15] [ThreadPoolExecutor-0_1]   Found 105 images to process.
[2025-12-30 21:52:15] [ThreadPoolExecutor-0_1]   Processing image 1/105: CAM_DE_01_20241005132426.jpg
[2025-12-30 21:52:24] [ThreadPoolExecutor-0_3]   Processing image 50/103: CAM_DE_01_20241002154826.jpg
[2025-12-30 21:52:37] [ThreadPoolExecutor-0_2]   Processing image 44/114: CAM_DE_01_20241003211226.jpg
[2025-12-30 21:52:47] [ThreadPoolExecutor-0_1]   Processing image 10/105: CAM_DE_01_20241005124226.jpg
[2025-12-30 21:52:48] [ThreadPoolExecutor-0_0]   Processing image 44/113: CAM_DE_01_20241004154825.jpg
[2025-12-30 21:52:59] [ThreadPoolExecutor-0_3]   Processing image 60/103: CAM_DE_01_20241002123026.jpg
[2025-12-30 21:53:22] [ThreadPoolExecutor-0_1]   Processing image 20/105: CAM_DE_01_20241005144225.jpg
[2025-12-30 21:53:25] [ThreadPoolExecutor-0_2]   Processing image 55/114: CAM_DE_01_20241003173626.jpg
[2025-12-30 21:53:34] [ThreadPoolExecutor-0_0]   Processing image 55/113: CAM_DE_01_20241004131225.jpg
[2025-12-30 21:53:42] [ThreadPoolExecutor-0_3]   Processing image 70/103: CAM_DE_01_20241002180025.jpg
[2025-12-30 21:54:03] [ThreadPoolExecutor-0_1]   Processing image 30/105: CAM_DE_01_20241005170026.jpg
[2025-12-30 21:54:12] [ThreadPoolExecutor-0_2]   Processing image 66/114: CAM_DE_01_20241003163026.jpg
[2025-12-30 21:54:16] [ThreadPoolExecutor-0_0]   Processing image 66/113: CAM_DE_01_20241004163625.jpg
[2025-12-30 21:54:24] [ThreadPoolExecutor-0_3]   Processing image 80/103: CAM_DE_01_20241002161226.jpg
[2025-12-30 21:54:49] [ThreadPoolExecutor-0_1]   Processing image 40/105: CAM_DE_01_20241005161826.jpg
[2025-12-30 21:54:58] [ThreadPoolExecutor-0_0]   Processing image 77/113: CAM_DE_01_20241004183625.jpg
[2025-12-30 21:54:58] [ThreadPoolExecutor-0_2]   Processing image 77/114: CAM_DE_01_20241003121826.jpg
[2025-12-30 21:55:08] [ThreadPoolExecutor-0_3]   Processing image 90/103: CAM_DE_01_20241002140026.jpg
[2025-12-30 21:56:21] [ThreadPoolExecutor-0_1]   Processing image 50/105: CAM_DE_01_20241005111225.jpg
[2025-12-30 21:56:35] [ThreadPoolExecutor-0_0]   Processing image 88/113: CAM_DE_01_20241004115426.jpg
[2025-12-30 21:56:48] [ThreadPoolExecutor-0_3]   Processing image 100/103: CAM_DE_01_20241002101112.jpg
[2025-12-30 21:56:48] [ThreadPoolExecutor-0_2]   Processing image 88/114: CAM_DE_01_20241003124226.jpg
[2025-12-30 21:57:01] [ThreadPoolExecutor-0_3]   Processing image 103/103: CAM_DE_01_20241002182426.jpg
[2025-12-30 21:57:05] [ThreadPoolExecutor-0_3]   Successfully processed 103 images.
[2025-12-30 21:57:05] [ThreadPoolExecutor-0_3] === Batch Rectification Complete ===
[2025-12-30 21:57:05] [ThreadPoolExecutor-0_3] [DE_01_20241002084117_20241002202918] Rectifying labels from: labels
[2025-12-30 21:57:05] [ThreadPoolExecutor-0_3] 
=== Starting Batch Rectification ===
[2025-12-30 21:57:05] [ThreadPoolExecutor-0_3]   Source folder: /rsstu/users/k/kanarde/NASA-Sunnyverse/rmccune/poseidon/data/down_east/flood_events/DE_01_20241002084117_20241002202918/labels
[2025-12-30 21:57:05] [ThreadPoolExecutor-0_3]   Output Zarr store: /rsstu/users/k/kanarde/NASA-Sunnyverse/rmccune/poseidon/data/down_east/flood_events/DE_01_20241002084117_20241002202918/zarr/labels_rects
[2025-12-30 21:57:05] [ThreadPoolExecutor-0_3]   Found 103 images to process.
[2025-12-30 21:57:05] [ThreadPoolExecutor-0_3]   Processing image 1/103: CAM_DE_01_20241002114225_predseg_labels.png
[2025-12-30 21:57:13] [ThreadPoolExecutor-0_1]   Processing image 60/105: CAM_DE_01_20241005193626.jpg
[2025-12-30 21:57:20] [ThreadPoolExecutor-0_3]   Processing image 10/103: CAM_DE_01_20241002200025_predseg_labels.png
[2025-12-30 21:57:20] [ThreadPoolExecutor-0_0]   Processing image 99/113: CAM_DE_01_20241004135425.jpg
[2025-12-30 21:58:11] [ThreadPoolExecutor-0_2]   Processing image 99/114: CAM_DE_01_20241003202425.jpg
[2025-12-30 21:58:18] [ThreadPoolExecutor-0_3]   Processing image 20/103: CAM_DE_01_20241002105206_predseg_labels.png
[2025-12-30 21:59:23] [ThreadPoolExecutor-0_2]   Processing image 110/114: CAM_DE_01_20241003143625.jpg
[2025-12-30 21:59:24] [ThreadPoolExecutor-0_3]   Processing image 30/103: CAM_DE_01_20241002155426_predseg_labels.png
[2025-12-30 21:59:27] [ThreadPoolExecutor-0_1]   Processing image 70/105: CAM_DE_01_20241005121225.jpg
[2025-12-30 21:59:32] [ThreadPoolExecutor-0_2]   Processing image 114/114: CAM_DE_01_20241003111225.jpg
[2025-12-30 21:59:35] [ThreadPoolExecutor-0_2]   Successfully processed 114 images.
[2025-12-30 21:59:35] [ThreadPoolExecutor-0_2] === Batch Rectification Complete ===
[2025-12-30 21:59:35] [ThreadPoolExecutor-0_2] [DE_01_20241003082917_20241003213518] Rectifying labels from: labels
[2025-12-30 21:59:35] [ThreadPoolExecutor-0_2] 
=== Starting Batch Rectification ===
[2025-12-30 21:59:35] [ThreadPoolExecutor-0_2]   Source folder: /rsstu/users/k/kanarde/NASA-Sunnyverse/rmccune/poseidon/data/down_east/flood_events/DE_01_20241003082917_20241003213518/labels
[2025-12-30 21:59:35] [ThreadPoolExecutor-0_2]   Output Zarr store: /rsstu/users/k/kanarde/NASA-Sunnyverse/rmccune/poseidon/data/down_east/flood_events/DE_01_20241003082917_20241003213518/zarr/labels_rects
[2025-12-30 21:59:35] [ThreadPoolExecutor-0_0]   Processing image 110/113: CAM_DE_01_20241004103414.jpg
[2025-12-30 21:59:35] [ThreadPoolExecutor-0_2]   Found 114 images to process.
[2025-12-30 21:59:35] [ThreadPoolExecutor-0_2]   Processing image 1/114: CAM_DE_01_20241003120026_predseg_labels.png
[2025-12-30 21:59:37] [ThreadPoolExecutor-0_3]   Processing image 40/103: CAM_DE_01_20241002154826_predseg_labels.png
[2025-12-30 21:59:42] [ThreadPoolExecutor-0_0]   Processing image 113/113: CAM_DE_01_20241004133626.jpg
[2025-12-30 21:59:44] [ThreadPoolExecutor-0_0]   Successfully processed 113 images.
[2025-12-30 21:59:44] [ThreadPoolExecutor-0_0] === Batch Rectification Complete ===
[2025-12-30 21:59:44] [ThreadPoolExecutor-0_0] [DE_01_20241004094717_20241004212352] Rectifying labels from: labels
[2025-12-30 21:59:44] [ThreadPoolExecutor-0_0] 
=== Starting Batch Rectification ===
[2025-12-30 21:59:44] [ThreadPoolExecutor-0_0]   Source folder: /rsstu/users/k/kanarde/NASA-Sunnyverse/rmccune/poseidon/data/down_east/flood_events/DE_01_20241004094717_20241004212352/labels
[2025-12-30 21:59:44] [ThreadPoolExecutor-0_0]   Output Zarr store: /rsstu/users/k/kanarde/NASA-Sunnyverse/rmccune/poseidon/data/down_east/flood_events/DE_01_20241004094717_20241004212352/zarr/labels_rects
[2025-12-30 21:59:44] [ThreadPoolExecutor-0_0]   Found 113 images to process.
[2025-12-30 21:59:44] [ThreadPoolExecutor-0_0]   Processing image 1/113: CAM_DE_01_20241004205426_predseg_labels.png
[2025-12-30 21:59:48] [ThreadPoolExecutor-0_2]   Processing image 11/114: CAM_DE_01_20241003144225_predseg_labels.png
[2025-12-30 21:59:49] [ThreadPoolExecutor-0_3]   Processing image 50/103: CAM_DE_01_20241002121825_predseg_labels.png
[2025-12-30 21:59:50] [ThreadPoolExecutor-0_1]   Processing image 80/105: CAM_DE_01_20241005192426.jpg
[2025-12-30 21:59:58] [ThreadPoolExecutor-0_0]   Processing image 11/113: CAM_DE_01_20241004142426_predseg_labels.png
[2025-12-30 22:00:03] [ThreadPoolExecutor-0_3]   Processing image 60/103: CAM_DE_01_20241002202426_predseg_labels.png
[2025-12-30 22:00:03] [ThreadPoolExecutor-0_2]   Processing image 22/114: CAM_DE_01_20241003170026_predseg_labels.png
[2025-12-30 22:00:09] [ThreadPoolExecutor-0_1]   Processing image 90/105: CAM_DE_01_20241005151225.jpg
[2025-12-30 22:00:15] [ThreadPoolExecutor-0_0]   Processing image 22/113: CAM_DE_01_20241004151225_predseg_labels.png
[2025-12-30 22:00:17] [ThreadPoolExecutor-0_3]   Processing image 70/103: CAM_DE_01_20241002191226_predseg_labels.png
[2025-12-30 22:00:18] [ThreadPoolExecutor-0_2]   Processing image 33/114: CAM_DE_01_20241003141226_predseg_labels.png
[2025-12-30 22:00:24] [ThreadPoolExecutor-0_1]   Processing image 100/105: CAM_DE_01_20241005165425.jpg
[2025-12-30 22:00:29] [ThreadPoolExecutor-0_0]   Processing image 33/113: CAM_DE_01_20241004111825_predseg_labels.png
[2025-12-30 22:00:30] [ThreadPoolExecutor-0_3]   Processing image 80/103: CAM_DE_01_20241002152425_predseg_labels.png
[2025-12-30 22:00:33] [ThreadPoolExecutor-0_2]   Processing image 44/114: CAM_DE_01_20241003171826_predseg_labels.png
[2025-12-30 22:00:33] [ThreadPoolExecutor-0_1]   Processing image 105/105: CAM_DE_01_20241005173026.jpg
[2025-12-30 22:00:36] [ThreadPoolExecutor-0_1]   Successfully processed 105 images.
[2025-12-30 22:00:36] [ThreadPoolExecutor-0_1] === Batch Rectification Complete ===
[2025-12-30 22:00:36] [ThreadPoolExecutor-0_1] [DE_01_20241005104804_20241005211801] Rectifying labels from: labels
[2025-12-30 22:00:36] [ThreadPoolExecutor-0_1] 
=== Starting Batch Rectification ===
[2025-12-30 22:00:36] [ThreadPoolExecutor-0_1]   Source folder: /rsstu/users/k/kanarde/NASA-Sunnyverse/rmccune/poseidon/data/down_east/flood_events/DE_01_20241005104804_20241005211801/labels
[2025-12-30 22:00:36] [ThreadPoolExecutor-0_1]   Output Zarr store: /rsstu/users/k/kanarde/NASA-Sunnyverse/rmccune/poseidon/data/down_east/flood_events/DE_01_20241005104804_20241005211801/zarr/labels_rects
[2025-12-30 22:00:36] [ThreadPoolExecutor-0_1]   Found 105 images to process.
[2025-12-30 22:00:36] [ThreadPoolExecutor-0_1]   Processing image 1/105: CAM_DE_01_20241005153626_predseg_labels.png
[2025-12-30 22:00:44] [ThreadPoolExecutor-0_3]   Processing image 90/103: CAM_DE_01_20241002104607_predseg_labels.png
[2025-12-30 22:00:44] [ThreadPoolExecutor-0_0]   Processing image 44/113: CAM_DE_01_20241004184225_predseg_labels.png
[2025-12-30 22:00:47] [ThreadPoolExecutor-0_1]   Processing image 10/105: CAM_DE_01_20241005110626_predseg_labels.png
[2025-12-30 22:00:47] [ThreadPoolExecutor-0_2]   Processing image 55/114: CAM_DE_01_20241003155426_predseg_labels.png
[2025-12-30 22:00:54] [ThreadPoolExecutor-0_3]   Processing image 100/103: CAM_DE_01_20241002143026_predseg_labels.png
[2025-12-30 22:00:55] [ThreadPoolExecutor-0_0]   Processing image 55/113: CAM_DE_01_20241004110626_predseg_labels.png
[2025-12-30 22:00:57] [ThreadPoolExecutor-0_1]   Processing image 20/105: CAM_DE_01_20241005200625_predseg_labels.png
[2025-12-30 22:00:57] [ThreadPoolExecutor-0_3]   Processing image 103/103: CAM_DE_01_20241002134826_predseg_labels.png
[2025-12-30 22:00:58] [ThreadPoolExecutor-0_2]   Processing image 66/114: CAM_DE_01_20241003111826_predseg_labels.png
[2025-12-30 22:00:58] [ThreadPoolExecutor-0_3]   Successfully processed 103 images.
[2025-12-30 22:00:58] [ThreadPoolExecutor-0_3] === Batch Rectification Complete ===
[2025-12-30 22:00:58] [ThreadPoolExecutor-0_3] +++ Successfully processed event DE_01_20241002084117_20241002202918 +++
[2025-12-30 22:00:58] [ThreadPoolExecutor-0_3] --- Processing event: DE_01_20241006113119_20241006221319 ---
[2025-12-30 22:00:58] [ThreadPoolExecutor-0_3] [DE_01_20241006113119_20241006221319] Rectifying images from: orig_images
[2025-12-30 22:00:58] [ThreadPoolExecutor-0_3] 
=== Starting Batch Rectification ===
[2025-12-30 22:00:58] [ThreadPoolExecutor-0_3]   Source folder: /rsstu/users/k/kanarde/NASA-Sunnyverse/rmccune/poseidon/data/down_east/flood_events/DE_01_20241006113119_20241006221319/orig_images
[2025-12-30 22:00:58] [ThreadPoolExecutor-0_3]   Output Zarr store: /rsstu/users/k/kanarde/NASA-Sunnyverse/rmccune/poseidon/data/down_east/flood_events/DE_01_20241006113119_20241006221319/zarr/orig_image_rects
[2025-12-30 22:00:58] [ThreadPoolExecutor-0_3]   Found 106 images to process.
[2025-12-30 22:00:58] [ThreadPoolExecutor-0_3]   Processing image 1/106: CAM_DE_01_20241006220628.jpg
[2025-12-30 22:01:08] [ThreadPoolExecutor-0_0]   Processing image 66/113: CAM_DE_01_20241004210026_predseg_labels.png
[2025-12-30 22:01:10] [ThreadPoolExecutor-0_1]   Processing image 30/105: CAM_DE_01_20241005170626_predseg_labels.png
[2025-12-30 22:01:11] [ThreadPoolExecutor-0_3]   Processing image 10/106: CAM_DE_01_20241006210035.jpg
[2025-12-30 22:01:13] [ThreadPoolExecutor-0_2]   Processing image 77/114: CAM_DE_01_20241003100509_predseg_labels.png
[2025-12-30 22:01:22] [ThreadPoolExecutor-0_1]   Processing image 40/105: CAM_DE_01_20241005123626_predseg_labels.png
[2025-12-30 22:01:22] [ThreadPoolExecutor-0_0]   Processing image 77/113: CAM_DE_01_20241004121226_predseg_labels.png
[2025-12-30 22:01:26] [ThreadPoolExecutor-0_2]   Processing image 88/114: CAM_DE_01_20241003181825_predseg_labels.png
[2025-12-30 22:01:27] [ThreadPoolExecutor-0_3]   Processing image 20/106: CAM_DE_01_20241006190026.jpg
[2025-12-30 22:01:33] [ThreadPoolExecutor-0_1]   Processing image 50/105: CAM_DE_01_20241005112426_predseg_labels.png
[2025-12-30 22:01:34] [ThreadPoolExecutor-0_0]   Processing image 88/113: CAM_DE_01_20241004174226_predseg_labels.png
[2025-12-30 22:01:37] [ThreadPoolExecutor-0_2]   Processing image 99/114: CAM_DE_01_20241003154225_predseg_labels.png
[2025-12-30 22:01:42] [ThreadPoolExecutor-0_3]   Processing image 30/106: CAM_DE_01_20241006113625.jpg
[2025-12-30 22:01:45] [ThreadPoolExecutor-0_1]   Processing image 60/105: CAM_DE_01_20241005131226_predseg_labels.png
[2025-12-30 22:01:47] [ThreadPoolExecutor-0_0]   Processing image 99/113: CAM_DE_01_20241004124826_predseg_labels.png
[2025-12-30 22:01:49] [ThreadPoolExecutor-0_2]   Processing image 110/114: CAM_DE_01_20241003123626_predseg_labels.png
[2025-12-30 22:01:54] [ThreadPoolExecutor-0_2]   Processing image 114/114: CAM_DE_01_20241003134225_predseg_labels.png
[2025-12-30 22:01:55] [ThreadPoolExecutor-0_3]   Processing image 40/106: CAM_DE_01_20241006144825.jpg
[2025-12-30 22:01:55] [ThreadPoolExecutor-0_1]   Processing image 70/105: CAM_DE_01_20241005110405_predseg_labels.png
[2025-12-30 22:01:55] [ThreadPoolExecutor-0_2]   Successfully processed 114 images.
[2025-12-30 22:01:55] [ThreadPoolExecutor-0_2] === Batch Rectification Complete ===
[2025-12-30 22:01:55] [ThreadPoolExecutor-0_2] +++ Successfully processed event DE_01_20241003082917_20241003213518 +++
[2025-12-30 22:01:55] [ThreadPoolExecutor-0_2] --- Processing event: DE_01_20241007123528_20241007222928 ---
[2025-12-30 22:01:55] [ThreadPoolExecutor-0_2] [DE_01_20241007123528_20241007222928] Rectifying images from: orig_images
[2025-12-30 22:01:55] [ThreadPoolExecutor-0_2] 
=== Starting Batch Rectification ===
[2025-12-30 22:01:55] [ThreadPoolExecutor-0_2]   Source folder: /rsstu/users/k/kanarde/NASA-Sunnyverse/rmccune/poseidon/data/down_east/flood_events/DE_01_20241007123528_20241007222928/orig_images
[2025-12-30 22:01:55] [ThreadPoolExecutor-0_2]   Output Zarr store: /rsstu/users/k/kanarde/NASA-Sunnyverse/rmccune/poseidon/data/down_east/flood_events/DE_01_20241007123528_20241007222928/zarr/orig_image_rects
[2025-12-30 22:01:55] [ThreadPoolExecutor-0_2]   Found 99 images to process.
[2025-12-30 22:01:55] [ThreadPoolExecutor-0_2]   Processing image 1/99: CAM_DE_01_20241007153026.jpg
[2025-12-30 22:01:59] [ThreadPoolExecutor-0_0]   Processing image 110/113: CAM_DE_01_20241004134825_predseg_labels.png
[2025-12-30 22:02:03] [ThreadPoolExecutor-0_0]   Processing image 113/113: CAM_DE_01_20241004163026_predseg_labels.png
[2025-12-30 22:02:03] [ThreadPoolExecutor-0_0]   Successfully processed 113 images.
[2025-12-30 22:02:03] [ThreadPoolExecutor-0_0] === Batch Rectification Complete ===
[2025-12-30 22:02:03] [ThreadPoolExecutor-0_0] +++ Successfully processed event DE_01_20241004094717_20241004212352 +++
[2025-12-30 22:02:03] [ThreadPoolExecutor-0_0] --- Processing event: DE_01_20241008130038_20241009001238 ---
[2025-12-30 22:02:03] [ThreadPoolExecutor-0_0] [DE_01_20241008130038_20241009001238] Rectifying images from: orig_images
[2025-12-30 22:02:03] [ThreadPoolExecutor-0_0] 
=== Starting Batch Rectification ===
[2025-12-30 22:02:03] [ThreadPoolExecutor-0_0]   Source folder: /rsstu/users/k/kanarde/NASA-Sunnyverse/rmccune/poseidon/data/down_east/flood_events/DE_01_20241008130038_20241009001238/orig_images
[2025-12-30 22:02:03] [ThreadPoolExecutor-0_0]   Output Zarr store: /rsstu/users/k/kanarde/NASA-Sunnyverse/rmccune/poseidon/data/down_east/flood_events/DE_01_20241008130038_20241009001238/zarr/orig_image_rects
[2025-12-30 22:02:03] [ThreadPoolExecutor-0_0]   Found 106 images to process.
[2025-12-30 22:02:03] [ThreadPoolExecutor-0_0]   Processing image 1/106: CAM_DE_01_20241008133026.jpg
[2025-12-30 22:02:07] [ThreadPoolExecutor-0_1]   Processing image 80/105: CAM_DE_01_20241005192426_predseg_labels.png
[2025-12-30 22:02:13] [ThreadPoolExecutor-0_2]   Processing image 9/99: CAM_DE_01_20241007164826.jpg
[2025-12-30 22:02:17] [ThreadPoolExecutor-0_3]   Processing image 50/106: CAM_DE_01_20241006143026.jpg
[2025-12-30 22:02:18] [ThreadPoolExecutor-0_1]   Processing image 90/105: CAM_DE_01_20241005174225_predseg_labels.png
[2025-12-30 22:02:22] [ThreadPoolExecutor-0_0]   Processing image 10/106: CAM_DE_01_20241008210026.jpg
[2025-12-30 22:02:29] [ThreadPoolExecutor-0_1]   Processing image 100/105: CAM_DE_01_20241005121225_predseg_labels.png
[2025-12-30 22:02:31] [ThreadPoolExecutor-0_2]   Processing image 18/99: CAM_DE_01_20241007124826.jpg
[2025-12-30 22:02:34] [ThreadPoolExecutor-0_1]   Processing image 105/105: CAM_DE_01_20241005201225_predseg_labels.png
[2025-12-30 22:02:36] [ThreadPoolExecutor-0_1]   Successfully processed 105 images.
[2025-12-30 22:02:36] [ThreadPoolExecutor-0_1] === Batch Rectification Complete ===
[2025-12-30 22:02:36] [ThreadPoolExecutor-0_1] +++ Successfully processed event DE_01_20241005104804_20241005211801 +++
[2025-12-30 22:02:36] [ThreadPoolExecutor-0_1] --- Processing event: DE_01_20241009130147_20241010005547 ---
[2025-12-30 22:02:36] [ThreadPoolExecutor-0_1] [DE_01_20241009130147_20241010005547] Rectifying images from: orig_images
[2025-12-30 22:02:36] [ThreadPoolExecutor-0_1] 
=== Starting Batch Rectification ===
[2025-12-30 22:02:36] [ThreadPoolExecutor-0_1]   Source folder: /rsstu/users/k/kanarde/NASA-Sunnyverse/rmccune/poseidon/data/down_east/flood_events/DE_01_20241009130147_20241010005547/orig_images
[2025-12-30 22:02:36] [ThreadPoolExecutor-0_1]   Output Zarr store: /rsstu/users/k/kanarde/NASA-Sunnyverse/rmccune/poseidon/data/down_east/flood_events/DE_01_20241009130147_20241010005547/zarr/orig_image_rects
[2025-12-30 22:02:36] [ThreadPoolExecutor-0_1]   Found 107 images to process.
[2025-12-30 22:02:36] [ThreadPoolExecutor-0_1]   Processing image 1/107: CAM_DE_01_20241009200626.jpg
[2025-12-30 22:02:39] [ThreadPoolExecutor-0_3]   Processing image 60/106: CAM_DE_01_20241006133025.jpg
[2025-12-30 22:02:45] [ThreadPoolExecutor-0_0]   Processing image 20/106: CAM_DE_01_20241008152426.jpg
[2025-12-30 22:02:52] [ThreadPoolExecutor-0_2]   Processing image 27/99: CAM_DE_01_20241007201225.jpg
[2025-12-30 22:02:54] [ThreadPoolExecutor-0_1]   Processing image 10/107: CAM_DE_01_20241009202426.jpg
[2025-12-30 22:03:00] [ThreadPoolExecutor-0_3]   Processing image 70/106: CAM_DE_01_20241006201829.jpg
[2025-12-30 22:03:07] [ThreadPoolExecutor-0_0]   Processing image 30/106: CAM_DE_01_20241008184225.jpg
[2025-12-30 22:03:13] [ThreadPoolExecutor-0_2]   Processing image 36/99: CAM_DE_01_20241007160026.jpg
[2025-12-30 22:03:18] [ThreadPoolExecutor-0_1]   Processing image 20/107: CAM_DE_01_20241009234701.jpg
[2025-12-30 22:03:25] [ThreadPoolExecutor-0_3]   Processing image 80/106: CAM_DE_01_20241006121225.jpg
[2025-12-30 22:03:32] [ThreadPoolExecutor-0_0]   Processing image 40/106: CAM_DE_01_20241008170626.jpg
[2025-12-30 22:03:33] [ThreadPoolExecutor-0_2]   Processing image 45/99: CAM_DE_01_20241007170625.jpg
[2025-12-30 22:03:39] [ThreadPoolExecutor-0_1]   Processing image 30/107: CAM_DE_01_20241009190626.jpg
[2025-12-30 22:03:46] [ThreadPoolExecutor-0_3]   Processing image 90/106: CAM_DE_01_20241006211835.jpg
[2025-12-30 22:03:52] [ThreadPoolExecutor-0_0]   Processing image 50/106: CAM_DE_01_20241008225206.jpg
[2025-12-30 22:03:52] [ThreadPoolExecutor-0_2]   Processing image 54/99: CAM_DE_01_20241007155425.jpg
[2025-12-30 22:04:00] [ThreadPoolExecutor-0_1]   Processing image 40/107: CAM_DE_01_20241009173625.jpg
[2025-12-30 22:04:05] [ThreadPoolExecutor-0_3]   Processing image 100/106: CAM_DE_01_20241006211236.jpg
[2025-12-30 22:04:10] [ThreadPoolExecutor-0_2]   Processing image 63/99: CAM_DE_01_20241007150626.jpg
[2025-12-30 22:04:13] [ThreadPoolExecutor-0_0]   Processing image 60/106: CAM_DE_01_20241008164226.jpg
[2025-12-30 22:04:20] [ThreadPoolExecutor-0_3]   Processing image 106/106: CAM_DE_01_20241006194225.jpg
[2025-12-30 22:04:23] [ThreadPoolExecutor-0_3]   Successfully processed 106 images.
[2025-12-30 22:04:23] [ThreadPoolExecutor-0_3] === Batch Rectification Complete ===
[2025-12-30 22:04:23] [ThreadPoolExecutor-0_3] [DE_01_20241006113119_20241006221319] Rectifying labels from: labels
[2025-12-30 22:04:23] [ThreadPoolExecutor-0_3] 
=== Starting Batch Rectification ===
[2025-12-30 22:04:23] [ThreadPoolExecutor-0_3]   Source folder: /rsstu/users/k/kanarde/NASA-Sunnyverse/rmccune/poseidon/data/down_east/flood_events/DE_01_20241006113119_20241006221319/labels
[2025-12-30 22:04:23] [ThreadPoolExecutor-0_3]   Output Zarr store: /rsstu/users/k/kanarde/NASA-Sunnyverse/rmccune/poseidon/data/down_east/flood_events/DE_01_20241006113119_20241006221319/zarr/labels_rects
[2025-12-30 22:04:23] [ThreadPoolExecutor-0_1]   Processing image 50/107: CAM_DE_01_20241009182426.jpg
[2025-12-30 22:04:23] [ThreadPoolExecutor-0_3]   Found 106 images to process.
[2025-12-30 22:04:23] [ThreadPoolExecutor-0_3]   Processing image 1/106: CAM_DE_01_20241006204835_predseg_labels.png
[2025-12-30 22:04:31] [ThreadPoolExecutor-0_2]   Processing image 72/99: CAM_DE_01_20241007161826.jpg
[2025-12-30 22:04:33] [ThreadPoolExecutor-0_3]   Processing image 10/106: CAM_DE_01_20241006211236_predseg_labels.png
[2025-12-30 22:04:35] [ThreadPoolExecutor-0_0]   Processing image 70/106: CAM_DE_01_20241008171826.jpg
[2025-12-30 22:04:41] [ThreadPoolExecutor-0_3]   Processing image 20/106: CAM_DE_01_20241006192426_predseg_labels.png
[2025-12-30 22:04:42] [ThreadPoolExecutor-0_1]   Processing image 60/107: CAM_DE_01_20241009204225.jpg
[2025-12-30 22:04:48] [ThreadPoolExecutor-0_2]   Processing image 81/99: CAM_DE_01_20241007190025.jpg
[2025-12-30 22:04:51] [ThreadPoolExecutor-0_3]   Processing image 30/106: CAM_DE_01_20241006133025_predseg_labels.png
[2025-12-30 22:04:54] [ThreadPoolExecutor-0_0]   Processing image 80/106: CAM_DE_01_20241008191225.jpg
[2025-12-30 22:05:02] [ThreadPoolExecutor-0_3]   Processing image 40/106: CAM_DE_01_20241006193626_predseg_labels.png
[2025-12-30 22:05:02] [ThreadPoolExecutor-0_1]   Processing image 70/107: CAM_DE_01_20241009141826.jpg
[2025-12-30 22:05:07] [ThreadPoolExecutor-0_2]   Processing image 90/99: CAM_DE_01_20241007171825.jpg
[2025-12-30 22:05:12] [ThreadPoolExecutor-0_3]   Processing image 50/106: CAM_DE_01_20241006140626_predseg_labels.png
[2025-12-30 22:05:14] [ThreadPoolExecutor-0_0]   Processing image 90/106: CAM_DE_01_20241008154825.jpg
[2025-12-30 22:05:21] [ThreadPoolExecutor-0_3]   Processing image 60/106: CAM_DE_01_20241006160025_predseg_labels.png
[2025-12-30 22:05:22] [ThreadPoolExecutor-0_1]   Processing image 80/107: CAM_DE_01_20241009155426.jpg
[2025-12-30 22:05:24] [ThreadPoolExecutor-0_2]   Processing image 99/99: CAM_DE_01_20241007221225.jpg
[2025-12-30 22:05:26] [ThreadPoolExecutor-0_2]   Successfully processed 99 images.
[2025-12-30 22:05:26] [ThreadPoolExecutor-0_2] === Batch Rectification Complete ===
[2025-12-30 22:05:26] [ThreadPoolExecutor-0_2] [DE_01_20241007123528_20241007222928] Rectifying labels from: labels
[2025-12-30 22:05:26] [ThreadPoolExecutor-0_2] 
=== Starting Batch Rectification ===
[2025-12-30 22:05:26] [ThreadPoolExecutor-0_2]   Source folder: /rsstu/users/k/kanarde/NASA-Sunnyverse/rmccune/poseidon/data/down_east/flood_events/DE_01_20241007123528_20241007222928/labels
[2025-12-30 22:05:26] [ThreadPoolExecutor-0_2]   Output Zarr store: /rsstu/users/k/kanarde/NASA-Sunnyverse/rmccune/poseidon/data/down_east/flood_events/DE_01_20241007123528_20241007222928/zarr/labels_rects
[2025-12-30 22:05:26] [ThreadPoolExecutor-0_2]   Found 99 images to process.
[2025-12-30 22:05:26] [ThreadPoolExecutor-0_2]   Processing image 1/99: CAM_DE_01_20241007143625_predseg_labels.png
[2025-12-30 22:05:30] [ThreadPoolExecutor-0_3]   Processing image 70/106: CAM_DE_01_20241006113625_predseg_labels.png
[2025-12-30 22:05:32] [ThreadPoolExecutor-0_0]   Processing image 100/106: CAM_DE_01_20241008131226.jpg
[2025-12-30 22:05:32] [ThreadPoolExecutor-0_2]   Processing image 9/99: CAM_DE_01_20241007164826_predseg_labels.png
[2025-12-30 22:05:39] [ThreadPoolExecutor-0_1]   Processing image 90/107: CAM_DE_01_20241009210026.jpg
[2025-12-30 22:05:39] [ThreadPoolExecutor-0_3]   Processing image 80/106: CAM_DE_01_20241006181226_predseg_labels.png
[2025-12-30 22:05:40] [ThreadPoolExecutor-0_2]   Processing image 18/99: CAM_DE_01_20241007192425_predseg_labels.png
[2025-12-30 22:05:42] [ThreadPoolExecutor-0_0]   Processing image 106/106: CAM_DE_01_20241008140625.jpg
[2025-12-30 22:05:44] [ThreadPoolExecutor-0_0]   Successfully processed 106 images.
[2025-12-30 22:05:44] [ThreadPoolExecutor-0_0] === Batch Rectification Complete ===
[2025-12-30 22:05:44] [ThreadPoolExecutor-0_0] [DE_01_20241008130038_20241009001238] Rectifying labels from: labels
[2025-12-30 22:05:44] [ThreadPoolExecutor-0_0] 
=== Starting Batch Rectification ===
[2025-12-30 22:05:44] [ThreadPoolExecutor-0_0]   Source folder: /rsstu/users/k/kanarde/NASA-Sunnyverse/rmccune/poseidon/data/down_east/flood_events/DE_01_20241008130038_20241009001238/labels
[2025-12-30 22:05:44] [ThreadPoolExecutor-0_0]   Output Zarr store: /rsstu/users/k/kanarde/NASA-Sunnyverse/rmccune/poseidon/data/down_east/flood_events/DE_01_20241008130038_20241009001238/zarr/labels_rects
[2025-12-30 22:05:44] [ThreadPoolExecutor-0_0]   Found 106 images to process.
[2025-12-30 22:05:44] [ThreadPoolExecutor-0_0]   Processing image 1/106: CAM_DE_01_20241008220625_predseg_labels.png
[2025-12-30 22:05:49] [ThreadPoolExecutor-0_3]   Processing image 90/106: CAM_DE_01_20241006170625_predseg_labels.png
[2025-12-30 22:05:50] [ThreadPoolExecutor-0_2]   Processing image 27/99: CAM_DE_01_20241007212426_predseg_labels.png
[2025-12-30 22:05:54] [ThreadPoolExecutor-0_0]   Processing image 10/106: CAM_DE_01_20241008194826_predseg_labels.png
[2025-12-30 22:05:55] [ThreadPoolExecutor-0_1]   Processing image 100/107: CAM_DE_01_20241009153626.jpg
[2025-12-30 22:06:00] [ThreadPoolExecutor-0_3]   Processing image 100/106: CAM_DE_01_20241006134826_predseg_labels.png
[2025-12-30 22:06:00] [ThreadPoolExecutor-0_2]   Processing image 36/99: CAM_DE_01_20241007123626_predseg_labels.png
[2025-12-30 22:06:04] [ThreadPoolExecutor-0_0]   Processing image 20/106: CAM_DE_01_20241008181826_predseg_labels.png
[2025-12-30 22:06:05] [ThreadPoolExecutor-0_1]   Processing image 107/107: CAM_DE_01_20241009150626.jpg
[2025-12-30 22:06:06] [ThreadPoolExecutor-0_3]   Processing image 106/106: CAM_DE_01_20241006130026_predseg_labels.png
[2025-12-30 22:06:06] [ThreadPoolExecutor-0_1]   Successfully processed 107 images.
[2025-12-30 22:06:06] [ThreadPoolExecutor-0_1] === Batch Rectification Complete ===
[2025-12-30 22:06:06] [ThreadPoolExecutor-0_1] [DE_01_20241009130147_20241010005547] Rectifying labels from: labels
[2025-12-30 22:06:06] [ThreadPoolExecutor-0_1] 
=== Starting Batch Rectification ===
[2025-12-30 22:06:06] [ThreadPoolExecutor-0_1]   Source folder: /rsstu/users/k/kanarde/NASA-Sunnyverse/rmccune/poseidon/data/down_east/flood_events/DE_01_20241009130147_20241010005547/labels
[2025-12-30 22:06:06] [ThreadPoolExecutor-0_1]   Output Zarr store: /rsstu/users/k/kanarde/NASA-Sunnyverse/rmccune/poseidon/data/down_east/flood_events/DE_01_20241009130147_20241010005547/zarr/labels_rects
[2025-12-30 22:06:07] [ThreadPoolExecutor-0_1]   Found 107 images to process.
[2025-12-30 22:06:07] [ThreadPoolExecutor-0_1]   Processing image 1/107: CAM_DE_01_20241009222426_predseg_labels.png
[2025-12-30 22:06:07] [ThreadPoolExecutor-0_3]   Successfully processed 106 images.
[2025-12-30 22:06:07] [ThreadPoolExecutor-0_3] === Batch Rectification Complete ===
[2025-12-30 22:06:07] [ThreadPoolExecutor-0_3] +++ Successfully processed event DE_01_20241006113119_20241006221319 +++
[2025-12-30 22:06:07] [ThreadPoolExecutor-0_3] --- Processing event: DE_01_20241010145732_20241011015131 ---
[2025-12-30 22:06:07] [ThreadPoolExecutor-0_3] [DE_01_20241010145732_20241011015131] Rectifying images from: orig_images
[2025-12-30 22:06:07] [ThreadPoolExecutor-0_3] 
=== Starting Batch Rectification ===
[2025-12-30 22:06:07] [ThreadPoolExecutor-0_3]   Source folder: /rsstu/users/k/kanarde/NASA-Sunnyverse/rmccune/poseidon/data/down_east/flood_events/DE_01_20241010145732_20241011015131/orig_images
[2025-12-30 22:06:07] [ThreadPoolExecutor-0_3]   Output Zarr store: /rsstu/users/k/kanarde/NASA-Sunnyverse/rmccune/poseidon/data/down_east/flood_events/DE_01_20241010145732_20241011015131/zarr/orig_image_rects
[2025-12-30 22:06:07] [ThreadPoolExecutor-0_3]   Found 87 images to process.
[2025-12-30 22:06:07] [ThreadPoolExecutor-0_3]   Processing image 1/87: CAM_DE_01_20241010175426.jpg
[2025-12-30 22:06:09] [ThreadPoolExecutor-0_2]   Processing image 45/99: CAM_DE_01_20241007213626_predseg_labels.png
[2025-12-30 22:06:12] [ThreadPoolExecutor-0_0]   Processing image 30/106: CAM_DE_01_20241008220025_predseg_labels.png
[2025-12-30 22:06:14] [ThreadPoolExecutor-0_1]   Processing image 10/107: CAM_DE_01_20241009161226_predseg_labels.png
[2025-12-30 22:06:15] [ThreadPoolExecutor-0_3]   Processing image 8/87: CAM_DE_01_20241010225806.jpg
[2025-12-30 22:06:16] [ThreadPoolExecutor-0_2]   Processing image 54/99: CAM_DE_01_20241007203025_predseg_labels.png
[2025-12-30 22:06:20] [ThreadPoolExecutor-0_0]   Processing image 40/106: CAM_DE_01_20241008163625_predseg_labels.png
[2025-12-30 22:06:20] [ThreadPoolExecutor-0_1]   Processing image 20/107: CAM_DE_01_20241009204225_predseg_labels.png
[2025-12-30 22:06:21] [ThreadPoolExecutor-0_3]   Processing image 16/87: CAM_DE_01_20241010184826.jpg
[2025-12-30 22:06:22] [ThreadPoolExecutor-0_2]   Processing image 63/99: CAM_DE_01_20241007141825_predseg_labels.png
[2025-12-30 22:06:26] [ThreadPoolExecutor-0_0]   Processing image 50/106: CAM_DE_01_20241008222425_predseg_labels.png
[2025-12-30 22:06:26] [ThreadPoolExecutor-0_1]   Processing image 30/107: CAM_DE_01_20241009140626_predseg_labels.png
[2025-12-30 22:06:27] [ThreadPoolExecutor-0_3]   Processing image 24/87: CAM_DE_01_20241010163025.jpg
[2025-12-30 22:06:27] [ThreadPoolExecutor-0_2]   Processing image 72/99: CAM_DE_01_20241007172426_predseg_labels.png
[2025-12-30 22:06:31] [ThreadPoolExecutor-0_0]   Processing image 60/106: CAM_DE_01_20241008191225_predseg_labels.png
[2025-12-30 22:06:32] [ThreadPoolExecutor-0_2]   Processing image 81/99: CAM_DE_01_20241007151225_predseg_labels.png
[2025-12-30 22:06:32] [ThreadPoolExecutor-0_1]   Processing image 40/107: CAM_DE_01_20241009195426_predseg_labels.png
[2025-12-30 22:06:34] [ThreadPoolExecutor-0_3]   Processing image 32/87: CAM_DE_01_20241010225206.jpg
[2025-12-30 22:06:37] [ThreadPoolExecutor-0_2]   Processing image 90/99: CAM_DE_01_20241007203626_predseg_labels.png
[2025-12-30 22:06:37] [ThreadPoolExecutor-0_0]   Processing image 70/106: CAM_DE_01_20241008175426_predseg_labels.png
[2025-12-30 22:06:38] [ThreadPoolExecutor-0_1]   Processing image 50/107: CAM_DE_01_20241009171825_predseg_labels.png
[2025-12-30 22:06:40] [ThreadPoolExecutor-0_3]   Processing image 40/87: CAM_DE_01_20241010192426.jpg
[2025-12-30 22:06:42] [ThreadPoolExecutor-0_2]   Processing image 99/99: CAM_DE_01_20241007175426_predseg_labels.png
[2025-12-30 22:06:43] [ThreadPoolExecutor-0_2]   Successfully processed 99 images.
[2025-12-30 22:06:43] [ThreadPoolExecutor-0_2] === Batch Rectification Complete ===
[2025-12-30 22:06:43] [ThreadPoolExecutor-0_2] +++ Successfully processed event DE_01_20241007123528_20241007222928 +++
[2025-12-30 22:06:43] [ThreadPoolExecutor-0_2] --- Processing event: DE_01_20241011153407_20241012022806 ---
[2025-12-30 22:06:43] [ThreadPoolExecutor-0_2] [DE_01_20241011153407_20241012022806] Rectifying images from: orig_images
[2025-12-30 22:06:43] [ThreadPoolExecutor-0_2] 
=== Starting Batch Rectification ===
[2025-12-30 22:06:43] [ThreadPoolExecutor-0_2]   Source folder: /rsstu/users/k/kanarde/NASA-Sunnyverse/rmccune/poseidon/data/down_east/flood_events/DE_01_20241011153407_20241012022806/orig_images
[2025-12-30 22:06:43] [ThreadPoolExecutor-0_2]   Output Zarr store: /rsstu/users/k/kanarde/NASA-Sunnyverse/rmccune/poseidon/data/down_east/flood_events/DE_01_20241011153407_20241012022806/zarr/orig_image_rects
[2025-12-30 22:06:43] [ThreadPoolExecutor-0_0]   Processing image 80/106: CAM_DE_01_20241008164825_predseg_labels.png
[2025-12-30 22:06:43] [ThreadPoolExecutor-0_2]   Found 82 images to process.
[2025-12-30 22:06:43] [ThreadPoolExecutor-0_2]   Processing image 1/82: CAM_DE_01_20241011225806.jpg
[2025-12-30 22:06:44] [ThreadPoolExecutor-0_1]   Processing image 60/107: CAM_DE_01_20241009164226_predseg_labels.png
[2025-12-30 22:06:49] [ThreadPoolExecutor-0_3]   Processing image 48/87: CAM_DE_01_20241010204225.jpg
[2025-12-30 22:06:51] [ThreadPoolExecutor-0_0]   Processing image 90/106: CAM_DE_01_20241008191825_predseg_labels.png
[2025-12-30 22:06:52] [ThreadPoolExecutor-0_1]   Processing image 70/107: CAM_DE_01_20241009204826_predseg_labels.png
[2025-12-30 22:06:53] [ThreadPoolExecutor-0_2]   Processing image 8/82: CAM_DE_01_20241011165425.jpg
[2025-12-30 22:06:59] [ThreadPoolExecutor-0_3]   Processing image 56/87: CAM_DE_01_20241010210626.jpg
[2025-12-30 22:07:00] [ThreadPoolExecutor-0_0]   Processing image 100/106: CAM_DE_01_20241008213625_predseg_labels.png
[2025-12-30 22:07:00] [ThreadPoolExecutor-0_1]   Processing image 80/107: CAM_DE_01_20241009184226_predseg_labels.png
[2025-12-30 22:07:04] [ThreadPoolExecutor-0_0]   Processing image 106/106: CAM_DE_01_20241008202425_predseg_labels.png
[2025-12-30 22:07:05] [ThreadPoolExecutor-0_2]   Processing image 16/82: CAM_DE_01_20241011212425.jpg
[2025-12-30 22:07:05] [ThreadPoolExecutor-0_0]   Successfully processed 106 images.
[2025-12-30 22:07:05] [ThreadPoolExecutor-0_0] === Batch Rectification Complete ===
[2025-12-30 22:07:05] [ThreadPoolExecutor-0_0] +++ Successfully processed event DE_01_20241008130038_20241009001238 +++
[2025-12-30 22:07:05] [ThreadPoolExecutor-0_0] --- Processing event: DE_01_20241012175450_20241013020725 ---
[2025-12-30 22:07:05] [ThreadPoolExecutor-0_0] [DE_01_20241012175450_20241013020725] Rectifying images from: orig_images
[2025-12-30 22:07:05] [ThreadPoolExecutor-0_0] 
=== Starting Batch Rectification ===
[2025-12-30 22:07:05] [ThreadPoolExecutor-0_0]   Source folder: /rsstu/users/k/kanarde/NASA-Sunnyverse/rmccune/poseidon/data/down_east/flood_events/DE_01_20241012175450_20241013020725/orig_images
[2025-12-30 22:07:05] [ThreadPoolExecutor-0_0]   Output Zarr store: /rsstu/users/k/kanarde/NASA-Sunnyverse/rmccune/poseidon/data/down_east/flood_events/DE_01_20241012175450_20241013020725/zarr/orig_image_rects
[2025-12-30 22:07:05] [ThreadPoolExecutor-0_0]   Found 56 images to process.
[2025-12-30 22:07:05] [ThreadPoolExecutor-0_0]   Processing image 1/56: CAM_DE_01_20241012232914.jpg
[2025-12-30 22:07:08] [ThreadPoolExecutor-0_1]   Processing image 90/107: CAM_DE_01_20241009165426_predseg_labels.png
[2025-12-30 22:07:11] [ThreadPoolExecutor-0_3]   Processing image 64/87: CAM_DE_01_20241010190626.jpg
[2025-12-30 22:07:11] [ThreadPoolExecutor-0_0]   Processing image 5/56: CAM_DE_01_20241012210025.jpg
[2025-12-30 22:07:15] [ThreadPoolExecutor-0_1]   Processing image 100/107: CAM_DE_01_20241009220625_predseg_labels.png
[2025-12-30 22:07:17] [ThreadPoolExecutor-0_2]   Processing image 24/82: CAM_DE_01_20241011215425.jpg
[2025-12-30 22:07:19] [ThreadPoolExecutor-0_0]   Processing image 10/56: CAM_DE_01_20241012211226.jpg
[2025-12-30 22:07:21] [ThreadPoolExecutor-0_1]   Processing image 107/107: CAM_DE_01_20241009172426_predseg_labels.png
[2025-12-30 22:07:22] [ThreadPoolExecutor-0_3]   Processing image 72/87: CAM_DE_01_20241010235859.jpg
[2025-12-30 22:07:22] [ThreadPoolExecutor-0_1]   Successfully processed 107 images.
[2025-12-30 22:07:22] [ThreadPoolExecutor-0_1] === Batch Rectification Complete ===
[2025-12-30 22:07:22] [ThreadPoolExecutor-0_1] +++ Successfully processed event DE_01_20241009130147_20241010005547 +++
[2025-12-30 22:07:22] [ThreadPoolExecutor-0_1] --- Processing event: DE_01_20241017095237_20241017170437 ---
[2025-12-30 22:07:22] [ThreadPoolExecutor-0_1] [DE_01_20241017095237_20241017170437] Rectifying images from: orig_images
[2025-12-30 22:07:22] [ThreadPoolExecutor-0_1] 
=== Starting Batch Rectification ===
[2025-12-30 22:07:22] [ThreadPoolExecutor-0_1]   Source folder: /rsstu/users/k/kanarde/NASA-Sunnyverse/rmccune/poseidon/data/down_east/flood_events/DE_01_20241017095237_20241017170437/orig_images
[2025-12-30 22:07:22] [ThreadPoolExecutor-0_1]   Output Zarr store: /rsstu/users/k/kanarde/NASA-Sunnyverse/rmccune/poseidon/data/down_east/flood_events/DE_01_20241017095237_20241017170437/zarr/orig_image_rects
[2025-12-30 22:07:22] [ThreadPoolExecutor-0_1]   Found 71 images to process.
[2025-12-30 22:07:22] [ThreadPoolExecutor-0_1]   Processing image 1/71: CAM_DE_01_20241017131226.jpg
[2025-12-30 22:07:26] [ThreadPoolExecutor-0_0]   Processing image 15/56: CAM_DE_01_20241012233504.jpg
[2025-12-30 22:07:30] [ThreadPoolExecutor-0_2]   Processing image 32/82: CAM_DE_01_20241011201225.jpg
[2025-12-30 22:07:31] [ThreadPoolExecutor-0_1]   Processing image 7/71: CAM_DE_01_20241017160026.jpg
[2025-12-30 22:07:33] [ThreadPoolExecutor-0_3]   Processing image 80/87: CAM_DE_01_20241010230408.jpg
[2025-12-30 22:07:35] [ThreadPoolExecutor-0_0]   Processing image 20/56: CAM_DE_01_20241012205426.jpg
[2025-12-30 22:07:43] [ThreadPoolExecutor-0_1]   Processing image 14/71: CAM_DE_01_20241017144825.jpg
[2025-12-30 22:07:43] [ThreadPoolExecutor-0_0]   Processing image 25/56: CAM_DE_01_20241012194826.jpg
[2025-12-30 22:07:43] [ThreadPoolExecutor-0_2]   Processing image 40/82: CAM_DE_01_20241011205426.jpg
[2025-12-30 22:07:44] [ThreadPoolExecutor-0_3]   Processing image 87/87: CAM_DE_01_20241010202425.jpg
[2025-12-30 22:07:46] [ThreadPoolExecutor-0_3]   Successfully processed 87 images.
[2025-12-30 22:07:46] [ThreadPoolExecutor-0_3] === Batch Rectification Complete ===
[2025-12-30 22:07:46] [ThreadPoolExecutor-0_3] [DE_01_20241010145732_20241011015131] Rectifying labels from: labels
[2025-12-30 22:07:46] [ThreadPoolExecutor-0_3] 
=== Starting Batch Rectification ===
[2025-12-30 22:07:46] [ThreadPoolExecutor-0_3]   Source folder: /rsstu/users/k/kanarde/NASA-Sunnyverse/rmccune/poseidon/data/down_east/flood_events/DE_01_20241010145732_20241011015131/labels
[2025-12-30 22:07:46] [ThreadPoolExecutor-0_3]   Output Zarr store: /rsstu/users/k/kanarde/NASA-Sunnyverse/rmccune/poseidon/data/down_east/flood_events/DE_01_20241010145732_20241011015131/zarr/labels_rects
[2025-12-30 22:07:46] [ThreadPoolExecutor-0_3]   Found 87 images to process.
[2025-12-30 22:07:46] [ThreadPoolExecutor-0_3]   Processing image 1/87: CAM_DE_01_20241010183625_predseg_labels.png
[2025-12-30 22:07:51] [ThreadPoolExecutor-0_0]   Processing image 30/56: CAM_DE_01_20241012191225.jpg
[2025-12-30 22:07:52] [ThreadPoolExecutor-0_3]   Processing image 8/87: CAM_DE_01_20241010210626_predseg_labels.png
[2025-12-30 22:07:53] [ThreadPoolExecutor-0_1]   Processing image 21/71: CAM_DE_01_20241017114826.jpg
[2025-12-30 22:07:55] [ThreadPoolExecutor-0_2]   Processing image 48/82: CAM_DE_01_20241011175425.jpg
[2025-12-30 22:07:58] [ThreadPoolExecutor-0_3]   Processing image 16/87: CAM_DE_01_20241010225206_predseg_labels.png
[2025-12-30 22:07:58] [ThreadPoolExecutor-0_0]   Processing image 35/56: CAM_DE_01_20241012210626.jpg
[2025-12-30 22:08:04] [ThreadPoolExecutor-0_3]   Processing image 24/87: CAM_DE_01_20241010170626_predseg_labels.png
[2025-12-30 22:08:04] [ThreadPoolExecutor-0_1]   Processing image 28/71: CAM_DE_01_20241017104027.jpg
[2025-12-30 22:08:06] [ThreadPoolExecutor-0_0]   Processing image 40/56: CAM_DE_01_20241012191825.jpg
[2025-12-30 22:08:07] [ThreadPoolExecutor-0_2]   Processing image 56/82: CAM_DE_01_20241011181826.jpg
[2025-12-30 22:08:09] [ThreadPoolExecutor-0_3]   Processing image 32/87: CAM_DE_01_20241010224226_predseg_labels.png
[2025-12-30 22:08:12] [ThreadPoolExecutor-0_0]   Processing image 45/56: CAM_DE_01_20241012190026.jpg
[2025-12-30 22:08:14] [ThreadPoolExecutor-0_1]   Processing image 35/71: CAM_DE_01_20241017153625.jpg
[2025-12-30 22:08:15] [ThreadPoolExecutor-0_3]   Processing image 40/87: CAM_DE_01_20241010231010_predseg_labels.png
[2025-12-30 22:08:19] [ThreadPoolExecutor-0_2]   Processing image 64/82: CAM_DE_01_20241011224606.jpg
[2025-12-30 22:08:20] [ThreadPoolExecutor-0_0]   Processing image 50/56: CAM_DE_01_20241012193625.jpg
[2025-12-30 22:08:22] [ThreadPoolExecutor-0_3]   Processing image 48/87: CAM_DE_01_20241010200626_predseg_labels.png
[2025-12-30 22:08:25] [ThreadPoolExecutor-0_1]   Processing image 42/71: CAM_DE_01_20241017121226.jpg
[2025-12-30 22:08:28] [ThreadPoolExecutor-0_3]   Processing image 56/87: CAM_DE_01_20241010194226_predseg_labels.png
[2025-12-30 22:08:28] [ThreadPoolExecutor-0_0]   Processing image 55/56: CAM_DE_01_20241012214225.jpg
[2025-12-30 22:08:30] [ThreadPoolExecutor-0_0]   Processing image 56/56: CAM_DE_01_20241012231620.jpg
[2025-12-30 22:08:31] [ThreadPoolExecutor-0_0]   Successfully processed 56 images.
[2025-12-30 22:08:31] [ThreadPoolExecutor-0_0] === Batch Rectification Complete ===
[2025-12-30 22:08:31] [ThreadPoolExecutor-0_0] [DE_01_20241012175450_20241013020725] Rectifying labels from: labels
[2025-12-30 22:08:31] [ThreadPoolExecutor-0_0] 
=== Starting Batch Rectification ===
[2025-12-30 22:08:31] [ThreadPoolExecutor-0_0]   Source folder: /rsstu/users/k/kanarde/NASA-Sunnyverse/rmccune/poseidon/data/down_east/flood_events/DE_01_20241012175450_20241013020725/labels
[2025-12-30 22:08:31] [ThreadPoolExecutor-0_2]   Processing image 72/82: CAM_DE_01_20241011160625.jpg
[2025-12-30 22:08:31] [ThreadPoolExecutor-0_0]   Output Zarr store: /rsstu/users/k/kanarde/NASA-Sunnyverse/rmccune/poseidon/data/down_east/flood_events/DE_01_20241012175450_20241013020725/zarr/labels_rects
[2025-12-30 22:08:31] [ThreadPoolExecutor-0_0]   Found 56 images to process.
[2025-12-30 22:08:31] [ThreadPoolExecutor-0_0]   Processing image 1/56: CAM_DE_01_20241012222426_predseg_labels.png
[2025-12-30 22:08:33] [ThreadPoolExecutor-0_3]   Processing image 64/87: CAM_DE_01_20241010213025_predseg_labels.png
[2025-12-30 22:08:34] [ThreadPoolExecutor-0_0]   Processing image 5/56: CAM_DE_01_20241012214225_predseg_labels.png
[2025-12-30 22:08:34] [ThreadPoolExecutor-0_1]   Processing image 49/71: CAM_DE_01_20241017152426.jpg
[2025-12-30 22:08:37] [ThreadPoolExecutor-0_0]   Processing image 10/56: CAM_DE_01_20241012223625_predseg_labels.png
[2025-12-30 22:08:38] [ThreadPoolExecutor-0_3]   Processing image 72/87: CAM_DE_01_20241010214225_predseg_labels.png
[2025-12-30 22:08:40] [ThreadPoolExecutor-0_0]   Processing image 15/56: CAM_DE_01_20241012184826_predseg_labels.png
[2025-12-30 22:08:41] [ThreadPoolExecutor-0_2]   Processing image 80/82: CAM_DE_01_20241011194826.jpg
[2025-12-30 22:08:43] [ThreadPoolExecutor-0_2]   Processing image 82/82: CAM_DE_01_20241011235918.jpg
[2025-12-30 22:08:43] [ThreadPoolExecutor-0_1]   Processing image 56/71: CAM_DE_01_20241017135426.jpg
[2025-12-30 22:08:43] [ThreadPoolExecutor-0_0]   Processing image 20/56: CAM_DE_01_20241012230408_predseg_labels.png
[2025-12-30 22:08:43] [ThreadPoolExecutor-0_3]   Processing image 80/87: CAM_DE_01_20241010171825_predseg_labels.png
[2025-12-30 22:08:45] [ThreadPoolExecutor-0_2]   Successfully processed 82 images.
[2025-12-30 22:08:45] [ThreadPoolExecutor-0_2] === Batch Rectification Complete ===
[2025-12-30 22:08:45] [ThreadPoolExecutor-0_2] [DE_01_20241011153407_20241012022806] Rectifying labels from: labels
[2025-12-30 22:08:45] [ThreadPoolExecutor-0_2] 
=== Starting Batch Rectification ===
[2025-12-30 22:08:45] [ThreadPoolExecutor-0_2]   Source folder: /rsstu/users/k/kanarde/NASA-Sunnyverse/rmccune/poseidon/data/down_east/flood_events/DE_01_20241011153407_20241012022806/labels
[2025-12-30 22:08:45] [ThreadPoolExecutor-0_2]   Output Zarr store: /rsstu/users/k/kanarde/NASA-Sunnyverse/rmccune/poseidon/data/down_east/flood_events/DE_01_20241011153407_20241012022806/zarr/labels_rects
[2025-12-30 22:08:45] [ThreadPoolExecutor-0_2]   Found 82 images to process.
[2025-12-30 22:08:45] [ThreadPoolExecutor-0_2]   Processing image 1/82: CAM_DE_01_20241011205426_predseg_labels.png
[2025-12-30 22:08:47] [ThreadPoolExecutor-0_0]   Processing image 25/56: CAM_DE_01_20241012205426_predseg_labels.png
[2025-12-30 22:08:49] [ThreadPoolExecutor-0_3]   Processing image 87/87: CAM_DE_01_20241010184826_predseg_labels.png
[2025-12-30 22:08:50] [ThreadPoolExecutor-0_3]   Successfully processed 87 images.
[2025-12-30 22:08:50] [ThreadPoolExecutor-0_3] === Batch Rectification Complete ===
[2025-12-30 22:08:50] [ThreadPoolExecutor-0_3] +++ Successfully processed event DE_01_20241010145732_20241011015131 +++
[2025-12-30 22:08:50] [ThreadPoolExecutor-0_3] --- Processing event: DE_01_20241018101028_20241018195509 ---
[2025-12-30 22:08:50] [ThreadPoolExecutor-0_3] [DE_01_20241018101028_20241018195509] Rectifying images from: orig_images
[2025-12-30 22:08:50] [ThreadPoolExecutor-0_3] 
=== Starting Batch Rectification ===
[2025-12-30 22:08:50] [ThreadPoolExecutor-0_3]   Source folder: /rsstu/users/k/kanarde/NASA-Sunnyverse/rmccune/poseidon/data/down_east/flood_events/DE_01_20241018101028_20241018195509/orig_images
[2025-12-30 22:08:50] [ThreadPoolExecutor-0_3]   Output Zarr store: /rsstu/users/k/kanarde/NASA-Sunnyverse/rmccune/poseidon/data/down_east/flood_events/DE_01_20241018101028_20241018195509/zarr/orig_image_rects
[2025-12-30 22:08:50] [ThreadPoolExecutor-0_3]   Found 99 images to process.
[2025-12-30 22:08:50] [ThreadPoolExecutor-0_3]   Processing image 1/99: CAM_DE_01_20241018194826.jpg
[2025-12-30 22:08:51] [ThreadPoolExecutor-0_2]   Processing image 8/82: CAM_DE_01_20241011193625_predseg_labels.png
[2025-12-30 22:08:52] [ThreadPoolExecutor-0_0]   Processing image 30/56: CAM_DE_01_20241012185426_predseg_labels.png
[2025-12-30 22:08:52] [ThreadPoolExecutor-0_1]   Processing image 63/71: CAM_DE_01_20241017122426.jpg
[2025-12-30 22:08:59] [ThreadPoolExecutor-0_0]   Processing image 35/56: CAM_DE_01_20241012191225_predseg_labels.png
[2025-12-30 22:09:01] [ThreadPoolExecutor-0_2]   Processing image 16/82: CAM_DE_01_20241011203625_predseg_labels.png
[2025-12-30 22:09:04] [ThreadPoolExecutor-0_0]   Processing image 40/56: CAM_DE_01_20241012181826_predseg_labels.png
[2025-12-30 22:09:08] [ThreadPoolExecutor-0_1]   Processing image 70/71: CAM_DE_01_20241017134225.jpg
[2025-12-30 22:09:08] [ThreadPoolExecutor-0_3]   Processing image 9/99: CAM_DE_01_20241018103438.jpg
[2025-12-30 22:09:10] [ThreadPoolExecutor-0_2]   Processing image 24/82: CAM_DE_01_20241011235309_predseg_labels.png
[2025-12-30 22:09:10] [ThreadPoolExecutor-0_0]   Processing image 45/56: CAM_DE_01_20241012231620_predseg_labels.png
[2025-12-30 22:09:10] [ThreadPoolExecutor-0_1]   Processing image 71/71: CAM_DE_01_20241017141825.jpg
[2025-12-30 22:09:12] [ThreadPoolExecutor-0_1]   Successfully processed 71 images.
[2025-12-30 22:09:12] [ThreadPoolExecutor-0_1] === Batch Rectification Complete ===
[2025-12-30 22:09:12] [ThreadPoolExecutor-0_1] [DE_01_20241017095237_20241017170437] Rectifying labels from: labels
[2025-12-30 22:09:12] [ThreadPoolExecutor-0_1] 
=== Starting Batch Rectification ===
[2025-12-30 22:09:12] [ThreadPoolExecutor-0_1]   Source folder: /rsstu/users/k/kanarde/NASA-Sunnyverse/rmccune/poseidon/data/down_east/flood_events/DE_01_20241017095237_20241017170437/labels
[2025-12-30 22:09:12] [ThreadPoolExecutor-0_1]   Output Zarr store: /rsstu/users/k/kanarde/NASA-Sunnyverse/rmccune/poseidon/data/down_east/flood_events/DE_01_20241017095237_20241017170437/zarr/labels_rects
[2025-12-30 22:09:12] [ThreadPoolExecutor-0_1]   Found 71 images to process.
[2025-12-30 22:09:12] [ThreadPoolExecutor-0_1]   Processing image 1/71: CAM_DE_01_20241017163026_predseg_labels.png
[2025-12-30 22:09:14] [ThreadPoolExecutor-0_0]   Processing image 50/56: CAM_DE_01_20241012181225_predseg_labels.png
[2025-12-30 22:09:17] [ThreadPoolExecutor-0_2]   Processing image 32/82: CAM_DE_01_20241011173026_predseg_labels.png
[2025-12-30 22:09:18] [ThreadPoolExecutor-0_1]   Processing image 7/71: CAM_DE_01_20241017145426_predseg_labels.png
[2025-12-30 22:09:19] [ThreadPoolExecutor-0_0]   Processing image 55/56: CAM_DE_01_20241012221225_predseg_labels.png
[2025-12-30 22:09:20] [ThreadPoolExecutor-0_0]   Processing image 56/56: CAM_DE_01_20241012232914_predseg_labels.png
[2025-12-30 22:09:20] [ThreadPoolExecutor-0_3]   Processing image 18/99: CAM_DE_01_20241018134226.jpg
[2025-12-30 22:09:21] [ThreadPoolExecutor-0_0]   Successfully processed 56 images.
[2025-12-30 22:09:21] [ThreadPoolExecutor-0_0] === Batch Rectification Complete ===
[2025-12-30 22:09:21] [ThreadPoolExecutor-0_0] +++ Successfully processed event DE_01_20241012175450_20241013020725 +++
[2025-12-30 22:09:21] [ThreadPoolExecutor-0_0] --- Processing event: DE_01_20241019112645_20241019205645 ---
[2025-12-30 22:09:21] [ThreadPoolExecutor-0_0] [DE_01_20241019112645_20241019205645] Rectifying images from: orig_images
[2025-12-30 22:09:21] [ThreadPoolExecutor-0_0] 
=== Starting Batch Rectification ===
[2025-12-30 22:09:21] [ThreadPoolExecutor-0_0]   Source folder: /rsstu/users/k/kanarde/NASA-Sunnyverse/rmccune/poseidon/data/down_east/flood_events/DE_01_20241019112645_20241019205645/orig_images
[2025-12-30 22:09:21] [ThreadPoolExecutor-0_0]   Output Zarr store: /rsstu/users/k/kanarde/NASA-Sunnyverse/rmccune/poseidon/data/down_east/flood_events/DE_01_20241019112645_20241019205645/zarr/orig_image_rects
[2025-12-30 22:09:21] [ThreadPoolExecutor-0_0]   Found 95 images to process.
[2025-12-30 22:09:21] [ThreadPoolExecutor-0_0]   Processing image 1/95: CAM_DE_01_20241019130625.jpg
[2025-12-30 22:09:24] [ThreadPoolExecutor-0_1]   Processing image 14/71: CAM_DE_01_20241017100435_predseg_labels.png
[2025-12-30 22:09:24] [ThreadPoolExecutor-0_2]   Processing image 40/82: CAM_DE_01_20241011213625_predseg_labels.png
[2025-12-30 22:09:31] [ThreadPoolExecutor-0_1]   Processing image 21/71: CAM_DE_01_20241017110406_predseg_labels.png
[2025-12-30 22:09:31] [ThreadPoolExecutor-0_2]   Processing image 48/82: CAM_DE_01_20241011161226_predseg_labels.png
[2025-12-30 22:09:33] [ThreadPoolExecutor-0_0]   Processing image 9/95: CAM_DE_01_20241019164225.jpg
[2025-12-30 22:09:34] [ThreadPoolExecutor-0_3]   Processing image 27/99: CAM_DE_01_20241018193626.jpg
[2025-12-30 22:09:36] [ThreadPoolExecutor-0_1]   Processing image 28/71: CAM_DE_01_20241017113626_predseg_labels.png
[2025-12-30 22:09:37] [ThreadPoolExecutor-0_2]   Processing image 56/82: CAM_DE_01_20241011163026_predseg_labels.png
[2025-12-30 22:09:41] [ThreadPoolExecutor-0_1]   Processing image 35/71: CAM_DE_01_20241017124825_predseg_labels.png
[2025-12-30 22:09:43] [ThreadPoolExecutor-0_2]   Processing image 64/82: CAM_DE_01_20241011232840_predseg_labels.png
[2025-12-30 22:09:45] [ThreadPoolExecutor-0_0]   Processing image 18/95: CAM_DE_01_20241019170625.jpg
[2025-12-30 22:09:46] [ThreadPoolExecutor-0_1]   Processing image 42/71: CAM_DE_01_20241017101653_predseg_labels.png
[2025-12-30 22:09:46] [ThreadPoolExecutor-0_3]   Processing image 36/99: CAM_DE_01_20241018160025.jpg
[2025-12-30 22:09:49] [ThreadPoolExecutor-0_2]   Processing image 72/82: CAM_DE_01_20241011172425_predseg_labels.png
[2025-12-30 22:09:50] [ThreadPoolExecutor-0_1]   Processing image 49/71: CAM_DE_01_20241017105806_predseg_labels.png
[2025-12-30 22:09:55] [ThreadPoolExecutor-0_2]   Processing image 80/82: CAM_DE_01_20241011200025_predseg_labels.png
[2025-12-30 22:09:56] [ThreadPoolExecutor-0_2]   Processing image 82/82: CAM_DE_01_20241011235918_predseg_labels.png
[2025-12-30 22:09:56] [ThreadPoolExecutor-0_1]   Processing image 56/71: CAM_DE_01_20241017120626_predseg_labels.png
[2025-12-30 22:09:56] [ThreadPoolExecutor-0_2]   Successfully processed 82 images.
[2025-12-30 22:09:56] [ThreadPoolExecutor-0_2] === Batch Rectification Complete ===
[2025-12-30 22:09:56] [ThreadPoolExecutor-0_2] +++ Successfully processed event DE_01_20241011153407_20241012022806 +++
[2025-12-30 22:09:56] [ThreadPoolExecutor-0_2] --- Processing event: DE_01_20241020115645_20241020215645 ---
[2025-12-30 22:09:57] [ThreadPoolExecutor-0_2] [DE_01_20241020115645_20241020215645] Rectifying images from: orig_images
[2025-12-30 22:09:57] [ThreadPoolExecutor-0_2] 
=== Starting Batch Rectification ===
[2025-12-30 22:09:57] [ThreadPoolExecutor-0_2]   Source folder: /rsstu/users/k/kanarde/NASA-Sunnyverse/rmccune/poseidon/data/down_east/flood_events/DE_01_20241020115645_20241020215645/orig_images
[2025-12-30 22:09:57] [ThreadPoolExecutor-0_2]   Output Zarr store: /rsstu/users/k/kanarde/NASA-Sunnyverse/rmccune/poseidon/data/down_east/flood_events/DE_01_20241020115645_20241020215645/zarr/orig_image_rects
[2025-12-30 22:09:57] [ThreadPoolExecutor-0_2]   Found 100 images to process.
[2025-12-30 22:09:57] [ThreadPoolExecutor-0_2]   Processing image 1/100: CAM_DE_01_20241020211826.jpg
[2025-12-30 22:09:58] [ThreadPoolExecutor-0_0]   Processing image 27/95: CAM_DE_01_20241019185426.jpg
[2025-12-30 22:09:59] [ThreadPoolExecutor-0_3]   Processing image 45/99: CAM_DE_01_20241018181825.jpg
[2025-12-30 22:10:01] [ThreadPoolExecutor-0_1]   Processing image 63/71: CAM_DE_01_20241017151225_predseg_labels.png
[2025-12-30 22:10:06] [ThreadPoolExecutor-0_1]   Processing image 70/71: CAM_DE_01_20241017141225_predseg_labels.png
[2025-12-30 22:10:06] [ThreadPoolExecutor-0_1]   Processing image 71/71: CAM_DE_01_20241017132426_predseg_labels.png
[2025-12-30 22:10:08] [ThreadPoolExecutor-0_1]   Successfully processed 71 images.
[2025-12-30 22:10:08] [ThreadPoolExecutor-0_1] === Batch Rectification Complete ===
[2025-12-30 22:10:08] [ThreadPoolExecutor-0_1] +++ Successfully processed event DE_01_20241017095237_20241017170437 +++
[2025-12-30 22:10:08] [ThreadPoolExecutor-0_1] --- Processing event: DE_01_20241021133319_20241021215719 ---
[2025-12-30 22:10:08] [ThreadPoolExecutor-0_1] [DE_01_20241021133319_20241021215719] Rectifying images from: orig_images
[2025-12-30 22:10:08] [ThreadPoolExecutor-0_1] 
=== Starting Batch Rectification ===
[2025-12-30 22:10:08] [ThreadPoolExecutor-0_1]   Source folder: /rsstu/users/k/kanarde/NASA-Sunnyverse/rmccune/poseidon/data/down_east/flood_events/DE_01_20241021133319_20241021215719/orig_images
[2025-12-30 22:10:08] [ThreadPoolExecutor-0_1]   Output Zarr store: /rsstu/users/k/kanarde/NASA-Sunnyverse/rmccune/poseidon/data/down_east/flood_events/DE_01_20241021133319_20241021215719/zarr/orig_image_rects
[2025-12-30 22:10:08] [ThreadPoolExecutor-0_1]   Found 84 images to process.
[2025-12-30 22:10:08] [ThreadPoolExecutor-0_1]   Processing image 1/84: CAM_DE_01_20241021134826.jpg
[2025-12-30 22:10:10] [ThreadPoolExecutor-0_2]   Processing image 10/100: CAM_DE_01_20241020123026.jpg
[2025-12-30 22:10:11] [ThreadPoolExecutor-0_0]   Processing image 36/95: CAM_DE_01_20241019124825.jpg
[2025-12-30 22:10:13] [ThreadPoolExecutor-0_3]   Processing image 54/99: CAM_DE_01_20241018143626.jpg
[2025-12-30 22:10:19] [ThreadPoolExecutor-0_1]   Processing image 8/84: CAM_DE_01_20241021190026.jpg
[2025-12-30 22:10:29] [ThreadPoolExecutor-0_2]   Processing image 20/100: CAM_DE_01_20241020205425.jpg
[2025-12-30 22:10:29] [ThreadPoolExecutor-0_0]   Processing image 45/95: CAM_DE_01_20241019141226.jpg
[2025-12-30 22:10:31] [ThreadPoolExecutor-0_3]   Processing image 63/99: CAM_DE_01_20241018113626.jpg
[2025-12-30 22:10:35] [ThreadPoolExecutor-0_1]   Processing image 16/84: CAM_DE_01_20241021133625.jpg
[2025-12-30 22:10:46] [ThreadPoolExecutor-0_0]   Processing image 54/95: CAM_DE_01_20241019140625.jpg
[2025-12-30 22:10:48] [ThreadPoolExecutor-0_2]   Processing image 30/100: CAM_DE_01_20241020171225.jpg
[2025-12-30 22:10:48] [ThreadPoolExecutor-0_3]   Processing image 72/99: CAM_DE_01_20241018185426.jpg
[2025-12-30 22:10:50] [ThreadPoolExecutor-0_1]   Processing image 24/84: CAM_DE_01_20241021155426.jpg
[2025-12-30 22:11:04] [ThreadPoolExecutor-0_0]   Processing image 63/95: CAM_DE_01_20241019162425.jpg
[2025-12-30 22:11:06] [ThreadPoolExecutor-0_1]   Processing image 32/84: CAM_DE_01_20241021151226.jpg
[2025-12-30 22:11:06] [ThreadPoolExecutor-0_3]   Processing image 81/99: CAM_DE_01_20241018102832.jpg
[2025-12-30 22:11:07] [ThreadPoolExecutor-0_2]   Processing image 40/100: CAM_DE_01_20241020210025.jpg
[2025-12-30 22:11:20] [ThreadPoolExecutor-0_1]   Processing image 40/84: CAM_DE_01_20241021215426.jpg
[2025-12-30 22:11:20] [ThreadPoolExecutor-0_0]   Processing image 72/95: CAM_DE_01_20241019134826.jpg
[2025-12-30 22:11:22] [ThreadPoolExecutor-0_3]   Processing image 90/99: CAM_DE_01_20241018131825.jpg
[2025-12-30 22:11:25] [ThreadPoolExecutor-0_2]   Processing image 50/100: CAM_DE_01_20241020212425.jpg
[2025-12-30 22:11:34] [ThreadPoolExecutor-0_1]   Processing image 48/84: CAM_DE_01_20241021204826.jpg
[2025-12-30 22:11:36] [ThreadPoolExecutor-0_0]   Processing image 81/95: CAM_DE_01_20241019170026.jpg
[2025-12-30 22:11:37] [ThreadPoolExecutor-0_3]   Processing image 99/99: CAM_DE_01_20241018182425.jpg
[2025-12-30 22:11:39] [ThreadPoolExecutor-0_3]   Successfully processed 99 images.
[2025-12-30 22:11:39] [ThreadPoolExecutor-0_3] === Batch Rectification Complete ===
[2025-12-30 22:11:39] [ThreadPoolExecutor-0_3] [DE_01_20241018101028_20241018195509] Rectifying labels from: labels
[2025-12-30 22:11:39] [ThreadPoolExecutor-0_3] 
=== Starting Batch Rectification ===
[2025-12-30 22:11:39] [ThreadPoolExecutor-0_3]   Source folder: /rsstu/users/k/kanarde/NASA-Sunnyverse/rmccune/poseidon/data/down_east/flood_events/DE_01_20241018101028_20241018195509/labels
[2025-12-30 22:11:39] [ThreadPoolExecutor-0_3]   Output Zarr store: /rsstu/users/k/kanarde/NASA-Sunnyverse/rmccune/poseidon/data/down_east/flood_events/DE_01_20241018101028_20241018195509/zarr/labels_rects
[2025-12-30 22:11:39] [ThreadPoolExecutor-0_3]   Found 99 images to process.
[2025-12-30 22:11:39] [ThreadPoolExecutor-0_3]   Processing image 1/99: CAM_DE_01_20241018103438_predseg_labels.png
[2025-12-30 22:11:41] [ThreadPoolExecutor-0_2]   Processing image 60/100: CAM_DE_01_20241020144225.jpg
[2025-12-30 22:11:45] [ThreadPoolExecutor-0_3]   Processing image 9/99: CAM_DE_01_20241018102244_predseg_labels.png
[2025-12-30 22:11:47] [ThreadPoolExecutor-0_1]   Processing image 56/84: CAM_DE_01_20241021183626.jpg
[2025-12-30 22:11:50] [ThreadPoolExecutor-0_0]   Processing image 90/95: CAM_DE_01_20241019160626.jpg
[2025-12-30 22:11:53] [ThreadPoolExecutor-0_3]   Processing image 18/99: CAM_DE_01_20241018110405_predseg_labels.png
[2025-12-30 22:11:55] [ThreadPoolExecutor-0_2]   Processing image 70/100: CAM_DE_01_20241020142426.jpg
[2025-12-30 22:11:59] [ThreadPoolExecutor-0_0]   Processing image 95/95: CAM_DE_01_20241019171826.jpg
[2025-12-30 22:12:00] [ThreadPoolExecutor-0_3]   Processing image 27/99: CAM_DE_01_20241018125426_predseg_labels.png
[2025-12-30 22:12:00] [ThreadPoolExecutor-0_0]   Successfully processed 95 images.
[2025-12-30 22:12:00] [ThreadPoolExecutor-0_0] === Batch Rectification Complete ===
[2025-12-30 22:12:00] [ThreadPoolExecutor-0_0] [DE_01_20241019112645_20241019205645] Rectifying labels from: labels
[2025-12-30 22:12:00] [ThreadPoolExecutor-0_0] 
=== Starting Batch Rectification ===
[2025-12-30 22:12:00] [ThreadPoolExecutor-0_0]   Source folder: /rsstu/users/k/kanarde/NASA-Sunnyverse/rmccune/poseidon/data/down_east/flood_events/DE_01_20241019112645_20241019205645/labels
[2025-12-30 22:12:00] [ThreadPoolExecutor-0_0]   Output Zarr store: /rsstu/users/k/kanarde/NASA-Sunnyverse/rmccune/poseidon/data/down_east/flood_events/DE_01_20241019112645_20241019205645/zarr/labels_rects
[2025-12-30 22:12:00] [ThreadPoolExecutor-0_1]   Processing image 64/84: CAM_DE_01_20241021170625.jpg
[2025-12-30 22:12:00] [ThreadPoolExecutor-0_0]   Found 95 images to process.
[2025-12-30 22:12:00] [ThreadPoolExecutor-0_0]   Processing image 1/95: CAM_DE_01_20241019114825_predseg_labels.png
[2025-12-30 22:12:07] [ThreadPoolExecutor-0_0]   Processing image 9/95: CAM_DE_01_20241019205425_predseg_labels.png
[2025-12-30 22:12:08] [ThreadPoolExecutor-0_3]   Processing image 36/99: CAM_DE_01_20241018124225_predseg_labels.png
[2025-12-30 22:12:11] [ThreadPoolExecutor-0_2]   Processing image 80/100: CAM_DE_01_20241020130626.jpg
[2025-12-30 22:12:12] [ThreadPoolExecutor-0_1]   Processing image 72/84: CAM_DE_01_20241021212426.jpg
[2025-12-30 22:12:14] [ThreadPoolExecutor-0_0]   Processing image 18/95: CAM_DE_01_20241019132425_predseg_labels.png
[2025-12-30 22:12:14] [ThreadPoolExecutor-0_3]   Processing image 45/99: CAM_DE_01_20241018151825_predseg_labels.png
[2025-12-30 22:12:20] [ThreadPoolExecutor-0_0]   Processing image 27/95: CAM_DE_01_20241019121226_predseg_labels.png
[2025-12-30 22:12:20] [ThreadPoolExecutor-0_3]   Processing image 54/99: CAM_DE_01_20241018123626_predseg_labels.png
[2025-12-30 22:12:22] [ThreadPoolExecutor-0_1]   Processing image 80/84: CAM_DE_01_20241021163026.jpg
[2025-12-30 22:12:24] [ThreadPoolExecutor-0_2]   Processing image 90/100: CAM_DE_01_20241020121826.jpg
[2025-12-30 22:12:27] [ThreadPoolExecutor-0_0]   Processing image 36/95: CAM_DE_01_20241019120626_predseg_labels.png
[2025-12-30 22:12:28] [ThreadPoolExecutor-0_1]   Processing image 84/84: CAM_DE_01_20241021200626.jpg
[2025-12-30 22:12:28] [ThreadPoolExecutor-0_3]   Processing image 63/99: CAM_DE_01_20241018192426_predseg_labels.png
[2025-12-30 22:12:29] [ThreadPoolExecutor-0_1]   Successfully processed 84 images.
[2025-12-30 22:12:29] [ThreadPoolExecutor-0_1] === Batch Rectification Complete ===
[2025-12-30 22:12:29] [ThreadPoolExecutor-0_1] [DE_01_20241021133319_20241021215719] Rectifying labels from: labels
[2025-12-30 22:12:29] [ThreadPoolExecutor-0_1] 
=== Starting Batch Rectification ===
[2025-12-30 22:12:29] [ThreadPoolExecutor-0_1]   Source folder: /rsstu/users/k/kanarde/NASA-Sunnyverse/rmccune/poseidon/data/down_east/flood_events/DE_01_20241021133319_20241021215719/labels
[2025-12-30 22:12:29] [ThreadPoolExecutor-0_1]   Output Zarr store: /rsstu/users/k/kanarde/NASA-Sunnyverse/rmccune/poseidon/data/down_east/flood_events/DE_01_20241021133319_20241021215719/zarr/labels_rects
[2025-12-30 22:12:29] [ThreadPoolExecutor-0_1]   Found 84 images to process.
[2025-12-30 22:12:29] [ThreadPoolExecutor-0_1]   Processing image 1/84: CAM_DE_01_20241021175426_predseg_labels.png
[2025-12-30 22:12:33] [ThreadPoolExecutor-0_0]   Processing image 45/95: CAM_DE_01_20241019190625_predseg_labels.png
[2025-12-30 22:12:34] [ThreadPoolExecutor-0_1]   Processing image 8/84: CAM_DE_01_20241021180626_predseg_labels.png
[2025-12-30 22:12:34] [ThreadPoolExecutor-0_3]   Processing image 72/99: CAM_DE_01_20241018114826_predseg_labels.png
[2025-12-30 22:12:34] [ThreadPoolExecutor-0_2]   Processing image 100/100: CAM_DE_01_20241020134225.jpg
[2025-12-30 22:12:35] [ThreadPoolExecutor-0_2]   Successfully processed 100 images.
[2025-12-30 22:12:35] [ThreadPoolExecutor-0_2] === Batch Rectification Complete ===
[2025-12-30 22:12:35] [ThreadPoolExecutor-0_2] [DE_01_20241020115645_20241020215645] Rectifying labels from: labels
[2025-12-30 22:12:35] [ThreadPoolExecutor-0_2] 
=== Starting Batch Rectification ===
[2025-12-30 22:12:35] [ThreadPoolExecutor-0_2]   Source folder: /rsstu/users/k/kanarde/NASA-Sunnyverse/rmccune/poseidon/data/down_east/flood_events/DE_01_20241020115645_20241020215645/labels
[2025-12-30 22:12:35] [ThreadPoolExecutor-0_2]   Output Zarr store: /rsstu/users/k/kanarde/NASA-Sunnyverse/rmccune/poseidon/data/down_east/flood_events/DE_01_20241020115645_20241020215645/zarr/labels_rects
[2025-12-30 22:12:35] [ThreadPoolExecutor-0_2]   Found 100 images to process.
[2025-12-30 22:12:35] [ThreadPoolExecutor-0_2]   Processing image 1/100: CAM_DE_01_20241020194826_predseg_labels.png
[2025-12-30 22:12:40] [ThreadPoolExecutor-0_1]   Processing image 16/84: CAM_DE_01_20241021164225_predseg_labels.png
[2025-12-30 22:12:40] [ThreadPoolExecutor-0_0]   Processing image 54/95: CAM_DE_01_20241019165426_predseg_labels.png
[2025-12-30 22:12:41] [ThreadPoolExecutor-0_3]   Processing image 81/99: CAM_DE_01_20241018114225_predseg_labels.png
[2025-12-30 22:12:41] [ThreadPoolExecutor-0_2]   Processing image 10/100: CAM_DE_01_20241020173026_predseg_labels.png
[2025-12-30 22:12:46] [ThreadPoolExecutor-0_1]   Processing image 24/84: CAM_DE_01_20241021193626_predseg_labels.png
[2025-12-30 22:12:46] [ThreadPoolExecutor-0_0]   Processing image 63/95: CAM_DE_01_20241019133025_predseg_labels.png
[2025-12-30 22:12:47] [ThreadPoolExecutor-0_3]   Processing image 90/99: CAM_DE_01_20241018133025_predseg_labels.png
[2025-12-30 22:12:47] [ThreadPoolExecutor-0_2]   Processing image 20/100: CAM_DE_01_20241020174826_predseg_labels.png
[2025-12-30 22:12:51] [ThreadPoolExecutor-0_1]   Processing image 32/84: CAM_DE_01_20241021143026_predseg_labels.png
[2025-12-30 22:12:52] [ThreadPoolExecutor-0_0]   Processing image 72/95: CAM_DE_01_20241019175425_predseg_labels.png
[2025-12-30 22:12:52] [ThreadPoolExecutor-0_3]   Processing image 99/99: CAM_DE_01_20241018140626_predseg_labels.png
[2025-12-30 22:12:52] [ThreadPoolExecutor-0_2]   Processing image 30/100: CAM_DE_01_20241020143625_predseg_labels.png
[2025-12-30 22:12:53] [ThreadPoolExecutor-0_3]   Successfully processed 99 images.
[2025-12-30 22:12:53] [ThreadPoolExecutor-0_3] === Batch Rectification Complete ===
[2025-12-30 22:12:53] [ThreadPoolExecutor-0_3] +++ Successfully processed event DE_01_20241018101028_20241018195509 +++
[2025-12-30 22:12:53] [ThreadPoolExecutor-0_3] --- Processing event: DE_01_20241028091002_20241028154002 ---
[2025-12-30 22:12:53] [ThreadPoolExecutor-0_3] [DE_01_20241028091002_20241028154002] Rectifying images from: orig_images
[2025-12-30 22:12:53] [ThreadPoolExecutor-0_3] 
=== Starting Batch Rectification ===
[2025-12-30 22:12:53] [ThreadPoolExecutor-0_3]   Source folder: /rsstu/users/k/kanarde/NASA-Sunnyverse/rmccune/poseidon/data/down_east/flood_events/DE_01_20241028091002_20241028154002/orig_images
[2025-12-30 22:12:53] [ThreadPoolExecutor-0_3]   Output Zarr store: /rsstu/users/k/kanarde/NASA-Sunnyverse/rmccune/poseidon/data/down_east/flood_events/DE_01_20241028091002_20241028154002/zarr/orig_image_rects
[2025-12-30 22:12:53] [ThreadPoolExecutor-0_3]   Found 55 images to process.
[2025-12-30 22:12:53] [ThreadPoolExecutor-0_3]   Processing image 1/55: CAM_DE_01_20241028111606.jpg
[2025-12-30 22:12:56] [ThreadPoolExecutor-0_1]   Processing image 40/84: CAM_DE_01_20241021153026_predseg_labels.png
[2025-12-30 22:12:58] [ThreadPoolExecutor-0_3]   Processing image 5/55: CAM_DE_01_20241028135426.jpg
[2025-12-30 22:12:58] [ThreadPoolExecutor-0_0]   Processing image 81/95: CAM_DE_01_20241019180025_predseg_labels.png
[2025-12-30 22:12:59] [ThreadPoolExecutor-0_2]   Processing image 40/100: CAM_DE_01_20241020160626_predseg_labels.png
[2025-12-30 22:13:01] [ThreadPoolExecutor-0_1]   Processing image 48/84: CAM_DE_01_20241021134826_predseg_labels.png
[2025-12-30 22:13:04] [ThreadPoolExecutor-0_3]   Processing image 10/55: CAM_DE_01_20241028102300.jpg
[2025-12-30 22:13:04] [ThreadPoolExecutor-0_0]   Processing image 90/95: CAM_DE_01_20241019192425_predseg_labels.png
[2025-12-30 22:13:05] [ThreadPoolExecutor-0_2]   Processing image 50/100: CAM_DE_01_20241020185426_predseg_labels.png
[2025-12-30 22:13:07] [ThreadPoolExecutor-0_1]   Processing image 56/84: CAM_DE_01_20241021180026_predseg_labels.png
[2025-12-30 22:13:07] [ThreadPoolExecutor-0_0]   Processing image 95/95: CAM_DE_01_20241019155426_predseg_labels.png
[2025-12-30 22:13:08] [ThreadPoolExecutor-0_0]   Successfully processed 95 images.
[2025-12-30 22:13:08] [ThreadPoolExecutor-0_0] === Batch Rectification Complete ===
[2025-12-30 22:13:08] [ThreadPoolExecutor-0_0] +++ Successfully processed event DE_01_20241019112645_20241019205645 +++
[2025-12-30 22:13:08] [ThreadPoolExecutor-0_0] --- Processing event: DE_01_20241104121024_20241104205224 ---
[2025-12-30 22:13:08] [ThreadPoolExecutor-0_0] [DE_01_20241104121024_20241104205224] Rectifying images from: orig_images
[2025-12-30 22:13:08] [ThreadPoolExecutor-0_0] 
=== Starting Batch Rectification ===
[2025-12-30 22:13:08] [ThreadPoolExecutor-0_0]   Source folder: /rsstu/users/k/kanarde/NASA-Sunnyverse/rmccune/poseidon/data/down_east/flood_events/DE_01_20241104121024_20241104205224/orig_images
[2025-12-30 22:13:08] [ThreadPoolExecutor-0_0]   Output Zarr store: /rsstu/users/k/kanarde/NASA-Sunnyverse/rmccune/poseidon/data/down_east/flood_events/DE_01_20241104121024_20241104205224/zarr/orig_image_rects
[2025-12-30 22:13:08] [ThreadPoolExecutor-0_0]   Found 87 images to process.
[2025-12-30 22:13:08] [ThreadPoolExecutor-0_0]   Processing image 1/87: CAM_DE_01_20241104154826.jpg
[2025-12-30 22:13:09] [ThreadPoolExecutor-0_3]   Processing image 15/55: CAM_DE_01_20241028134226.jpg
[2025-12-30 22:13:12] [ThreadPoolExecutor-0_2]   Processing image 60/100: CAM_DE_01_20241020143026_predseg_labels.png
[2025-12-30 22:13:12] [ThreadPoolExecutor-0_1]   Processing image 64/84: CAM_DE_01_20241021154826_predseg_labels.png
[2025-12-30 22:13:17] [ThreadPoolExecutor-0_3]   Processing image 20/55: CAM_DE_01_20241028144225.jpg
[2025-12-30 22:13:18] [ThreadPoolExecutor-0_0]   Processing image 8/87: CAM_DE_01_20241104160026.jpg
[2025-12-30 22:13:18] [ThreadPoolExecutor-0_1]   Processing image 72/84: CAM_DE_01_20241021144226_predseg_labels.png
[2025-12-30 22:13:19] [ThreadPoolExecutor-0_2]   Processing image 70/100: CAM_DE_01_20241020171825_predseg_labels.png
[2025-12-30 22:13:23] [ThreadPoolExecutor-0_3]   Processing image 25/55: CAM_DE_01_20241028134826.jpg
[2025-12-30 22:13:23] [ThreadPoolExecutor-0_1]   Processing image 80/84: CAM_DE_01_20241021184226_predseg_labels.png
[2025-12-30 22:13:27] [ThreadPoolExecutor-0_1]   Processing image 84/84: CAM_DE_01_20241021141225_predseg_labels.png
[2025-12-30 22:13:27] [ThreadPoolExecutor-0_2]   Processing image 80/100: CAM_DE_01_20241020180626_predseg_labels.png
[2025-12-30 22:13:28] [ThreadPoolExecutor-0_1]   Successfully processed 84 images.
[2025-12-30 22:13:28] [ThreadPoolExecutor-0_1] === Batch Rectification Complete ===
[2025-12-30 22:13:28] [ThreadPoolExecutor-0_1] +++ Successfully processed event DE_01_20241021133319_20241021215719 +++
[2025-12-30 22:13:28] [ThreadPoolExecutor-0_1] --- Processing event: DE_01_20241113075242_20241113162242 ---
[2025-12-30 22:13:28] [ThreadPoolExecutor-0_1] [DE_01_20241113075242_20241113162242] Rectifying images from: orig_images
[2025-12-30 22:13:28] [ThreadPoolExecutor-0_1] 
=== Starting Batch Rectification ===
[2025-12-30 22:13:28] [ThreadPoolExecutor-0_1]   Source folder: /rsstu/users/k/kanarde/NASA-Sunnyverse/rmccune/poseidon/data/down_east/flood_events/DE_01_20241113075242_20241113162242/orig_images
[2025-12-30 22:13:28] [ThreadPoolExecutor-0_1]   Output Zarr store: /rsstu/users/k/kanarde/NASA-Sunnyverse/rmccune/poseidon/data/down_east/flood_events/DE_01_20241113075242_20241113162242/zarr/orig_image_rects
[2025-12-30 22:13:28] [ThreadPoolExecutor-0_1]   Found 54 images to process.
[2025-12-30 22:13:28] [ThreadPoolExecutor-0_1]   Processing image 1/54: CAM_DE_01_20241113142426.jpg
[2025-12-30 22:13:30] [ThreadPoolExecutor-0_0]   Processing image 16/87: CAM_DE_01_20241104131226.jpg
[2025-12-30 22:13:31] [ThreadPoolExecutor-0_3]   Processing image 30/55: CAM_DE_01_20241028105812.jpg
[2025-12-30 22:13:35] [ThreadPoolExecutor-0_1]   Processing image 5/54: CAM_DE_01_20241113124225.jpg
[2025-12-30 22:13:35] [ThreadPoolExecutor-0_2]   Processing image 90/100: CAM_DE_01_20241020123026_predseg_labels.png
[2025-12-30 22:13:40] [ThreadPoolExecutor-0_3]   Processing image 35/55: CAM_DE_01_20241028115425.jpg
[2025-12-30 22:13:43] [ThreadPoolExecutor-0_1]   Processing image 10/54: CAM_DE_01_20241113160626.jpg
[2025-12-30 22:13:43] [ThreadPoolExecutor-0_0]   Processing image 24/87: CAM_DE_01_20241104143626.jpg
[2025-12-30 22:13:43] [ThreadPoolExecutor-0_2]   Processing image 100/100: CAM_DE_01_20241020121225_predseg_labels.png
[2025-12-30 22:13:44] [ThreadPoolExecutor-0_2]   Successfully processed 100 images.
[2025-12-30 22:13:44] [ThreadPoolExecutor-0_2] === Batch Rectification Complete ===
[2025-12-30 22:13:44] [ThreadPoolExecutor-0_2] +++ Successfully processed event DE_01_20241020115645_20241020215645 +++
[2025-12-30 22:13:44] [ThreadPoolExecutor-0_2] --- Processing event: DE_01_20241114074751_20241114182951 ---
[2025-12-30 22:13:44] [ThreadPoolExecutor-0_2] [DE_01_20241114074751_20241114182951] Rectifying images from: orig_images
[2025-12-30 22:13:44] [ThreadPoolExecutor-0_2] 
=== Starting Batch Rectification ===
[2025-12-30 22:13:44] [ThreadPoolExecutor-0_2]   Source folder: /rsstu/users/k/kanarde/NASA-Sunnyverse/rmccune/poseidon/data/down_east/flood_events/DE_01_20241114074751_20241114182951/orig_images
[2025-12-30 22:13:44] [ThreadPoolExecutor-0_2]   Output Zarr store: /rsstu/users/k/kanarde/NASA-Sunnyverse/rmccune/poseidon/data/down_east/flood_events/DE_01_20241114074751_20241114182951/zarr/orig_image_rects
[2025-12-30 22:13:44] [ThreadPoolExecutor-0_2]   Found 75 images to process.
[2025-12-30 22:13:44] [ThreadPoolExecutor-0_2]   Processing image 1/75: CAM_DE_01_20241114173026.jpg
[2025-12-30 22:13:49] [ThreadPoolExecutor-0_3]   Processing image 40/55: CAM_DE_01_20241028123626.jpg
[2025-12-30 22:13:53] [ThreadPoolExecutor-0_1]   Processing image 15/54: CAM_DE_01_20241113112805.jpg
[2025-12-30 22:13:54] [ThreadPoolExecutor-0_2]   Processing image 7/75: CAM_DE_01_20241114164226.jpg
[2025-12-30 22:13:58] [ThreadPoolExecutor-0_3]   Processing image 45/55: CAM_DE_01_20241028140025.jpg
[2025-12-30 22:13:58] [ThreadPoolExecutor-0_0]   Processing image 32/87: CAM_DE_01_20241104170626.jpg
[2025-12-30 22:14:02] [ThreadPoolExecutor-0_1]   Processing image 20/54: CAM_DE_01_20241113130625.jpg
[2025-12-30 22:14:08] [ThreadPoolExecutor-0_2]   Processing image 14/75: CAM_DE_01_20241114161826.jpg
[2025-12-30 22:14:08] [ThreadPoolExecutor-0_3]   Processing image 50/55: CAM_DE_01_20241028112426.jpg
[2025-12-30 22:14:12] [ThreadPoolExecutor-0_1]   Processing image 25/54: CAM_DE_01_20241113161226.jpg
[2025-12-30 22:14:14] [ThreadPoolExecutor-0_0]   Processing image 40/87: CAM_DE_01_20241104130626.jpg
[2025-12-30 22:14:17] [ThreadPoolExecutor-0_3]   Processing image 55/55: CAM_DE_01_20241028130626.jpg
[2025-12-30 22:14:20] [ThreadPoolExecutor-0_3]   Successfully processed 55 images.
[2025-12-30 22:14:20] [ThreadPoolExecutor-0_3] === Batch Rectification Complete ===
[2025-12-30 22:14:20] [ThreadPoolExecutor-0_3] [DE_01_20241028091002_20241028154002] Rectifying labels from: labels
[2025-12-30 22:14:20] [ThreadPoolExecutor-0_3] 
=== Starting Batch Rectification ===
[2025-12-30 22:14:20] [ThreadPoolExecutor-0_3]   Source folder: /rsstu/users/k/kanarde/NASA-Sunnyverse/rmccune/poseidon/data/down_east/flood_events/DE_01_20241028091002_20241028154002/labels
[2025-12-30 22:14:20] [ThreadPoolExecutor-0_3]   Output Zarr store: /rsstu/users/k/kanarde/NASA-Sunnyverse/rmccune/poseidon/data/down_east/flood_events/DE_01_20241028091002_20241028154002/zarr/labels_rects
[2025-12-30 22:14:20] [ThreadPoolExecutor-0_3]   Found 55 images to process.
[2025-12-30 22:14:20] [ThreadPoolExecutor-0_3]   Processing image 1/55: CAM_DE_01_20241028122426_predseg_labels.png
[2025-12-30 22:14:22] [ThreadPoolExecutor-0_1]   Processing image 30/54: CAM_DE_01_20241113151826.jpg
[2025-12-30 22:14:22] [ThreadPoolExecutor-0_2]   Processing image 21/75: CAM_DE_01_20241114131826.jpg
[2025-12-30 22:14:25] [ThreadPoolExecutor-0_3]   Processing image 5/55: CAM_DE_01_20241028151225_predseg_labels.png
[2025-12-30 22:14:30] [ThreadPoolExecutor-0_3]   Processing image 10/55: CAM_DE_01_20241028120625_predseg_labels.png
[2025-12-30 22:14:31] [ThreadPoolExecutor-0_0]   Processing image 48/87: CAM_DE_01_20241104151826.jpg
[2025-12-30 22:14:33] [ThreadPoolExecutor-0_1]   Processing image 35/54: CAM_DE_01_20241113144826.jpg
[2025-12-30 22:14:35] [ThreadPoolExecutor-0_3]   Processing image 15/55: CAM_DE_01_20241028145426_predseg_labels.png
[2025-12-30 22:14:37] [ThreadPoolExecutor-0_2]   Processing image 28/75: CAM_DE_01_20241114143625.jpg
[2025-12-30 22:14:40] [ThreadPoolExecutor-0_3]   Processing image 20/55: CAM_DE_01_20241028114825_predseg_labels.png
[2025-12-30 22:14:42] [ThreadPoolExecutor-0_1]   Processing image 40/54: CAM_DE_01_20241113140626.jpg
[2025-12-30 22:14:44] [ThreadPoolExecutor-0_3]   Processing image 25/55: CAM_DE_01_20241028133626_predseg_labels.png
[2025-12-30 22:14:46] [ThreadPoolExecutor-0_0]   Processing image 56/87: CAM_DE_01_20241104182426.jpg
[2025-12-30 22:14:50] [ThreadPoolExecutor-0_3]   Processing image 30/55: CAM_DE_01_20241028150025_predseg_labels.png
[2025-12-30 22:14:50] [ThreadPoolExecutor-0_2]   Processing image 35/75: CAM_DE_01_20241114112207.jpg
[2025-12-30 22:14:52] [ThreadPoolExecutor-0_1]   Processing image 45/54: CAM_DE_01_20241113110440.jpg
[2025-12-30 22:14:54] [ThreadPoolExecutor-0_3]   Processing image 35/55: CAM_DE_01_20241028152425_predseg_labels.png
[2025-12-30 22:15:01] [ThreadPoolExecutor-0_3]   Processing image 40/55: CAM_DE_01_20241028101108_predseg_labels.png
[2025-12-30 22:15:03] [ThreadPoolExecutor-0_1]   Processing image 50/54: CAM_DE_01_20241113150625.jpg
[2025-12-30 22:15:03] [ThreadPoolExecutor-0_0]   Processing image 64/87: CAM_DE_01_20241104130026.jpg
[2025-12-30 22:15:06] [ThreadPoolExecutor-0_2]   Processing image 42/75: CAM_DE_01_20241114130025.jpg
[2025-12-30 22:15:06] [ThreadPoolExecutor-0_3]   Processing image 45/55: CAM_DE_01_20241028110407_predseg_labels.png
[2025-12-30 22:15:12] [ThreadPoolExecutor-0_3]   Processing image 50/55: CAM_DE_01_20241028105812_predseg_labels.png
[2025-12-30 22:15:12] [ThreadPoolExecutor-0_1]   Processing image 54/54: CAM_DE_01_20241113121826.jpg
[2025-12-30 22:15:14] [ThreadPoolExecutor-0_1]   Successfully processed 54 images.
[2025-12-30 22:15:14] [ThreadPoolExecutor-0_1] === Batch Rectification Complete ===
[2025-12-30 22:15:14] [ThreadPoolExecutor-0_1] [DE_01_20241113075242_20241113162242] Rectifying labels from: labels
[2025-12-30 22:15:14] [ThreadPoolExecutor-0_1] 
=== Starting Batch Rectification ===
[2025-12-30 22:15:14] [ThreadPoolExecutor-0_1]   Source folder: /rsstu/users/k/kanarde/NASA-Sunnyverse/rmccune/poseidon/data/down_east/flood_events/DE_01_20241113075242_20241113162242/labels
[2025-12-30 22:15:14] [ThreadPoolExecutor-0_1]   Output Zarr store: /rsstu/users/k/kanarde/NASA-Sunnyverse/rmccune/poseidon/data/down_east/flood_events/DE_01_20241113075242_20241113162242/zarr/labels_rects
[2025-12-30 22:15:14] [ThreadPoolExecutor-0_1]   Found 54 images to process.
[2025-12-30 22:15:14] [ThreadPoolExecutor-0_1]   Processing image 1/54: CAM_DE_01_20241113125426_predseg_labels.png
[2025-12-30 22:15:16] [ThreadPoolExecutor-0_3]   Processing image 55/55: CAM_DE_01_20241028144826_predseg_labels.png
[2025-12-30 22:15:18] [ThreadPoolExecutor-0_3]   Successfully processed 55 images.
[2025-12-30 22:15:18] [ThreadPoolExecutor-0_3] === Batch Rectification Complete ===
[2025-12-30 22:15:18] [ThreadPoolExecutor-0_3] +++ Successfully processed event DE_01_20241028091002_20241028154002 +++
[2025-12-30 22:15:18] [ThreadPoolExecutor-0_3] --- Processing event: DE_01_20241115080754_20241115211140 ---
[2025-12-30 22:15:18] [ThreadPoolExecutor-0_3] [DE_01_20241115080754_20241115211140] Rectifying images from: orig_images
[2025-12-30 22:15:18] [ThreadPoolExecutor-0_3] 
=== Starting Batch Rectification ===
[2025-12-30 22:15:18] [ThreadPoolExecutor-0_3]   Source folder: /rsstu/users/k/kanarde/NASA-Sunnyverse/rmccune/poseidon/data/down_east/flood_events/DE_01_20241115080754_20241115211140/orig_images
[2025-12-30 22:15:18] [ThreadPoolExecutor-0_3]   Output Zarr store: /rsstu/users/k/kanarde/NASA-Sunnyverse/rmccune/poseidon/data/down_east/flood_events/DE_01_20241115080754_20241115211140/zarr/orig_image_rects
[2025-12-30 22:15:18] [ThreadPoolExecutor-0_3]   Found 102 images to process.
[2025-12-30 22:15:18] [ThreadPoolExecutor-0_3]   Processing image 1/102: CAM_DE_01_20241115180626.jpg
[2025-12-30 22:15:19] [ThreadPoolExecutor-0_1]   Processing image 5/54: CAM_DE_01_20241113151226_predseg_labels.png
[2025-12-30 22:15:22] [ThreadPoolExecutor-0_2]   Processing image 49/75: CAM_DE_01_20241114165426.jpg
[2025-12-30 22:15:22] [ThreadPoolExecutor-0_0]   Processing image 72/87: CAM_DE_01_20241104164225.jpg
[2025-12-30 22:15:25] [ThreadPoolExecutor-0_1]   Processing image 10/54: CAM_DE_01_20241113154226_predseg_labels.png
[2025-12-30 22:15:29] [ThreadPoolExecutor-0_1]   Processing image 15/54: CAM_DE_01_20241113110440_predseg_labels.png
[2025-12-30 22:15:35] [ThreadPoolExecutor-0_1]   Processing image 20/54: CAM_DE_01_20241113115425_predseg_labels.png
[2025-12-30 22:15:35] [ThreadPoolExecutor-0_2]   Processing image 56/75: CAM_DE_01_20241114153026.jpg
[2025-12-30 22:15:35] [ThreadPoolExecutor-0_3]   Processing image 10/102: CAM_DE_01_20241115123626.jpg
[2025-12-30 22:15:37] [ThreadPoolExecutor-0_0]   Processing image 80/87: CAM_DE_01_20241104154226.jpg
[2025-12-30 22:15:39] [ThreadPoolExecutor-0_1]   Processing image 25/54: CAM_DE_01_20241113111015_predseg_labels.png
[2025-12-30 22:15:44] [ThreadPoolExecutor-0_1]   Processing image 30/54: CAM_DE_01_20241113143026_predseg_labels.png
[2025-12-30 22:15:49] [ThreadPoolExecutor-0_2]   Processing image 63/75: CAM_DE_01_20241114155425.jpg
[2025-12-30 22:15:49] [ThreadPoolExecutor-0_1]   Processing image 35/54: CAM_DE_01_20241113144826_predseg_labels.png
[2025-12-30 22:15:52] [ThreadPoolExecutor-0_0]   Processing image 87/87: CAM_DE_01_20241104124226.jpg
[2025-12-30 22:15:55] [ThreadPoolExecutor-0_0]   Successfully processed 87 images.
[2025-12-30 22:15:55] [ThreadPoolExecutor-0_0] === Batch Rectification Complete ===
[2025-12-30 22:15:55] [ThreadPoolExecutor-0_0] [DE_01_20241104121024_20241104205224] Rectifying labels from: labels
[2025-12-30 22:15:55] [ThreadPoolExecutor-0_0] 
=== Starting Batch Rectification ===
[2025-12-30 22:15:55] [ThreadPoolExecutor-0_0]   Source folder: /rsstu/users/k/kanarde/NASA-Sunnyverse/rmccune/poseidon/data/down_east/flood_events/DE_01_20241104121024_20241104205224/labels
[2025-12-30 22:15:55] [ThreadPoolExecutor-0_0]   Output Zarr store: /rsstu/users/k/kanarde/NASA-Sunnyverse/rmccune/poseidon/data/down_east/flood_events/DE_01_20241104121024_20241104205224/zarr/labels_rects
[2025-12-30 22:15:55] [ThreadPoolExecutor-0_0]   Found 87 images to process.
[2025-12-30 22:15:55] [ThreadPoolExecutor-0_0]   Processing image 1/87: CAM_DE_01_20241104161826_predseg_labels.png
[2025-12-30 22:15:57] [ThreadPoolExecutor-0_1]   Processing image 40/54: CAM_DE_01_20241113134225_predseg_labels.png
[2025-12-30 22:15:58] [ThreadPoolExecutor-0_3]   Processing image 20/102: CAM_DE_01_20241115124826.jpg
[2025-12-30 22:16:04] [ThreadPoolExecutor-0_1]   Processing image 45/54: CAM_DE_01_20241113154825_predseg_labels.png
[2025-12-30 22:16:06] [ThreadPoolExecutor-0_0]   Processing image 8/87: CAM_DE_01_20241104140026_predseg_labels.png
[2025-12-30 22:16:09] [ThreadPoolExecutor-0_2]   Processing image 70/75: CAM_DE_01_20241114141826.jpg
[2025-12-30 22:16:11] [ThreadPoolExecutor-0_1]   Processing image 50/54: CAM_DE_01_20241113120026_predseg_labels.png
[2025-12-30 22:16:16] [ThreadPoolExecutor-0_1]   Processing image 54/54: CAM_DE_01_20241113150026_predseg_labels.png
[2025-12-30 22:16:17] [ThreadPoolExecutor-0_0]   Processing image 16/87: CAM_DE_01_20241104193626_predseg_labels.png
[2025-12-30 22:16:17] [ThreadPoolExecutor-0_1]   Successfully processed 54 images.
[2025-12-30 22:16:17] [ThreadPoolExecutor-0_1] === Batch Rectification Complete ===
[2025-12-30 22:16:17] [ThreadPoolExecutor-0_1] +++ Successfully processed event DE_01_20241113075242_20241113162242 +++
[2025-12-30 22:16:17] [ThreadPoolExecutor-0_1] --- Processing event: DE_01_20241116080050_20241116213050 ---
[2025-12-30 22:16:17] [ThreadPoolExecutor-0_1] [DE_01_20241116080050_20241116213050] Rectifying images from: orig_images
[2025-12-30 22:16:17] [ThreadPoolExecutor-0_1] 
=== Starting Batch Rectification ===
[2025-12-30 22:16:17] [ThreadPoolExecutor-0_1]   Source folder: /rsstu/users/k/kanarde/NASA-Sunnyverse/rmccune/poseidon/data/down_east/flood_events/DE_01_20241116080050_20241116213050/orig_images
[2025-12-30 22:16:17] [ThreadPoolExecutor-0_1]   Output Zarr store: /rsstu/users/k/kanarde/NASA-Sunnyverse/rmccune/poseidon/data/down_east/flood_events/DE_01_20241116080050_20241116213050/zarr/orig_image_rects
[2025-12-30 22:16:17] [ThreadPoolExecutor-0_1]   Found 106 images to process.
[2025-12-30 22:16:17] [ThreadPoolExecutor-0_1]   Processing image 1/106: CAM_DE_01_20241116172425.jpg
[2025-12-30 22:16:21] [ThreadPoolExecutor-0_2]   Processing image 75/75: CAM_DE_01_20241114173625.jpg
[2025-12-30 22:16:23] [ThreadPoolExecutor-0_3]   Processing image 30/102: CAM_DE_01_20241115160626.jpg
[2025-12-30 22:16:23] [ThreadPoolExecutor-0_2]   Successfully processed 75 images.
[2025-12-30 22:16:23] [ThreadPoolExecutor-0_2] === Batch Rectification Complete ===
[2025-12-30 22:16:23] [ThreadPoolExecutor-0_2] [DE_01_20241114074751_20241114182951] Rectifying labels from: labels
[2025-12-30 22:16:23] [ThreadPoolExecutor-0_2] 
=== Starting Batch Rectification ===
[2025-12-30 22:16:23] [ThreadPoolExecutor-0_2]   Source folder: /rsstu/users/k/kanarde/NASA-Sunnyverse/rmccune/poseidon/data/down_east/flood_events/DE_01_20241114074751_20241114182951/labels
[2025-12-30 22:16:23] [ThreadPoolExecutor-0_2]   Output Zarr store: /rsstu/users/k/kanarde/NASA-Sunnyverse/rmccune/poseidon/data/down_east/flood_events/DE_01_20241114074751_20241114182951/zarr/labels_rects
[2025-12-30 22:16:23] [ThreadPoolExecutor-0_2]   Found 75 images to process.
[2025-12-30 22:16:23] [ThreadPoolExecutor-0_2]   Processing image 1/75: CAM_DE_01_20241114170026_predseg_labels.png
[2025-12-30 22:16:25] [ThreadPoolExecutor-0_0]   Processing image 24/87: CAM_DE_01_20241104133026_predseg_labels.png
[2025-12-30 22:16:29] [ThreadPoolExecutor-0_2]   Processing image 7/75: CAM_DE_01_20241114124225_predseg_labels.png
[2025-12-30 22:16:33] [ThreadPoolExecutor-0_0]   Processing image 32/87: CAM_DE_01_20241104121825_predseg_labels.png
[2025-12-30 22:16:35] [ThreadPoolExecutor-0_1]   Processing image 10/106: CAM_DE_01_20241116144226.jpg
[2025-12-30 22:16:36] [ThreadPoolExecutor-0_2]   Processing image 14/75: CAM_DE_01_20241114141826_predseg_labels.png
[2025-12-30 22:16:39] [ThreadPoolExecutor-0_0]   Processing image 40/87: CAM_DE_01_20241104195425_predseg_labels.png
[2025-12-30 22:16:42] [ThreadPoolExecutor-0_3]   Processing image 40/102: CAM_DE_01_20241115113406.jpg
[2025-12-30 22:16:42] [ThreadPoolExecutor-0_2]   Processing image 21/75: CAM_DE_01_20241114144226_predseg_labels.png
[2025-12-30 22:16:47] [ThreadPoolExecutor-0_0]   Processing image 48/87: CAM_DE_01_20241104141225_predseg_labels.png
[2025-12-30 22:16:49] [ThreadPoolExecutor-0_2]   Processing image 28/75: CAM_DE_01_20241114111011_predseg_labels.png
[2025-12-30 22:16:53] [ThreadPoolExecutor-0_1]   Processing image 20/106: CAM_DE_01_20241116162425.jpg
[2025-12-30 22:16:54] [ThreadPoolExecutor-0_0]   Processing image 56/87: CAM_DE_01_20241104173025_predseg_labels.png
[2025-12-30 22:16:56] [ThreadPoolExecutor-0_2]   Processing image 35/75: CAM_DE_01_20241114130025_predseg_labels.png
[2025-12-30 22:17:00] [ThreadPoolExecutor-0_3]   Processing image 50/102: CAM_DE_01_20241115174226.jpg
[2025-12-30 22:17:01] [ThreadPoolExecutor-0_2]   Processing image 42/75: CAM_DE_01_20241114152425_predseg_labels.png
[2025-12-30 22:17:02] [ThreadPoolExecutor-0_0]   Processing image 64/87: CAM_DE_01_20241104181225_predseg_labels.png
[2025-12-30 22:17:07] [ThreadPoolExecutor-0_2]   Processing image 49/75: CAM_DE_01_20241114145426_predseg_labels.png
[2025-12-30 22:17:09] [ThreadPoolExecutor-0_1]   Processing image 30/106: CAM_DE_01_20241116210625.jpg
[2025-12-30 22:17:09] [ThreadPoolExecutor-0_0]   Processing image 72/87: CAM_DE_01_20241104204825_predseg_labels.png
[2025-12-30 22:17:14] [ThreadPoolExecutor-0_2]   Processing image 56/75: CAM_DE_01_20241114150626_predseg_labels.png
[2025-12-30 22:17:17] [ThreadPoolExecutor-0_3]   Processing image 60/102: CAM_DE_01_20241115200026.jpg
[2025-12-30 22:17:17] [ThreadPoolExecutor-0_0]   Processing image 80/87: CAM_DE_01_20241104171226_predseg_labels.png
[2025-12-30 22:17:20] [ThreadPoolExecutor-0_2]   Processing image 63/75: CAM_DE_01_20241114121826_predseg_labels.png
[2025-12-30 22:17:24] [ThreadPoolExecutor-0_0]   Processing image 87/87: CAM_DE_01_20241104163026_predseg_labels.png
[2025-12-30 22:17:25] [ThreadPoolExecutor-0_0]   Successfully processed 87 images.
[2025-12-30 22:17:25] [ThreadPoolExecutor-0_0] === Batch Rectification Complete ===
[2025-12-30 22:17:25] [ThreadPoolExecutor-0_0] +++ Successfully processed event DE_01_20241104121024_20241104205224 +++
[2025-12-30 22:17:25] [ThreadPoolExecutor-0_0] --- Processing event: DE_01_20241117094924_20241117211324 ---
[2025-12-30 22:17:25] [ThreadPoolExecutor-0_0] [DE_01_20241117094924_20241117211324] Rectifying images from: orig_images
[2025-12-30 22:17:25] [ThreadPoolExecutor-0_0] 
=== Starting Batch Rectification ===
[2025-12-30 22:17:25] [ThreadPoolExecutor-0_0]   Source folder: /rsstu/users/k/kanarde/NASA-Sunnyverse/rmccune/poseidon/data/down_east/flood_events/DE_01_20241117094924_20241117211324/orig_images
[2025-12-30 22:17:25] [ThreadPoolExecutor-0_0]   Output Zarr store: /rsstu/users/k/kanarde/NASA-Sunnyverse/rmccune/poseidon/data/down_east/flood_events/DE_01_20241117094924_20241117211324/zarr/orig_image_rects
[2025-12-30 22:17:25] [ThreadPoolExecutor-0_0]   Found 103 images to process.
[2025-12-30 22:17:25] [ThreadPoolExecutor-0_0]   Processing image 1/103: CAM_DE_01_20241117140625.jpg
User defined signal 2
