Loaded environment variables from /rsstu/users/k/kanarde/NASA-Sunnyverse/rmccune/poseidon/poseidon_deploy/hpc_submission_scripts/../hpc_paths.env
Activating conda environment...
Starting plotter Python script with MPI...
[2026-01-27 23:43:01] 
=== Processing Flood Event: CB_03_20220819133226_20220819200826 ===
[2026-01-27 23:43:01]   Source Zarr directory: /rsstu/users/k/kanarde/NASA-Sunnyverse/rmccune/poseidon/data/carolina_beach/flood_events/CB_03_20220819133226_20220819200826/zarr/depth_maps
[2026-01-27 23:43:01]   Filtering for stats: ['95_perc']
[2026-01-27 23:43:01]   Found 528 potential Zarr stores. 132 will be processed.
[2026-01-27 23:46:48]     -> An ERROR occurred while processing CAM_CB_03_20220819133625_predseg_labels_rectified_depth_map_95_perc: Too many points (841 out of 841) failed to transform, unable to compute output bounds.
[2026-01-27 23:46:49]     -> An ERROR occurred while processing CAM_CB_03_20220819133625_predseg_labels_rectified_wse_map_95_perc: Too many points (841 out of 841) failed to transform, unable to compute output bounds.
[2026-01-27 23:46:49]     -> An ERROR occurred while processing CAM_CB_03_20220819134225_predseg_labels_rectified_depth_map_95_perc: Too many points (841 out of 841) failed to transform, unable to compute output bounds.
[2026-01-27 23:46:53]     -> An ERROR occurred while processing CAM_CB_03_20220819134225_predseg_labels_rectified_wse_map_95_perc: Too many points (841 out of 841) failed to transform, unable to compute output bounds.
[2026-01-27 23:46:53]     -> An ERROR occurred while processing CAM_CB_03_20220819134826_predseg_labels_rectified_depth_map_95_perc: Too many points (841 out of 841) failed to transform, unable to compute output bounds.
[2026-01-27 23:46:53]     ...progress: 5% complete (6/132)
[2026-01-27 23:46:56]     -> An ERROR occurred while processing CAM_CB_03_20220819134826_predseg_labels_rectified_wse_map_95_perc: Too many points (841 out of 841) failed to transform, unable to compute output bounds.
[2026-01-27 23:46:57]     -> An ERROR occurred while processing CAM_CB_03_20220819135426_predseg_labels_rectified_depth_map_95_perc: Too many points (841 out of 841) failed to transform, unable to compute output bounds.
[2026-01-27 23:47:01]     -> An ERROR occurred while processing CAM_CB_03_20220819135426_predseg_labels_rectified_wse_map_95_perc: Too many points (841 out of 841) failed to transform, unable to compute output bounds.
[2026-01-27 23:47:01]     -> An ERROR occurred while processing CAM_CB_03_20220819140025_predseg_labels_rectified_depth_map_95_perc: Too many points (841 out of 841) failed to transform, unable to compute output bounds.
[2026-01-27 23:47:03]     -> An ERROR occurred while processing CAM_CB_03_20220819140025_predseg_labels_rectified_wse_map_95_perc: Too many points (841 out of 841) failed to transform, unable to compute output bounds.
[2026-01-27 23:47:04]     -> An ERROR occurred while processing CAM_CB_03_20220819140625_predseg_labels_rectified_depth_map_95_perc: Too many points (841 out of 841) failed to transform, unable to compute output bounds.
[2026-01-27 23:47:04]     ...progress: 9% complete (12/132)
[2026-01-27 23:47:08]     -> An ERROR occurred while processing CAM_CB_03_20220819140625_predseg_labels_rectified_wse_map_95_perc: Too many points (841 out of 841) failed to transform, unable to compute output bounds.
[2026-01-27 23:47:08]     -> An ERROR occurred while processing CAM_CB_03_20220819141226_predseg_labels_rectified_depth_map_95_perc: Too many points (841 out of 841) failed to transform, unable to compute output bounds.
[2026-01-27 23:47:14]     -> An ERROR occurred while processing CAM_CB_03_20220819141226_predseg_labels_rectified_wse_map_95_perc: Too many points (841 out of 841) failed to transform, unable to compute output bounds.
[2026-01-27 23:47:14]     -> An ERROR occurred while processing CAM_CB_03_20220819141825_predseg_labels_rectified_depth_map_95_perc: Too many points (841 out of 841) failed to transform, unable to compute output bounds.
[2026-01-27 23:47:17]     -> An ERROR occurred while processing CAM_CB_03_20220819141825_predseg_labels_rectified_wse_map_95_perc: Too many points (841 out of 841) failed to transform, unable to compute output bounds.
[2026-01-27 23:47:17]     -> An ERROR occurred while processing CAM_CB_03_20220819142425_predseg_labels_rectified_depth_map_95_perc: Too many points (841 out of 841) failed to transform, unable to compute output bounds.
[2026-01-27 23:47:17]     ...progress: 14% complete (18/132)
[2026-01-27 23:47:21]     -> An ERROR occurred while processing CAM_CB_03_20220819142425_predseg_labels_rectified_wse_map_95_perc: Too many points (841 out of 841) failed to transform, unable to compute output bounds.
[2026-01-27 23:47:22]     -> An ERROR occurred while processing CAM_CB_03_20220819143025_predseg_labels_rectified_depth_map_95_perc: Too many points (841 out of 841) failed to transform, unable to compute output bounds.
[2026-01-27 23:47:27]     -> An ERROR occurred while processing CAM_CB_03_20220819143025_predseg_labels_rectified_wse_map_95_perc: Too many points (841 out of 841) failed to transform, unable to compute output bounds.
[2026-01-27 23:47:27]     -> An ERROR occurred while processing CAM_CB_03_20220819143626_predseg_labels_rectified_depth_map_95_perc: Too many points (841 out of 841) failed to transform, unable to compute output bounds.
[2026-01-27 23:47:35]     -> An ERROR occurred while processing CAM_CB_03_20220819143626_predseg_labels_rectified_wse_map_95_perc: Too many points (841 out of 841) failed to transform, unable to compute output bounds.
[2026-01-27 23:47:35]     -> An ERROR occurred while processing CAM_CB_03_20220819144225_predseg_labels_rectified_depth_map_95_perc: Too many points (841 out of 841) failed to transform, unable to compute output bounds.
[2026-01-27 23:47:35]     ...progress: 18% complete (24/132)
[2026-01-27 23:47:40]     -> An ERROR occurred while processing CAM_CB_03_20220819144225_predseg_labels_rectified_wse_map_95_perc: Too many points (841 out of 841) failed to transform, unable to compute output bounds.
[2026-01-27 23:47:40]     -> An ERROR occurred while processing CAM_CB_03_20220819144825_predseg_labels_rectified_depth_map_95_perc: Too many points (841 out of 841) failed to transform, unable to compute output bounds.
[2026-01-27 23:47:46]     -> An ERROR occurred while processing CAM_CB_03_20220819144825_predseg_labels_rectified_wse_map_95_perc: Too many points (841 out of 841) failed to transform, unable to compute output bounds.
[2026-01-27 23:47:48]     -> An ERROR occurred while processing CAM_CB_03_20220819145426_predseg_labels_rectified_depth_map_95_perc: Too many points (841 out of 841) failed to transform, unable to compute output bounds.
[2026-01-27 23:47:53]     -> An ERROR occurred while processing CAM_CB_03_20220819145426_predseg_labels_rectified_wse_map_95_perc: Too many points (841 out of 841) failed to transform, unable to compute output bounds.
[2026-01-27 23:47:54]     -> An ERROR occurred while processing CAM_CB_03_20220819150025_predseg_labels_rectified_depth_map_95_perc: Too many points (841 out of 841) failed to transform, unable to compute output bounds.
[2026-01-27 23:47:54]     ...progress: 23% complete (30/132)
[2026-01-27 23:47:57]     -> An ERROR occurred while processing CAM_CB_03_20220819150025_predseg_labels_rectified_wse_map_95_perc: Too many points (841 out of 841) failed to transform, unable to compute output bounds.
[2026-01-27 23:47:58]     -> An ERROR occurred while processing CAM_CB_03_20220819150626_predseg_labels_rectified_depth_map_95_perc: Too many points (841 out of 841) failed to transform, unable to compute output bounds.
[2026-01-27 23:48:01]     -> An ERROR occurred while processing CAM_CB_03_20220819150626_predseg_labels_rectified_wse_map_95_perc: Too many points (841 out of 841) failed to transform, unable to compute output bounds.
[2026-01-27 23:48:03]     -> An ERROR occurred while processing CAM_CB_03_20220819151225_predseg_labels_rectified_depth_map_95_perc: Too many points (841 out of 841) failed to transform, unable to compute output bounds.
[2026-01-27 23:48:09]     -> An ERROR occurred while processing CAM_CB_03_20220819151225_predseg_labels_rectified_wse_map_95_perc: Too many points (841 out of 841) failed to transform, unable to compute output bounds.
[2026-01-27 23:48:12]     -> An ERROR occurred while processing CAM_CB_03_20220819151826_predseg_labels_rectified_depth_map_95_perc: Too many points (841 out of 841) failed to transform, unable to compute output bounds.
[2026-01-27 23:48:12]     ...progress: 27% complete (36/132)
[2026-01-27 23:48:17]     -> An ERROR occurred while processing CAM_CB_03_20220819151826_predseg_labels_rectified_wse_map_95_perc: Too many points (841 out of 841) failed to transform, unable to compute output bounds.
[2026-01-27 23:48:20]     -> An ERROR occurred while processing CAM_CB_03_20220819152426_predseg_labels_rectified_depth_map_95_perc: Too many points (841 out of 841) failed to transform, unable to compute output bounds.
[2026-01-27 23:48:26]     -> An ERROR occurred while processing CAM_CB_03_20220819152426_predseg_labels_rectified_wse_map_95_perc: Too many points (841 out of 841) failed to transform, unable to compute output bounds.
[2026-01-27 23:48:27]     -> An ERROR occurred while processing CAM_CB_03_20220819153026_predseg_labels_rectified_depth_map_95_perc: Too many points (841 out of 841) failed to transform, unable to compute output bounds.
[2026-01-27 23:48:32]     -> An ERROR occurred while processing CAM_CB_03_20220819153026_predseg_labels_rectified_wse_map_95_perc: Too many points (841 out of 841) failed to transform, unable to compute output bounds.
[2026-01-27 23:48:33]     -> An ERROR occurred while processing CAM_CB_03_20220819153625_predseg_labels_rectified_depth_map_95_perc: Too many points (841 out of 841) failed to transform, unable to compute output bounds.
[2026-01-27 23:48:33]     ...progress: 32% complete (42/132)
[2026-01-27 23:48:36]     -> An ERROR occurred while processing CAM_CB_03_20220819153625_predseg_labels_rectified_wse_map_95_perc: Too many points (841 out of 841) failed to transform, unable to compute output bounds.
[2026-01-27 23:48:36]     -> An ERROR occurred while processing CAM_CB_03_20220819154226_predseg_labels_rectified_depth_map_95_perc: Too many points (841 out of 841) failed to transform, unable to compute output bounds.
[2026-01-27 23:48:44]     -> An ERROR occurred while processing CAM_CB_03_20220819154226_predseg_labels_rectified_wse_map_95_perc: Too many points (841 out of 841) failed to transform, unable to compute output bounds.
[2026-01-27 23:48:44]     -> An ERROR occurred while processing CAM_CB_03_20220819154826_predseg_labels_rectified_depth_map_95_perc: Too many points (841 out of 841) failed to transform, unable to compute output bounds.
[2026-01-27 23:48:51]     -> An ERROR occurred while processing CAM_CB_03_20220819154826_predseg_labels_rectified_wse_map_95_perc: Too many points (841 out of 841) failed to transform, unable to compute output bounds.
[2026-01-27 23:48:51]     -> An ERROR occurred while processing CAM_CB_03_20220819155425_predseg_labels_rectified_depth_map_95_perc: Too many points (841 out of 841) failed to transform, unable to compute output bounds.
[2026-01-27 23:48:51]     ...progress: 36% complete (48/132)
[2026-01-27 23:48:55]     -> An ERROR occurred while processing CAM_CB_03_20220819155425_predseg_labels_rectified_wse_map_95_perc: Too many points (841 out of 841) failed to transform, unable to compute output bounds.
[2026-01-27 23:48:55]     -> An ERROR occurred while processing CAM_CB_03_20220819160026_predseg_labels_rectified_depth_map_95_perc: Too many points (841 out of 841) failed to transform, unable to compute output bounds.
[2026-01-27 23:48:55]     -> An ERROR occurred while processing CAM_CB_03_20220819160026_predseg_labels_rectified_wse_map_95_perc: Too many points (841 out of 841) failed to transform, unable to compute output bounds.
[2026-01-27 23:48:56]     -> An ERROR occurred while processing CAM_CB_03_20220819160625_predseg_labels_rectified_depth_map_95_perc: Too many points (841 out of 841) failed to transform, unable to compute output bounds.
[2026-01-27 23:48:56]     -> An ERROR occurred while processing CAM_CB_03_20220819160625_predseg_labels_rectified_wse_map_95_perc: Too many points (841 out of 841) failed to transform, unable to compute output bounds.
[2026-01-27 23:48:56]     -> An ERROR occurred while processing CAM_CB_03_20220819161225_predseg_labels_rectified_depth_map_95_perc: Too many points (841 out of 841) failed to transform, unable to compute output bounds.
[2026-01-27 23:48:56]     ...progress: 41% complete (54/132)
[2026-01-27 23:48:59]     -> An ERROR occurred while processing CAM_CB_03_20220819161225_predseg_labels_rectified_wse_map_95_perc: Too many points (841 out of 841) failed to transform, unable to compute output bounds.
[2026-01-27 23:49:00]     -> An ERROR occurred while processing CAM_CB_03_20220819161826_predseg_labels_rectified_depth_map_95_perc: Too many points (841 out of 841) failed to transform, unable to compute output bounds.
[2026-01-27 23:49:04]     -> An ERROR occurred while processing CAM_CB_03_20220819161826_predseg_labels_rectified_wse_map_95_perc: Too many points (841 out of 841) failed to transform, unable to compute output bounds.
[2026-01-27 23:49:04]     -> An ERROR occurred while processing CAM_CB_03_20220819162425_predseg_labels_rectified_depth_map_95_perc: Too many points (841 out of 841) failed to transform, unable to compute output bounds.
[2026-01-27 23:49:11]     -> An ERROR occurred while processing CAM_CB_03_20220819162425_predseg_labels_rectified_wse_map_95_perc: Too many points (841 out of 841) failed to transform, unable to compute output bounds.
[2026-01-27 23:49:11]     -> An ERROR occurred while processing CAM_CB_03_20220819163026_predseg_labels_rectified_depth_map_95_perc: Too many points (841 out of 841) failed to transform, unable to compute output bounds.
[2026-01-27 23:49:11]     ...progress: 45% complete (60/132)
[2026-01-27 23:49:16]     -> An ERROR occurred while processing CAM_CB_03_20220819163026_predseg_labels_rectified_wse_map_95_perc: Too many points (841 out of 841) failed to transform, unable to compute output bounds.
[2026-01-27 23:49:16]     -> An ERROR occurred while processing CAM_CB_03_20220819163626_predseg_labels_rectified_depth_map_95_perc: Too many points (841 out of 841) failed to transform, unable to compute output bounds.
[2026-01-27 23:49:20]     -> An ERROR occurred while processing CAM_CB_03_20220819163626_predseg_labels_rectified_wse_map_95_perc: Too many points (841 out of 841) failed to transform, unable to compute output bounds.
[2026-01-27 23:49:21]     -> An ERROR occurred while processing CAM_CB_03_20220819164226_predseg_labels_rectified_depth_map_95_perc: Too many points (841 out of 841) failed to transform, unable to compute output bounds.
[2026-01-27 23:49:21]     -> An ERROR occurred while processing CAM_CB_03_20220819164226_predseg_labels_rectified_wse_map_95_perc: Too many points (841 out of 841) failed to transform, unable to compute output bounds.
[2026-01-27 23:49:21]     -> An ERROR occurred while processing CAM_CB_03_20220819164826_predseg_labels_rectified_depth_map_95_perc: Too many points (841 out of 841) failed to transform, unable to compute output bounds.
[2026-01-27 23:49:21]     ...progress: 50% complete (66/132)
[2026-01-27 23:49:26]     -> An ERROR occurred while processing CAM_CB_03_20220819164826_predseg_labels_rectified_wse_map_95_perc: Too many points (841 out of 841) failed to transform, unable to compute output bounds.
[2026-01-27 23:49:27]     -> An ERROR occurred while processing CAM_CB_03_20220819165425_predseg_labels_rectified_depth_map_95_perc: Too many points (841 out of 841) failed to transform, unable to compute output bounds.
[2026-01-27 23:49:27]     -> An ERROR occurred while processing CAM_CB_03_20220819165425_predseg_labels_rectified_wse_map_95_perc: Too many points (841 out of 841) failed to transform, unable to compute output bounds.
[2026-01-27 23:49:28]     -> An ERROR occurred while processing CAM_CB_03_20220819170026_predseg_labels_rectified_depth_map_95_perc: Too many points (841 out of 841) failed to transform, unable to compute output bounds.
[2026-01-27 23:49:32]     -> An ERROR occurred while processing CAM_CB_03_20220819170026_predseg_labels_rectified_wse_map_95_perc: Too many points (841 out of 841) failed to transform, unable to compute output bounds.
[2026-01-27 23:49:32]     -> An ERROR occurred while processing CAM_CB_03_20220819170626_predseg_labels_rectified_depth_map_95_perc: Too many points (841 out of 841) failed to transform, unable to compute output bounds.
[2026-01-27 23:49:32]     ...progress: 55% complete (72/132)
[2026-01-27 23:49:33]     -> An ERROR occurred while processing CAM_CB_03_20220819170626_predseg_labels_rectified_wse_map_95_perc: Too many points (841 out of 841) failed to transform, unable to compute output bounds.
[2026-01-27 23:49:33]     -> An ERROR occurred while processing CAM_CB_03_20220819171225_predseg_labels_rectified_depth_map_95_perc: Too many points (841 out of 841) failed to transform, unable to compute output bounds.
[2026-01-27 23:49:34]     -> An ERROR occurred while processing CAM_CB_03_20220819171225_predseg_labels_rectified_wse_map_95_perc: Too many points (841 out of 841) failed to transform, unable to compute output bounds.
[2026-01-27 23:49:34]     -> An ERROR occurred while processing CAM_CB_03_20220819171826_predseg_labels_rectified_depth_map_95_perc: Too many points (841 out of 841) failed to transform, unable to compute output bounds.
[2026-01-27 23:49:39]     -> An ERROR occurred while processing CAM_CB_03_20220819171826_predseg_labels_rectified_wse_map_95_perc: Too many points (841 out of 841) failed to transform, unable to compute output bounds.
[2026-01-27 23:49:39]     -> An ERROR occurred while processing CAM_CB_03_20220819172426_predseg_labels_rectified_depth_map_95_perc: Too many points (841 out of 841) failed to transform, unable to compute output bounds.
[2026-01-27 23:49:39]     ...progress: 59% complete (78/132)
[2026-01-27 23:49:39]     -> An ERROR occurred while processing CAM_CB_03_20220819172426_predseg_labels_rectified_wse_map_95_perc: Too many points (841 out of 841) failed to transform, unable to compute output bounds.
[2026-01-27 23:49:40]     -> An ERROR occurred while processing CAM_CB_03_20220819173026_predseg_labels_rectified_depth_map_95_perc: Too many points (841 out of 841) failed to transform, unable to compute output bounds.
[2026-01-27 23:49:43]     -> An ERROR occurred while processing CAM_CB_03_20220819173026_predseg_labels_rectified_wse_map_95_perc: Too many points (841 out of 841) failed to transform, unable to compute output bounds.
[2026-01-27 23:49:43]     -> An ERROR occurred while processing CAM_CB_03_20220819173625_predseg_labels_rectified_depth_map_95_perc: Too many points (841 out of 841) failed to transform, unable to compute output bounds.
[2026-01-27 23:49:50]     -> An ERROR occurred while processing CAM_CB_03_20220819173625_predseg_labels_rectified_wse_map_95_perc: Too many points (841 out of 841) failed to transform, unable to compute output bounds.
[2026-01-27 23:49:50]     -> An ERROR occurred while processing CAM_CB_03_20220819174225_predseg_labels_rectified_depth_map_95_perc: Too many points (841 out of 841) failed to transform, unable to compute output bounds.
[2026-01-27 23:49:50]     ...progress: 64% complete (84/132)
[2026-01-27 23:49:54]     -> An ERROR occurred while processing CAM_CB_03_20220819174225_predseg_labels_rectified_wse_map_95_perc: Too many points (841 out of 841) failed to transform, unable to compute output bounds.
[2026-01-27 23:49:55]     -> An ERROR occurred while processing CAM_CB_03_20220819174826_predseg_labels_rectified_depth_map_95_perc: Too many points (841 out of 841) failed to transform, unable to compute output bounds.
[2026-01-27 23:50:00]     -> An ERROR occurred while processing CAM_CB_03_20220819174826_predseg_labels_rectified_wse_map_95_perc: Too many points (841 out of 841) failed to transform, unable to compute output bounds.
[2026-01-27 23:50:02]     -> An ERROR occurred while processing CAM_CB_03_20220819175426_predseg_labels_rectified_depth_map_95_perc: Too many points (841 out of 841) failed to transform, unable to compute output bounds.
[2026-01-27 23:50:12]     -> An ERROR occurred while processing CAM_CB_03_20220819175426_predseg_labels_rectified_wse_map_95_perc: Too many points (841 out of 841) failed to transform, unable to compute output bounds.
[2026-01-27 23:50:12]     -> An ERROR occurred while processing CAM_CB_03_20220819180026_predseg_labels_rectified_depth_map_95_perc: Too many points (841 out of 841) failed to transform, unable to compute output bounds.
[2026-01-27 23:50:12]     ...progress: 68% complete (90/132)
[2026-01-27 23:50:13]     -> An ERROR occurred while processing CAM_CB_03_20220819180026_predseg_labels_rectified_wse_map_95_perc: Too many points (841 out of 841) failed to transform, unable to compute output bounds.
[2026-01-27 23:50:13]     -> An ERROR occurred while processing CAM_CB_03_20220819180626_predseg_labels_rectified_depth_map_95_perc: Too many points (841 out of 841) failed to transform, unable to compute output bounds.
[2026-01-27 23:50:13]     -> An ERROR occurred while processing CAM_CB_03_20220819180626_predseg_labels_rectified_wse_map_95_perc: Too many points (841 out of 841) failed to transform, unable to compute output bounds.
[2026-01-27 23:50:14]     -> An ERROR occurred while processing CAM_CB_03_20220819181226_predseg_labels_rectified_depth_map_95_perc: Too many points (841 out of 841) failed to transform, unable to compute output bounds.
[2026-01-27 23:50:14]     -> An ERROR occurred while processing CAM_CB_03_20220819181226_predseg_labels_rectified_wse_map_95_perc: Too many points (841 out of 841) failed to transform, unable to compute output bounds.
[2026-01-27 23:50:15]     -> An ERROR occurred while processing CAM_CB_03_20220819181825_predseg_labels_rectified_depth_map_95_perc: Too many points (841 out of 841) failed to transform, unable to compute output bounds.
[2026-01-27 23:50:15]     ...progress: 73% complete (96/132)
[2026-01-27 23:50:19]     -> An ERROR occurred while processing CAM_CB_03_20220819181825_predseg_labels_rectified_wse_map_95_perc: Too many points (841 out of 841) failed to transform, unable to compute output bounds.
[2026-01-27 23:50:19]     -> An ERROR occurred while processing CAM_CB_03_20220819182425_predseg_labels_rectified_depth_map_95_perc: Too many points (841 out of 841) failed to transform, unable to compute output bounds.
[2026-01-27 23:50:19]     -> An ERROR occurred while processing CAM_CB_03_20220819182425_predseg_labels_rectified_wse_map_95_perc: Too many points (841 out of 841) failed to transform, unable to compute output bounds.
[2026-01-27 23:50:20]     -> An ERROR occurred while processing CAM_CB_03_20220819183026_predseg_labels_rectified_depth_map_95_perc: Too many points (841 out of 841) failed to transform, unable to compute output bounds.
[2026-01-27 23:50:23]     -> An ERROR occurred while processing CAM_CB_03_20220819183026_predseg_labels_rectified_wse_map_95_perc: Too many points (841 out of 841) failed to transform, unable to compute output bounds.
[2026-01-27 23:50:23]     -> An ERROR occurred while processing CAM_CB_03_20220819183625_predseg_labels_rectified_depth_map_95_perc: Too many points (841 out of 841) failed to transform, unable to compute output bounds.
[2026-01-27 23:50:23]     ...progress: 77% complete (102/132)
[2026-01-27 23:50:28]     -> An ERROR occurred while processing CAM_CB_03_20220819183625_predseg_labels_rectified_wse_map_95_perc: Too many points (841 out of 841) failed to transform, unable to compute output bounds.
[2026-01-27 23:50:28]     -> An ERROR occurred while processing CAM_CB_03_20220819184226_predseg_labels_rectified_depth_map_95_perc: Too many points (841 out of 841) failed to transform, unable to compute output bounds.
[2026-01-27 23:50:28]     -> An ERROR occurred while processing CAM_CB_03_20220819184226_predseg_labels_rectified_wse_map_95_perc: Too many points (841 out of 841) failed to transform, unable to compute output bounds.
[2026-01-27 23:50:29]     -> An ERROR occurred while processing CAM_CB_03_20220819184826_predseg_labels_rectified_depth_map_95_perc: Too many points (841 out of 841) failed to transform, unable to compute output bounds.
[2026-01-27 23:50:38]     -> An ERROR occurred while processing CAM_CB_03_20220819184826_predseg_labels_rectified_wse_map_95_perc: Too many points (841 out of 841) failed to transform, unable to compute output bounds.
[2026-01-27 23:50:38]     -> An ERROR occurred while processing CAM_CB_03_20220819185425_predseg_labels_rectified_depth_map_95_perc: Too many points (841 out of 841) failed to transform, unable to compute output bounds.
[2026-01-27 23:50:38]     ...progress: 82% complete (108/132)
[2026-01-27 23:50:39]     -> An ERROR occurred while processing CAM_CB_03_20220819185425_predseg_labels_rectified_wse_map_95_perc: Too many points (841 out of 841) failed to transform, unable to compute output bounds.
[2026-01-27 23:50:39]     -> An ERROR occurred while processing CAM_CB_03_20220819190026_predseg_labels_rectified_depth_map_95_perc: Too many points (841 out of 841) failed to transform, unable to compute output bounds.
[2026-01-27 23:50:39]     -> An ERROR occurred while processing CAM_CB_03_20220819190026_predseg_labels_rectified_wse_map_95_perc: Too many points (841 out of 841) failed to transform, unable to compute output bounds.
[2026-01-27 23:50:40]     -> An ERROR occurred while processing CAM_CB_03_20220819190626_predseg_labels_rectified_depth_map_95_perc: Too many points (841 out of 841) failed to transform, unable to compute output bounds.
[2026-01-27 23:50:40]     -> An ERROR occurred while processing CAM_CB_03_20220819190626_predseg_labels_rectified_wse_map_95_perc: Too many points (841 out of 841) failed to transform, unable to compute output bounds.
[2026-01-27 23:50:40]     -> An ERROR occurred while processing CAM_CB_03_20220819191225_predseg_labels_rectified_depth_map_95_perc: Too many points (841 out of 841) failed to transform, unable to compute output bounds.
[2026-01-27 23:50:40]     ...progress: 86% complete (114/132)
[2026-01-27 23:50:41]     -> An ERROR occurred while processing CAM_CB_03_20220819191225_predseg_labels_rectified_wse_map_95_perc: Too many points (841 out of 841) failed to transform, unable to compute output bounds.
[2026-01-27 23:50:41]     -> An ERROR occurred while processing CAM_CB_03_20220819191825_predseg_labels_rectified_depth_map_95_perc: Too many points (841 out of 841) failed to transform, unable to compute output bounds.
[2026-01-27 23:50:46]     -> An ERROR occurred while processing CAM_CB_03_20220819191825_predseg_labels_rectified_wse_map_95_perc: Too many points (841 out of 841) failed to transform, unable to compute output bounds.
[2026-01-27 23:50:47]     -> An ERROR occurred while processing CAM_CB_03_20220819192426_predseg_labels_rectified_depth_map_95_perc: Too many points (841 out of 841) failed to transform, unable to compute output bounds.
[2026-01-27 23:50:52]     -> An ERROR occurred while processing CAM_CB_03_20220819192426_predseg_labels_rectified_wse_map_95_perc: Too many points (841 out of 841) failed to transform, unable to compute output bounds.
[2026-01-27 23:50:52]     -> An ERROR occurred while processing CAM_CB_03_20220819193025_predseg_labels_rectified_depth_map_95_perc: Too many points (841 out of 841) failed to transform, unable to compute output bounds.
[2026-01-27 23:50:52]     ...progress: 91% complete (120/132)
[2026-01-27 23:50:58]     -> An ERROR occurred while processing CAM_CB_03_20220819193025_predseg_labels_rectified_wse_map_95_perc: Too many points (841 out of 841) failed to transform, unable to compute output bounds.
[2026-01-27 23:50:59]     -> An ERROR occurred while processing CAM_CB_03_20220819193626_predseg_labels_rectified_depth_map_95_perc: Too many points (841 out of 841) failed to transform, unable to compute output bounds.
[2026-01-27 23:51:03]     -> An ERROR occurred while processing CAM_CB_03_20220819193626_predseg_labels_rectified_wse_map_95_perc: Too many points (841 out of 841) failed to transform, unable to compute output bounds.
[2026-01-27 23:51:03]     -> An ERROR occurred while processing CAM_CB_03_20220819194226_predseg_labels_rectified_depth_map_95_perc: Too many points (841 out of 841) failed to transform, unable to compute output bounds.
[2026-01-27 23:51:09]     -> An ERROR occurred while processing CAM_CB_03_20220819194226_predseg_labels_rectified_wse_map_95_perc: Too many points (841 out of 841) failed to transform, unable to compute output bounds.
[2026-01-27 23:51:10]     -> An ERROR occurred while processing CAM_CB_03_20220819194826_predseg_labels_rectified_depth_map_95_perc: Too many points (841 out of 841) failed to transform, unable to compute output bounds.
[2026-01-27 23:51:10]     ...progress: 95% complete (126/132)
[2026-01-27 23:51:12]     -> An ERROR occurred while processing CAM_CB_03_20220819194826_predseg_labels_rectified_wse_map_95_perc: Too many points (841 out of 841) failed to transform, unable to compute output bounds.
[2026-01-27 23:51:13]     -> An ERROR occurred while processing CAM_CB_03_20220819195426_predseg_labels_rectified_depth_map_95_perc: Too many points (841 out of 841) failed to transform, unable to compute output bounds.
[2026-01-27 23:51:17]     -> An ERROR occurred while processing CAM_CB_03_20220819195426_predseg_labels_rectified_wse_map_95_perc: Too many points (841 out of 841) failed to transform, unable to compute output bounds.
[2026-01-27 23:51:17]     -> An ERROR occurred while processing CAM_CB_03_20220819200026_predseg_labels_rectified_depth_map_95_perc: Too many points (841 out of 841) failed to transform, unable to compute output bounds.
[2026-01-27 23:51:18]     -> An ERROR occurred while processing CAM_CB_03_20220819200026_predseg_labels_rectified_wse_map_95_perc: Too many points (841 out of 841) failed to transform, unable to compute output bounds.
[2026-01-27 23:51:18]     -> An ERROR occurred while processing CAM_CB_03_20220819200626_predseg_labels_rectified_depth_map_95_perc: Too many points (841 out of 841) failed to transform, unable to compute output bounds.
[2026-01-27 23:51:25]     -> An ERROR occurred while processing CAM_CB_03_20220819200626_predseg_labels_rectified_wse_map_95_perc: Too many points (841 out of 841) failed to transform, unable to compute output bounds.
[2026-01-27 23:51:25]   Successfully processed and plotted 0 files.
[2026-01-27 23:51:25]   Skipped 396 files due to name filter.
[2026-01-27 23:51:25] === Processing Complete: CB_03_20220819133226_20220819200826 ===
[2026-01-27 23:51:25] 
=== Processing Flood Event: CB_03_20220929122627_20220929210227 ===
[2026-01-27 23:51:25]   Source Zarr directory: /rsstu/users/k/kanarde/NASA-Sunnyverse/rmccune/poseidon/data/carolina_beach/flood_events/CB_03_20220929122627_20220929210227/zarr/depth_maps
Rank 63 plotting events:   5%|▍         | 1/21 [08:24<2:48:04, 504.25s/event][2026-01-27 23:51:28]   Filtering for stats: ['95_perc']
[2026-01-27 23:51:28]   Found 688 potential Zarr stores. 172 will be processed.
[2026-01-27 23:51:29]     -> An ERROR occurred while processing CAM_CB_03_20220929123026_predseg_labels_rectified_depth_map_95_perc: Too many points (841 out of 841) failed to transform, unable to compute output bounds.
[2026-01-27 23:51:35]     -> An ERROR occurred while processing CAM_CB_03_20220929123026_predseg_labels_rectified_wse_map_95_perc: Too many points (841 out of 841) failed to transform, unable to compute output bounds.
[2026-01-27 23:51:35]     -> An ERROR occurred while processing CAM_CB_03_20220929123626_predseg_labels_rectified_depth_map_95_perc: Too many points (841 out of 841) failed to transform, unable to compute output bounds.
[2026-01-27 23:51:38]     -> An ERROR occurred while processing CAM_CB_03_20220929123626_predseg_labels_rectified_wse_map_95_perc: Too many points (841 out of 841) failed to transform, unable to compute output bounds.
[2026-01-27 23:51:39]     -> An ERROR occurred while processing CAM_CB_03_20220929124226_predseg_labels_rectified_depth_map_95_perc: Too many points (841 out of 841) failed to transform, unable to compute output bounds.
[2026-01-27 23:51:43]     -> An ERROR occurred while processing CAM_CB_03_20220929124226_predseg_labels_rectified_wse_map_95_perc: Too many points (841 out of 841) failed to transform, unable to compute output bounds.
[2026-01-27 23:51:44]     -> An ERROR occurred while processing CAM_CB_03_20220929124825_predseg_labels_rectified_depth_map_95_perc: Too many points (841 out of 841) failed to transform, unable to compute output bounds.
[2026-01-27 23:51:44]     ...progress: 5% complete (8/172)
[2026-01-27 23:51:49]     -> An ERROR occurred while processing CAM_CB_03_20220929124825_predseg_labels_rectified_wse_map_95_perc: Too many points (841 out of 841) failed to transform, unable to compute output bounds.
[2026-01-27 23:51:51]     -> An ERROR occurred while processing CAM_CB_03_20220929125426_predseg_labels_rectified_depth_map_95_perc: Too many points (841 out of 841) failed to transform, unable to compute output bounds.
[2026-01-27 23:51:58]     -> An ERROR occurred while processing CAM_CB_03_20220929125426_predseg_labels_rectified_wse_map_95_perc: Too many points (841 out of 841) failed to transform, unable to compute output bounds.
[2026-01-27 23:51:59]     -> An ERROR occurred while processing CAM_CB_03_20220929130025_predseg_labels_rectified_depth_map_95_perc: Too many points (841 out of 841) failed to transform, unable to compute output bounds.
[2026-01-27 23:52:01]     -> An ERROR occurred while processing CAM_CB_03_20220929130025_predseg_labels_rectified_wse_map_95_perc: Too many points (841 out of 841) failed to transform, unable to compute output bounds.
[2026-01-27 23:52:01]     -> An ERROR occurred while processing CAM_CB_03_20220929130626_predseg_labels_rectified_depth_map_95_perc: Too many points (841 out of 841) failed to transform, unable to compute output bounds.
[2026-01-27 23:52:04]     -> An ERROR occurred while processing CAM_CB_03_20220929130626_predseg_labels_rectified_wse_map_95_perc: Too many points (841 out of 841) failed to transform, unable to compute output bounds.
[2026-01-27 23:52:04]     -> An ERROR occurred while processing CAM_CB_03_20220929131226_predseg_labels_rectified_depth_map_95_perc: Too many points (841 out of 841) failed to transform, unable to compute output bounds.
[2026-01-27 23:52:04]     ...progress: 9% complete (16/172)
[2026-01-27 23:52:07]     -> An ERROR occurred while processing CAM_CB_03_20220929131226_predseg_labels_rectified_wse_map_95_perc: Too many points (841 out of 841) failed to transform, unable to compute output bounds.
[2026-01-27 23:52:07]     -> An ERROR occurred while processing CAM_CB_03_20220929131826_predseg_labels_rectified_depth_map_95_perc: Too many points (841 out of 841) failed to transform, unable to compute output bounds.
[2026-01-27 23:52:12]     -> An ERROR occurred while processing CAM_CB_03_20220929131826_predseg_labels_rectified_wse_map_95_perc: Too many points (841 out of 841) failed to transform, unable to compute output bounds.
[2026-01-27 23:52:13]     -> An ERROR occurred while processing CAM_CB_03_20220929132426_predseg_labels_rectified_depth_map_95_perc: Too many points (841 out of 841) failed to transform, unable to compute output bounds.
[2026-01-27 23:52:18]     -> An ERROR occurred while processing CAM_CB_03_20220929132426_predseg_labels_rectified_wse_map_95_perc: Too many points (841 out of 841) failed to transform, unable to compute output bounds.
[2026-01-27 23:52:18]     -> An ERROR occurred while processing CAM_CB_03_20220929133025_predseg_labels_rectified_depth_map_95_perc: Too many points (841 out of 841) failed to transform, unable to compute output bounds.
[2026-01-27 23:52:20]     -> An ERROR occurred while processing CAM_CB_03_20220929133025_predseg_labels_rectified_wse_map_95_perc: Too many points (841 out of 841) failed to transform, unable to compute output bounds.
[2026-01-27 23:52:20]     -> An ERROR occurred while processing CAM_CB_03_20220929133625_predseg_labels_rectified_depth_map_95_perc: Too many points (841 out of 841) failed to transform, unable to compute output bounds.
[2026-01-27 23:52:20]     ...progress: 14% complete (24/172)
[2026-01-27 23:52:22]     -> An ERROR occurred while processing CAM_CB_03_20220929133625_predseg_labels_rectified_wse_map_95_perc: Too many points (841 out of 841) failed to transform, unable to compute output bounds.
[2026-01-27 23:52:22]     -> An ERROR occurred while processing CAM_CB_03_20220929134226_predseg_labels_rectified_depth_map_95_perc: Too many points (841 out of 841) failed to transform, unable to compute output bounds.
[2026-01-27 23:52:24]     -> An ERROR occurred while processing CAM_CB_03_20220929134226_predseg_labels_rectified_wse_map_95_perc: Too many points (841 out of 841) failed to transform, unable to compute output bounds.
[2026-01-27 23:52:24]     -> An ERROR occurred while processing CAM_CB_03_20220929134826_predseg_labels_rectified_depth_map_95_perc: Too many points (841 out of 841) failed to transform, unable to compute output bounds.
[2026-01-27 23:52:29]     -> An ERROR occurred while processing CAM_CB_03_20220929134826_predseg_labels_rectified_wse_map_95_perc: Too many points (841 out of 841) failed to transform, unable to compute output bounds.
[2026-01-27 23:52:30]     -> An ERROR occurred while processing CAM_CB_03_20220929135426_predseg_labels_rectified_depth_map_95_perc: Too many points (841 out of 841) failed to transform, unable to compute output bounds.
[2026-01-27 23:52:35]     -> An ERROR occurred while processing CAM_CB_03_20220929135426_predseg_labels_rectified_wse_map_95_perc: Too many points (841 out of 841) failed to transform, unable to compute output bounds.
[2026-01-27 23:52:37]     -> An ERROR occurred while processing CAM_CB_03_20220929140025_predseg_labels_rectified_depth_map_95_perc: Too many points (841 out of 841) failed to transform, unable to compute output bounds.
[2026-01-27 23:52:37]     ...progress: 19% complete (32/172)
[2026-01-27 23:52:40]     -> An ERROR occurred while processing CAM_CB_03_20220929140025_predseg_labels_rectified_wse_map_95_perc: Too many points (841 out of 841) failed to transform, unable to compute output bounds.
[2026-01-27 23:52:42]     -> An ERROR occurred while processing CAM_CB_03_20220929140626_predseg_labels_rectified_depth_map_95_perc: Too many points (841 out of 841) failed to transform, unable to compute output bounds.
[2026-01-27 23:52:45]     -> An ERROR occurred while processing CAM_CB_03_20220929140626_predseg_labels_rectified_wse_map_95_perc: Too many points (841 out of 841) failed to transform, unable to compute output bounds.
[2026-01-27 23:52:49]     -> An ERROR occurred while processing CAM_CB_03_20220929141225_predseg_labels_rectified_depth_map_95_perc: Too many points (841 out of 841) failed to transform, unable to compute output bounds.
[2026-01-27 23:52:55]     -> An ERROR occurred while processing CAM_CB_03_20220929141225_predseg_labels_rectified_wse_map_95_perc: Too many points (841 out of 841) failed to transform, unable to compute output bounds.
[2026-01-27 23:52:57]     -> An ERROR occurred while processing CAM_CB_03_20220929141826_predseg_labels_rectified_depth_map_95_perc: Too many points (841 out of 841) failed to transform, unable to compute output bounds.
[2026-01-27 23:53:00]     -> An ERROR occurred while processing CAM_CB_03_20220929141826_predseg_labels_rectified_wse_map_95_perc: Too many points (841 out of 841) failed to transform, unable to compute output bounds.
[2026-01-27 23:53:00]     -> An ERROR occurred while processing CAM_CB_03_20220929142425_predseg_labels_rectified_depth_map_95_perc: Too many points (841 out of 841) failed to transform, unable to compute output bounds.
[2026-01-27 23:53:00]     ...progress: 23% complete (40/172)
[2026-01-27 23:53:02]     -> An ERROR occurred while processing CAM_CB_03_20220929142425_predseg_labels_rectified_wse_map_95_perc: Too many points (841 out of 841) failed to transform, unable to compute output bounds.
[2026-01-27 23:53:02]     -> An ERROR occurred while processing CAM_CB_03_20220929143026_predseg_labels_rectified_depth_map_95_perc: Too many points (841 out of 841) failed to transform, unable to compute output bounds.
[2026-01-27 23:53:04]     -> An ERROR occurred while processing CAM_CB_03_20220929143026_predseg_labels_rectified_wse_map_95_perc: Too many points (841 out of 841) failed to transform, unable to compute output bounds.
[2026-01-27 23:53:04]     -> An ERROR occurred while processing CAM_CB_03_20220929143626_predseg_labels_rectified_depth_map_95_perc: Too many points (841 out of 841) failed to transform, unable to compute output bounds.
[2026-01-27 23:53:15]     -> An ERROR occurred while processing CAM_CB_03_20220929143626_predseg_labels_rectified_wse_map_95_perc: Too many points (841 out of 841) failed to transform, unable to compute output bounds.
[2026-01-27 23:53:17]     -> An ERROR occurred while processing CAM_CB_03_20220929144225_predseg_labels_rectified_depth_map_95_perc: Too many points (841 out of 841) failed to transform, unable to compute output bounds.
[2026-01-27 23:53:26]     -> An ERROR occurred while processing CAM_CB_03_20220929144225_predseg_labels_rectified_wse_map_95_perc: Too many points (841 out of 841) failed to transform, unable to compute output bounds.
[2026-01-27 23:53:29]     -> An ERROR occurred while processing CAM_CB_03_20220929144826_predseg_labels_rectified_depth_map_95_perc: Too many points (841 out of 841) failed to transform, unable to compute output bounds.
[2026-01-27 23:53:29]     ...progress: 28% complete (48/172)
[2026-01-27 23:53:36]     -> An ERROR occurred while processing CAM_CB_03_20220929144826_predseg_labels_rectified_wse_map_95_perc: Too many points (841 out of 841) failed to transform, unable to compute output bounds.
[2026-01-27 23:53:38]     -> An ERROR occurred while processing CAM_CB_03_20220929145426_predseg_labels_rectified_depth_map_95_perc: Too many points (841 out of 841) failed to transform, unable to compute output bounds.
[2026-01-27 23:53:51]     -> An ERROR occurred while processing CAM_CB_03_20220929145426_predseg_labels_rectified_wse_map_95_perc: Too many points (841 out of 841) failed to transform, unable to compute output bounds.
[2026-01-27 23:53:54]     -> An ERROR occurred while processing CAM_CB_03_20220929150026_predseg_labels_rectified_depth_map_95_perc: Too many points (841 out of 841) failed to transform, unable to compute output bounds.
[2026-01-27 23:54:02]     -> An ERROR occurred while processing CAM_CB_03_20220929150026_predseg_labels_rectified_wse_map_95_perc: Too many points (841 out of 841) failed to transform, unable to compute output bounds.
[2026-01-27 23:54:05]     -> An ERROR occurred while processing CAM_CB_03_20220929150625_predseg_labels_rectified_depth_map_95_perc: Too many points (841 out of 841) failed to transform, unable to compute output bounds.
[2026-01-27 23:54:10]     -> An ERROR occurred while processing CAM_CB_03_20220929150625_predseg_labels_rectified_wse_map_95_perc: Too many points (841 out of 841) failed to transform, unable to compute output bounds.
[2026-01-27 23:54:11]     -> An ERROR occurred while processing CAM_CB_03_20220929151226_predseg_labels_rectified_depth_map_95_perc: Too many points (841 out of 841) failed to transform, unable to compute output bounds.
[2026-01-27 23:54:11]     ...progress: 33% complete (56/172)
[2026-01-27 23:54:13]     -> An ERROR occurred while processing CAM_CB_03_20220929151226_predseg_labels_rectified_wse_map_95_perc: Too many points (841 out of 841) failed to transform, unable to compute output bounds.
[2026-01-27 23:54:13]     -> An ERROR occurred while processing CAM_CB_03_20220929151826_predseg_labels_rectified_depth_map_95_perc: Too many points (841 out of 841) failed to transform, unable to compute output bounds.
[2026-01-27 23:54:21]     -> An ERROR occurred while processing CAM_CB_03_20220929151826_predseg_labels_rectified_wse_map_95_perc: Too many points (841 out of 841) failed to transform, unable to compute output bounds.
[2026-01-27 23:54:22]     -> An ERROR occurred while processing CAM_CB_03_20220929152425_predseg_labels_rectified_depth_map_95_perc: Too many points (841 out of 841) failed to transform, unable to compute output bounds.
[2026-01-27 23:54:26]     -> An ERROR occurred while processing CAM_CB_03_20220929152425_predseg_labels_rectified_wse_map_95_perc: Too many points (841 out of 841) failed to transform, unable to compute output bounds.
[2026-01-27 23:54:26]     -> An ERROR occurred while processing CAM_CB_03_20220929153026_predseg_labels_rectified_depth_map_95_perc: Too many points (841 out of 841) failed to transform, unable to compute output bounds.
[2026-01-27 23:54:34]     -> An ERROR occurred while processing CAM_CB_03_20220929153026_predseg_labels_rectified_wse_map_95_perc: Too many points (841 out of 841) failed to transform, unable to compute output bounds.
[2026-01-27 23:54:37]     -> An ERROR occurred while processing CAM_CB_03_20220929153625_predseg_labels_rectified_depth_map_95_perc: Too many points (841 out of 841) failed to transform, unable to compute output bounds.
[2026-01-27 23:54:37]     ...progress: 37% complete (64/172)
[2026-01-27 23:54:42]     -> An ERROR occurred while processing CAM_CB_03_20220929153625_predseg_labels_rectified_wse_map_95_perc: Too many points (841 out of 841) failed to transform, unable to compute output bounds.
[2026-01-27 23:54:42]     -> An ERROR occurred while processing CAM_CB_03_20220929154225_predseg_labels_rectified_depth_map_95_perc: Too many points (841 out of 841) failed to transform, unable to compute output bounds.
[2026-01-27 23:54:46]     -> An ERROR occurred while processing CAM_CB_03_20220929154225_predseg_labels_rectified_wse_map_95_perc: Too many points (841 out of 841) failed to transform, unable to compute output bounds.
[2026-01-27 23:54:46]     -> An ERROR occurred while processing CAM_CB_03_20220929154826_predseg_labels_rectified_depth_map_95_perc: Too many points (841 out of 841) failed to transform, unable to compute output bounds.
[2026-01-27 23:54:52]     -> An ERROR occurred while processing CAM_CB_03_20220929154826_predseg_labels_rectified_wse_map_95_perc: Too many points (841 out of 841) failed to transform, unable to compute output bounds.
[2026-01-27 23:54:55]     -> An ERROR occurred while processing CAM_CB_03_20220929155426_predseg_labels_rectified_depth_map_95_perc: Too many points (841 out of 841) failed to transform, unable to compute output bounds.
[2026-01-27 23:55:02]     -> An ERROR occurred while processing CAM_CB_03_20220929155426_predseg_labels_rectified_wse_map_95_perc: Too many points (841 out of 841) failed to transform, unable to compute output bounds.
[2026-01-27 23:55:05]     -> An ERROR occurred while processing CAM_CB_03_20220929160025_predseg_labels_rectified_depth_map_95_perc: Too many points (841 out of 841) failed to transform, unable to compute output bounds.
[2026-01-27 23:55:05]     ...progress: 42% complete (72/172)
[2026-01-27 23:55:13]     -> An ERROR occurred while processing CAM_CB_03_20220929160025_predseg_labels_rectified_wse_map_95_perc: Too many points (841 out of 841) failed to transform, unable to compute output bounds.
[2026-01-27 23:55:13]     -> An ERROR occurred while processing CAM_CB_03_20220929160625_predseg_labels_rectified_depth_map_95_perc: Too many points (841 out of 841) failed to transform, unable to compute output bounds.
[2026-01-27 23:55:19]     -> An ERROR occurred while processing CAM_CB_03_20220929160625_predseg_labels_rectified_wse_map_95_perc: Too many points (841 out of 841) failed to transform, unable to compute output bounds.
[2026-01-27 23:55:22]     -> An ERROR occurred while processing CAM_CB_03_20220929161225_predseg_labels_rectified_depth_map_95_perc: Too many points (841 out of 841) failed to transform, unable to compute output bounds.
[2026-01-27 23:55:29]     -> An ERROR occurred while processing CAM_CB_03_20220929161225_predseg_labels_rectified_wse_map_95_perc: Too many points (841 out of 841) failed to transform, unable to compute output bounds.
[2026-01-27 23:55:32]     -> An ERROR occurred while processing CAM_CB_03_20220929161825_predseg_labels_rectified_depth_map_95_perc: Too many points (841 out of 841) failed to transform, unable to compute output bounds.
[2026-01-27 23:55:37]     -> An ERROR occurred while processing CAM_CB_03_20220929161825_predseg_labels_rectified_wse_map_95_perc: Too many points (841 out of 841) failed to transform, unable to compute output bounds.
[2026-01-27 23:55:37]     -> An ERROR occurred while processing CAM_CB_03_20220929162426_predseg_labels_rectified_depth_map_95_perc: Too many points (841 out of 841) failed to transform, unable to compute output bounds.
[2026-01-27 23:55:37]     ...progress: 47% complete (80/172)
[2026-01-27 23:55:39]     -> An ERROR occurred while processing CAM_CB_03_20220929162426_predseg_labels_rectified_wse_map_95_perc: Too many points (841 out of 841) failed to transform, unable to compute output bounds.
[2026-01-27 23:55:39]     -> An ERROR occurred while processing CAM_CB_03_20220929163026_predseg_labels_rectified_depth_map_95_perc: Too many points (841 out of 841) failed to transform, unable to compute output bounds.
[2026-01-27 23:55:42]     -> An ERROR occurred while processing CAM_CB_03_20220929163026_predseg_labels_rectified_wse_map_95_perc: Too many points (841 out of 841) failed to transform, unable to compute output bounds.
[2026-01-27 23:55:44]     -> An ERROR occurred while processing CAM_CB_03_20220929163626_predseg_labels_rectified_depth_map_95_perc: Too many points (841 out of 841) failed to transform, unable to compute output bounds.
[2026-01-27 23:55:49]     -> An ERROR occurred while processing CAM_CB_03_20220929163626_predseg_labels_rectified_wse_map_95_perc: Too many points (841 out of 841) failed to transform, unable to compute output bounds.
[2026-01-27 23:55:52]     -> An ERROR occurred while processing CAM_CB_03_20220929164226_predseg_labels_rectified_depth_map_95_perc: Too many points (841 out of 841) failed to transform, unable to compute output bounds.
[2026-01-27 23:55:57]     -> An ERROR occurred while processing CAM_CB_03_20220929164226_predseg_labels_rectified_wse_map_95_perc: Too many points (841 out of 841) failed to transform, unable to compute output bounds.
[2026-01-27 23:56:01]     -> An ERROR occurred while processing CAM_CB_03_20220929164825_predseg_labels_rectified_depth_map_95_perc: Too many points (841 out of 841) failed to transform, unable to compute output bounds.
[2026-01-27 23:56:01]     ...progress: 51% complete (88/172)
[2026-01-27 23:56:06]     -> An ERROR occurred while processing CAM_CB_03_20220929164825_predseg_labels_rectified_wse_map_95_perc: Too many points (841 out of 841) failed to transform, unable to compute output bounds.
[2026-01-27 23:56:09]     -> An ERROR occurred while processing CAM_CB_03_20220929165425_predseg_labels_rectified_depth_map_95_perc: Too many points (841 out of 841) failed to transform, unable to compute output bounds.
[2026-01-27 23:56:14]     -> An ERROR occurred while processing CAM_CB_03_20220929165425_predseg_labels_rectified_wse_map_95_perc: Too many points (841 out of 841) failed to transform, unable to compute output bounds.
[2026-01-27 23:56:16]     -> An ERROR occurred while processing CAM_CB_03_20220929170025_predseg_labels_rectified_depth_map_95_perc: Too many points (841 out of 841) failed to transform, unable to compute output bounds.
[2026-01-27 23:56:22]     -> An ERROR occurred while processing CAM_CB_03_20220929170025_predseg_labels_rectified_wse_map_95_perc: Too many points (841 out of 841) failed to transform, unable to compute output bounds.
[2026-01-27 23:56:25]     -> An ERROR occurred while processing CAM_CB_03_20220929170625_predseg_labels_rectified_depth_map_95_perc: Too many points (841 out of 841) failed to transform, unable to compute output bounds.
[2026-01-27 23:56:38]     -> An ERROR occurred while processing CAM_CB_03_20220929170625_predseg_labels_rectified_wse_map_95_perc: Too many points (841 out of 841) failed to transform, unable to compute output bounds.
[2026-01-27 23:56:38]     -> An ERROR occurred while processing CAM_CB_03_20220929171226_predseg_labels_rectified_depth_map_95_perc: Too many points (841 out of 841) failed to transform, unable to compute output bounds.
[2026-01-27 23:56:38]     ...progress: 56% complete (96/172)
[2026-01-27 23:56:47]     -> An ERROR occurred while processing CAM_CB_03_20220929171226_predseg_labels_rectified_wse_map_95_perc: Too many points (841 out of 841) failed to transform, unable to compute output bounds.
[2026-01-27 23:56:51]     -> An ERROR occurred while processing CAM_CB_03_20220929171825_predseg_labels_rectified_depth_map_95_perc: Too many points (841 out of 841) failed to transform, unable to compute output bounds.
[2026-01-27 23:56:58]     -> An ERROR occurred while processing CAM_CB_03_20220929171825_predseg_labels_rectified_wse_map_95_perc: Too many points (841 out of 841) failed to transform, unable to compute output bounds.
[2026-01-27 23:57:00]     -> An ERROR occurred while processing CAM_CB_03_20220929172425_predseg_labels_rectified_depth_map_95_perc: Too many points (841 out of 841) failed to transform, unable to compute output bounds.
[2026-01-27 23:57:06]     -> An ERROR occurred while processing CAM_CB_03_20220929172425_predseg_labels_rectified_wse_map_95_perc: Too many points (841 out of 841) failed to transform, unable to compute output bounds.
[2026-01-27 23:57:09]     -> An ERROR occurred while processing CAM_CB_03_20220929173025_predseg_labels_rectified_depth_map_95_perc: Too many points (841 out of 841) failed to transform, unable to compute output bounds.
[2026-01-27 23:57:15]     -> An ERROR occurred while processing CAM_CB_03_20220929173025_predseg_labels_rectified_wse_map_95_perc: Too many points (841 out of 841) failed to transform, unable to compute output bounds.
[2026-01-27 23:57:18]     -> An ERROR occurred while processing CAM_CB_03_20220929173626_predseg_labels_rectified_depth_map_95_perc: Too many points (841 out of 841) failed to transform, unable to compute output bounds.
[2026-01-27 23:57:18]     ...progress: 60% complete (104/172)
[2026-01-27 23:57:24]     -> An ERROR occurred while processing CAM_CB_03_20220929173626_predseg_labels_rectified_wse_map_95_perc: Too many points (841 out of 841) failed to transform, unable to compute output bounds.
[2026-01-27 23:57:26]     -> An ERROR occurred while processing CAM_CB_03_20220929174225_predseg_labels_rectified_depth_map_95_perc: Too many points (841 out of 841) failed to transform, unable to compute output bounds.
[2026-01-27 23:57:31]     -> An ERROR occurred while processing CAM_CB_03_20220929174225_predseg_labels_rectified_wse_map_95_perc: Too many points (841 out of 841) failed to transform, unable to compute output bounds.
[2026-01-27 23:57:34]     -> An ERROR occurred while processing CAM_CB_03_20220929174826_predseg_labels_rectified_depth_map_95_perc: Too many points (841 out of 841) failed to transform, unable to compute output bounds.
[2026-01-27 23:57:39]     -> An ERROR occurred while processing CAM_CB_03_20220929174826_predseg_labels_rectified_wse_map_95_perc: Too many points (841 out of 841) failed to transform, unable to compute output bounds.
[2026-01-27 23:57:39]     -> An ERROR occurred while processing CAM_CB_03_20220929175425_predseg_labels_rectified_depth_map_95_perc: Too many points (841 out of 841) failed to transform, unable to compute output bounds.
[2026-01-27 23:57:46]     -> An ERROR occurred while processing CAM_CB_03_20220929175425_predseg_labels_rectified_wse_map_95_perc: Too many points (841 out of 841) failed to transform, unable to compute output bounds.
[2026-01-27 23:57:47]     -> An ERROR occurred while processing CAM_CB_03_20220929180025_predseg_labels_rectified_depth_map_95_perc: Too many points (841 out of 841) failed to transform, unable to compute output bounds.
[2026-01-27 23:57:47]     ...progress: 65% complete (112/172)
[2026-01-27 23:57:54]     -> An ERROR occurred while processing CAM_CB_03_20220929180025_predseg_labels_rectified_wse_map_95_perc: Too many points (841 out of 841) failed to transform, unable to compute output bounds.
[2026-01-27 23:57:56]     -> An ERROR occurred while processing CAM_CB_03_20220929180626_predseg_labels_rectified_depth_map_95_perc: Too many points (841 out of 841) failed to transform, unable to compute output bounds.
[2026-01-27 23:58:03]     -> An ERROR occurred while processing CAM_CB_03_20220929180626_predseg_labels_rectified_wse_map_95_perc: Too many points (841 out of 841) failed to transform, unable to compute output bounds.
[2026-01-27 23:58:03]     -> An ERROR occurred while processing CAM_CB_03_20220929181226_predseg_labels_rectified_depth_map_95_perc: Too many points (841 out of 841) failed to transform, unable to compute output bounds.
[2026-01-27 23:58:08]     -> An ERROR occurred while processing CAM_CB_03_20220929181226_predseg_labels_rectified_wse_map_95_perc: Too many points (841 out of 841) failed to transform, unable to compute output bounds.
[2026-01-27 23:58:08]     -> An ERROR occurred while processing CAM_CB_03_20220929181826_predseg_labels_rectified_depth_map_95_perc: Too many points (841 out of 841) failed to transform, unable to compute output bounds.
[2026-01-27 23:58:12]     -> An ERROR occurred while processing CAM_CB_03_20220929181826_predseg_labels_rectified_wse_map_95_perc: Too many points (841 out of 841) failed to transform, unable to compute output bounds.
[2026-01-27 23:58:14]     -> An ERROR occurred while processing CAM_CB_03_20220929182425_predseg_labels_rectified_depth_map_95_perc: Too many points (841 out of 841) failed to transform, unable to compute output bounds.
[2026-01-27 23:58:14]     ...progress: 70% complete (120/172)
[2026-01-27 23:58:20]     -> An ERROR occurred while processing CAM_CB_03_20220929182425_predseg_labels_rectified_wse_map_95_perc: Too many points (841 out of 841) failed to transform, unable to compute output bounds.
[2026-01-27 23:58:22]     -> An ERROR occurred while processing CAM_CB_03_20220929183026_predseg_labels_rectified_depth_map_95_perc: Too many points (841 out of 841) failed to transform, unable to compute output bounds.
[2026-01-27 23:58:25]     -> An ERROR occurred while processing CAM_CB_03_20220929183026_predseg_labels_rectified_wse_map_95_perc: Too many points (841 out of 841) failed to transform, unable to compute output bounds.
[2026-01-27 23:58:25]     -> An ERROR occurred while processing CAM_CB_03_20220929183626_predseg_labels_rectified_depth_map_95_perc: Too many points (841 out of 841) failed to transform, unable to compute output bounds.
[2026-01-27 23:58:27]     -> An ERROR occurred while processing CAM_CB_03_20220929183626_predseg_labels_rectified_wse_map_95_perc: Too many points (841 out of 841) failed to transform, unable to compute output bounds.
[2026-01-27 23:58:28]     -> An ERROR occurred while processing CAM_CB_03_20220929184225_predseg_labels_rectified_depth_map_95_perc: Too many points (841 out of 841) failed to transform, unable to compute output bounds.
[2026-01-27 23:58:31]     -> An ERROR occurred while processing CAM_CB_03_20220929184225_predseg_labels_rectified_wse_map_95_perc: Too many points (841 out of 841) failed to transform, unable to compute output bounds.
[2026-01-27 23:58:31]     -> An ERROR occurred while processing CAM_CB_03_20220929184825_predseg_labels_rectified_depth_map_95_perc: Too many points (841 out of 841) failed to transform, unable to compute output bounds.
[2026-01-27 23:58:31]     ...progress: 74% complete (128/172)
[2026-01-27 23:58:34]     -> An ERROR occurred while processing CAM_CB_03_20220929184825_predseg_labels_rectified_wse_map_95_perc: Too many points (841 out of 841) failed to transform, unable to compute output bounds.
[2026-01-27 23:58:34]     -> An ERROR occurred while processing CAM_CB_03_20220929185426_predseg_labels_rectified_depth_map_95_perc: Too many points (841 out of 841) failed to transform, unable to compute output bounds.
[2026-01-27 23:58:36]     -> An ERROR occurred while processing CAM_CB_03_20220929185426_predseg_labels_rectified_wse_map_95_perc: Too many points (841 out of 841) failed to transform, unable to compute output bounds.
[2026-01-27 23:58:37]     -> An ERROR occurred while processing CAM_CB_03_20220929190026_predseg_labels_rectified_depth_map_95_perc: Too many points (841 out of 841) failed to transform, unable to compute output bounds.
[2026-01-27 23:58:43]     -> An ERROR occurred while processing CAM_CB_03_20220929190026_predseg_labels_rectified_wse_map_95_perc: Too many points (841 out of 841) failed to transform, unable to compute output bounds.
[2026-01-27 23:58:45]     -> An ERROR occurred while processing CAM_CB_03_20220929190626_predseg_labels_rectified_depth_map_95_perc: Too many points (841 out of 841) failed to transform, unable to compute output bounds.
[2026-01-27 23:58:49]     -> An ERROR occurred while processing CAM_CB_03_20220929190626_predseg_labels_rectified_wse_map_95_perc: Too many points (841 out of 841) failed to transform, unable to compute output bounds.
[2026-01-27 23:58:49]     -> An ERROR occurred while processing CAM_CB_03_20220929191225_predseg_labels_rectified_depth_map_95_perc: Too many points (841 out of 841) failed to transform, unable to compute output bounds.
[2026-01-27 23:58:49]     ...progress: 79% complete (136/172)
[2026-01-27 23:58:54]     -> An ERROR occurred while processing CAM_CB_03_20220929191225_predseg_labels_rectified_wse_map_95_perc: Too many points (841 out of 841) failed to transform, unable to compute output bounds.
[2026-01-27 23:58:56]     -> An ERROR occurred while processing CAM_CB_03_20220929191826_predseg_labels_rectified_depth_map_95_perc: Too many points (841 out of 841) failed to transform, unable to compute output bounds.
[2026-01-27 23:59:02]     -> An ERROR occurred while processing CAM_CB_03_20220929191826_predseg_labels_rectified_wse_map_95_perc: Too many points (841 out of 841) failed to transform, unable to compute output bounds.
[2026-01-27 23:59:05]     -> An ERROR occurred while processing CAM_CB_03_20220929192425_predseg_labels_rectified_depth_map_95_perc: Too many points (841 out of 841) failed to transform, unable to compute output bounds.
[2026-01-27 23:59:13]     -> An ERROR occurred while processing CAM_CB_03_20220929192425_predseg_labels_rectified_wse_map_95_perc: Too many points (841 out of 841) failed to transform, unable to compute output bounds.
[2026-01-27 23:59:16]     -> An ERROR occurred while processing CAM_CB_03_20220929193026_predseg_labels_rectified_depth_map_95_perc: Too many points (841 out of 841) failed to transform, unable to compute output bounds.
[2026-01-27 23:59:22]     -> An ERROR occurred while processing CAM_CB_03_20220929193026_predseg_labels_rectified_wse_map_95_perc: Too many points (841 out of 841) failed to transform, unable to compute output bounds.
[2026-01-27 23:59:25]     -> An ERROR occurred while processing CAM_CB_03_20220929193626_predseg_labels_rectified_depth_map_95_perc: Too many points (841 out of 841) failed to transform, unable to compute output bounds.
[2026-01-27 23:59:25]     ...progress: 84% complete (144/172)
[2026-01-27 23:59:31]     -> An ERROR occurred while processing CAM_CB_03_20220929193626_predseg_labels_rectified_wse_map_95_perc: Too many points (841 out of 841) failed to transform, unable to compute output bounds.
[2026-01-27 23:59:34]     -> An ERROR occurred while processing CAM_CB_03_20220929194225_predseg_labels_rectified_depth_map_95_perc: Too many points (841 out of 841) failed to transform, unable to compute output bounds.
[2026-01-27 23:59:40]     -> An ERROR occurred while processing CAM_CB_03_20220929194225_predseg_labels_rectified_wse_map_95_perc: Too many points (841 out of 841) failed to transform, unable to compute output bounds.
[2026-01-27 23:59:42]     -> An ERROR occurred while processing CAM_CB_03_20220929194826_predseg_labels_rectified_depth_map_95_perc: Too many points (841 out of 841) failed to transform, unable to compute output bounds.
[2026-01-27 23:59:48]     -> An ERROR occurred while processing CAM_CB_03_20220929194826_predseg_labels_rectified_wse_map_95_perc: Too many points (841 out of 841) failed to transform, unable to compute output bounds.
[2026-01-27 23:59:49]     -> An ERROR occurred while processing CAM_CB_03_20220929195426_predseg_labels_rectified_depth_map_95_perc: Too many points (841 out of 841) failed to transform, unable to compute output bounds.
[2026-01-27 23:59:51]     -> An ERROR occurred while processing CAM_CB_03_20220929195426_predseg_labels_rectified_wse_map_95_perc: Too many points (841 out of 841) failed to transform, unable to compute output bounds.
[2026-01-27 23:59:51]     -> An ERROR occurred while processing CAM_CB_03_20220929200026_predseg_labels_rectified_depth_map_95_perc: Too many points (841 out of 841) failed to transform, unable to compute output bounds.
[2026-01-27 23:59:51]     ...progress: 88% complete (152/172)
[2026-01-27 23:59:54]     -> An ERROR occurred while processing CAM_CB_03_20220929200026_predseg_labels_rectified_wse_map_95_perc: Too many points (841 out of 841) failed to transform, unable to compute output bounds.
[2026-01-27 23:59:54]     -> An ERROR occurred while processing CAM_CB_03_20220929200625_predseg_labels_rectified_depth_map_95_perc: Too many points (841 out of 841) failed to transform, unable to compute output bounds.
[2026-01-27 23:59:57]     -> An ERROR occurred while processing CAM_CB_03_20220929200625_predseg_labels_rectified_wse_map_95_perc: Too many points (841 out of 841) failed to transform, unable to compute output bounds.
[2026-01-28 00:00:00]     -> An ERROR occurred while processing CAM_CB_03_20220929201226_predseg_labels_rectified_depth_map_95_perc: Too many points (841 out of 841) failed to transform, unable to compute output bounds.
[2026-01-28 00:00:04]     -> An ERROR occurred while processing CAM_CB_03_20220929201226_predseg_labels_rectified_wse_map_95_perc: Too many points (841 out of 841) failed to transform, unable to compute output bounds.
[2026-01-28 00:00:05]     -> An ERROR occurred while processing CAM_CB_03_20220929201825_predseg_labels_rectified_depth_map_95_perc: Too many points (841 out of 841) failed to transform, unable to compute output bounds.
[2026-01-28 00:00:11]     -> An ERROR occurred while processing CAM_CB_03_20220929201825_predseg_labels_rectified_wse_map_95_perc: Too many points (841 out of 841) failed to transform, unable to compute output bounds.
[2026-01-28 00:00:12]     -> An ERROR occurred while processing CAM_CB_03_20220929202425_predseg_labels_rectified_depth_map_95_perc: Too many points (841 out of 841) failed to transform, unable to compute output bounds.
[2026-01-28 00:00:12]     ...progress: 93% complete (160/172)
[2026-01-28 00:00:21]     -> An ERROR occurred while processing CAM_CB_03_20220929202425_predseg_labels_rectified_wse_map_95_perc: Too many points (841 out of 841) failed to transform, unable to compute output bounds.
[2026-01-28 00:00:22]     -> An ERROR occurred while processing CAM_CB_03_20220929203026_predseg_labels_rectified_depth_map_95_perc: Too many points (841 out of 841) failed to transform, unable to compute output bounds.
[2026-01-28 00:00:26]     -> An ERROR occurred while processing CAM_CB_03_20220929203026_predseg_labels_rectified_wse_map_95_perc: Too many points (841 out of 841) failed to transform, unable to compute output bounds.
[2026-01-28 00:00:27]     -> An ERROR occurred while processing CAM_CB_03_20220929203626_predseg_labels_rectified_depth_map_95_perc: Too many points (841 out of 841) failed to transform, unable to compute output bounds.
[2026-01-28 00:00:32]     -> An ERROR occurred while processing CAM_CB_03_20220929203626_predseg_labels_rectified_wse_map_95_perc: Too many points (841 out of 841) failed to transform, unable to compute output bounds.
[2026-01-28 00:00:35]     -> An ERROR occurred while processing CAM_CB_03_20220929204225_predseg_labels_rectified_depth_map_95_perc: Too many points (841 out of 841) failed to transform, unable to compute output bounds.
[2026-01-28 00:00:41]     -> An ERROR occurred while processing CAM_CB_03_20220929204225_predseg_labels_rectified_wse_map_95_perc: Too many points (841 out of 841) failed to transform, unable to compute output bounds.
[2026-01-28 00:00:44]     -> An ERROR occurred while processing CAM_CB_03_20220929204825_predseg_labels_rectified_depth_map_95_perc: Too many points (841 out of 841) failed to transform, unable to compute output bounds.
[2026-01-28 00:00:44]     ...progress: 98% complete (168/172)
[2026-01-28 00:00:54]     -> An ERROR occurred while processing CAM_CB_03_20220929204825_predseg_labels_rectified_wse_map_95_perc: Too many points (841 out of 841) failed to transform, unable to compute output bounds.
[2026-01-28 00:00:55]     -> An ERROR occurred while processing CAM_CB_03_20220929205426_predseg_labels_rectified_depth_map_95_perc: Too many points (841 out of 841) failed to transform, unable to compute output bounds.
[2026-01-28 00:01:01]     -> An ERROR occurred while processing CAM_CB_03_20220929205426_predseg_labels_rectified_wse_map_95_perc: Too many points (841 out of 841) failed to transform, unable to compute output bounds.
[2026-01-28 00:01:02]     -> An ERROR occurred while processing CAM_CB_03_20220929210026_predseg_labels_rectified_depth_map_95_perc: Too many points (841 out of 841) failed to transform, unable to compute output bounds.
[2026-01-28 00:01:08]     -> An ERROR occurred while processing CAM_CB_03_20220929210026_predseg_labels_rectified_wse_map_95_perc: Too many points (841 out of 841) failed to transform, unable to compute output bounds.
[2026-01-28 00:01:08]   Successfully processed and plotted 0 files.
[2026-01-28 00:01:08]   Skipped 516 files due to name filter.
[2026-01-28 00:01:08] === Processing Complete: CB_03_20220929122627_20220929210227 ===
Rank 63 plotting events:  10%|▉         | 2/21 [18:06<2:54:17, 550.39s/event][2026-01-28 00:01:08] 
=== Processing Flood Event: CB_03_20220930102326_20221001011226 ===
[2026-01-28 00:01:08]   Source Zarr directory: /rsstu/users/k/kanarde/NASA-Sunnyverse/rmccune/poseidon/data/carolina_beach/flood_events/CB_03_20220930102326_20221001011226/zarr/depth_maps
[2026-01-28 00:01:14]   Filtering for stats: ['95_perc']
[2026-01-28 00:01:14]   Found 1088 potential Zarr stores. 272 will be processed.
[2026-01-28 00:01:19]     -> An ERROR occurred while processing CAM_CB_03_20220930102429_predseg_labels_rectified_depth_map_95_perc: Too many points (841 out of 841) failed to transform, unable to compute output bounds.
[2026-01-28 00:01:30]     -> An ERROR occurred while processing CAM_CB_03_20220930102429_predseg_labels_rectified_wse_map_95_perc: Too many points (841 out of 841) failed to transform, unable to compute output bounds.
[2026-01-28 00:01:33]     -> An ERROR occurred while processing CAM_CB_03_20220930103031_predseg_labels_rectified_depth_map_95_perc: Too many points (841 out of 841) failed to transform, unable to compute output bounds.
[2026-01-28 00:01:38]     -> An ERROR occurred while processing CAM_CB_03_20220930103031_predseg_labels_rectified_wse_map_95_perc: Too many points (841 out of 841) failed to transform, unable to compute output bounds.
[2026-01-28 00:01:40]     -> An ERROR occurred while processing CAM_CB_03_20220930103629_predseg_labels_rectified_depth_map_95_perc: Too many points (841 out of 841) failed to transform, unable to compute output bounds.
[2026-01-28 00:01:52]     -> An ERROR occurred while processing CAM_CB_03_20220930103629_predseg_labels_rectified_wse_map_95_perc: Too many points (841 out of 841) failed to transform, unable to compute output bounds.
[2026-01-28 00:01:56]     -> An ERROR occurred while processing CAM_CB_03_20220930104234_predseg_labels_rectified_depth_map_95_perc: Too many points (841 out of 841) failed to transform, unable to compute output bounds.
[2026-01-28 00:02:00]     -> An ERROR occurred while processing CAM_CB_03_20220930104234_predseg_labels_rectified_wse_map_95_perc: Too many points (841 out of 841) failed to transform, unable to compute output bounds.
[2026-01-28 00:02:00]     -> An ERROR occurred while processing CAM_CB_03_20220930104830_predseg_labels_rectified_depth_map_95_perc: Too many points (841 out of 841) failed to transform, unable to compute output bounds.
[2026-01-28 00:02:07]     -> An ERROR occurred while processing CAM_CB_03_20220930104830_predseg_labels_rectified_wse_map_95_perc: Too many points (841 out of 841) failed to transform, unable to compute output bounds.
[2026-01-28 00:02:08]     -> An ERROR occurred while processing CAM_CB_03_20220930105428_predseg_labels_rectified_depth_map_95_perc: Too many points (841 out of 841) failed to transform, unable to compute output bounds.
[2026-01-28 00:02:15]     -> An ERROR occurred while processing CAM_CB_03_20220930105428_predseg_labels_rectified_wse_map_95_perc: Too many points (841 out of 841) failed to transform, unable to compute output bounds.
[2026-01-28 00:02:15]     ...progress: 5% complete (13/272)
[2026-01-28 00:02:15]     -> An ERROR occurred while processing CAM_CB_03_20220930110026_predseg_labels_rectified_depth_map_95_perc: Too many points (841 out of 841) failed to transform, unable to compute output bounds.
[2026-01-28 00:02:23]     -> An ERROR occurred while processing CAM_CB_03_20220930110026_predseg_labels_rectified_wse_map_95_perc: Too many points (841 out of 841) failed to transform, unable to compute output bounds.
[2026-01-28 00:02:26]     -> An ERROR occurred while processing CAM_CB_03_20220930110626_predseg_labels_rectified_depth_map_95_perc: Too many points (841 out of 841) failed to transform, unable to compute output bounds.
[2026-01-28 00:02:31]     -> An ERROR occurred while processing CAM_CB_03_20220930110626_predseg_labels_rectified_wse_map_95_perc: Too many points (841 out of 841) failed to transform, unable to compute output bounds.
[2026-01-28 00:02:34]     -> An ERROR occurred while processing CAM_CB_03_20220930111226_predseg_labels_rectified_depth_map_95_perc: Too many points (841 out of 841) failed to transform, unable to compute output bounds.
[2026-01-28 00:02:41]     -> An ERROR occurred while processing CAM_CB_03_20220930111226_predseg_labels_rectified_wse_map_95_perc: Too many points (841 out of 841) failed to transform, unable to compute output bounds.
[2026-01-28 00:02:41]     -> An ERROR occurred while processing CAM_CB_03_20220930111826_predseg_labels_rectified_depth_map_95_perc: Too many points (841 out of 841) failed to transform, unable to compute output bounds.
[2026-01-28 00:02:48]     -> An ERROR occurred while processing CAM_CB_03_20220930111826_predseg_labels_rectified_wse_map_95_perc: Too many points (841 out of 841) failed to transform, unable to compute output bounds.
[2026-01-28 00:02:50]     -> An ERROR occurred while processing CAM_CB_03_20220930112426_predseg_labels_rectified_depth_map_95_perc: Too many points (841 out of 841) failed to transform, unable to compute output bounds.
[2026-01-28 00:02:55]     -> An ERROR occurred while processing CAM_CB_03_20220930112426_predseg_labels_rectified_wse_map_95_perc: Too many points (841 out of 841) failed to transform, unable to compute output bounds.
[2026-01-28 00:02:58]     -> An ERROR occurred while processing CAM_CB_03_20220930113025_predseg_labels_rectified_depth_map_95_perc: Too many points (841 out of 841) failed to transform, unable to compute output bounds.
[2026-01-28 00:03:05]     -> An ERROR occurred while processing CAM_CB_03_20220930113025_predseg_labels_rectified_wse_map_95_perc: Too many points (841 out of 841) failed to transform, unable to compute output bounds.
[2026-01-28 00:03:07]     -> An ERROR occurred while processing CAM_CB_03_20220930113626_predseg_labels_rectified_depth_map_95_perc: Too many points (841 out of 841) failed to transform, unable to compute output bounds.
[2026-01-28 00:03:07]     ...progress: 10% complete (26/272)
[2026-01-28 00:03:12]     -> An ERROR occurred while processing CAM_CB_03_20220930113626_predseg_labels_rectified_wse_map_95_perc: Too many points (841 out of 841) failed to transform, unable to compute output bounds.
[2026-01-28 00:03:14]     -> An ERROR occurred while processing CAM_CB_03_20220930114226_predseg_labels_rectified_depth_map_95_perc: Too many points (841 out of 841) failed to transform, unable to compute output bounds.
[2026-01-28 00:03:18]     -> An ERROR occurred while processing CAM_CB_03_20220930114226_predseg_labels_rectified_wse_map_95_perc: Too many points (841 out of 841) failed to transform, unable to compute output bounds.
[2026-01-28 00:03:20]     -> An ERROR occurred while processing CAM_CB_03_20220930114826_predseg_labels_rectified_depth_map_95_perc: Too many points (841 out of 841) failed to transform, unable to compute output bounds.
[2026-01-28 00:03:24]     -> An ERROR occurred while processing CAM_CB_03_20220930114826_predseg_labels_rectified_wse_map_95_perc: Too many points (841 out of 841) failed to transform, unable to compute output bounds.
[2026-01-28 00:03:26]     -> An ERROR occurred while processing CAM_CB_03_20220930115426_predseg_labels_rectified_depth_map_95_perc: Too many points (841 out of 841) failed to transform, unable to compute output bounds.
[2026-01-28 00:03:32]     -> An ERROR occurred while processing CAM_CB_03_20220930115426_predseg_labels_rectified_wse_map_95_perc: Too many points (841 out of 841) failed to transform, unable to compute output bounds.
[2026-01-28 00:03:33]     -> An ERROR occurred while processing CAM_CB_03_20220930120025_predseg_labels_rectified_depth_map_95_perc: Too many points (841 out of 841) failed to transform, unable to compute output bounds.
[2026-01-28 00:03:40]     -> An ERROR occurred while processing CAM_CB_03_20220930120025_predseg_labels_rectified_wse_map_95_perc: Too many points (841 out of 841) failed to transform, unable to compute output bounds.
[2026-01-28 00:03:43]     -> An ERROR occurred while processing CAM_CB_03_20220930120626_predseg_labels_rectified_depth_map_95_perc: Too many points (841 out of 841) failed to transform, unable to compute output bounds.
[2026-01-28 00:03:49]     -> An ERROR occurred while processing CAM_CB_03_20220930120626_predseg_labels_rectified_wse_map_95_perc: Too many points (841 out of 841) failed to transform, unable to compute output bounds.
[2026-01-28 00:03:51]     -> An ERROR occurred while processing CAM_CB_03_20220930121226_predseg_labels_rectified_depth_map_95_perc: Too many points (841 out of 841) failed to transform, unable to compute output bounds.
[2026-01-28 00:03:55]     -> An ERROR occurred while processing CAM_CB_03_20220930121226_predseg_labels_rectified_wse_map_95_perc: Too many points (841 out of 841) failed to transform, unable to compute output bounds.
[2026-01-28 00:03:55]     ...progress: 14% complete (39/272)
[2026-01-28 00:03:57]     -> An ERROR occurred while processing CAM_CB_03_20220930121826_predseg_labels_rectified_depth_map_95_perc: Too many points (841 out of 841) failed to transform, unable to compute output bounds.
[2026-01-28 00:04:01]     -> An ERROR occurred while processing CAM_CB_03_20220930121826_predseg_labels_rectified_wse_map_95_perc: Too many points (841 out of 841) failed to transform, unable to compute output bounds.
[2026-01-28 00:04:04]     -> An ERROR occurred while processing CAM_CB_03_20220930122426_predseg_labels_rectified_depth_map_95_perc: Too many points (841 out of 841) failed to transform, unable to compute output bounds.
[2026-01-28 00:04:11]     -> An ERROR occurred while processing CAM_CB_03_20220930122426_predseg_labels_rectified_wse_map_95_perc: Too many points (841 out of 841) failed to transform, unable to compute output bounds.
[2026-01-28 00:04:13]     -> An ERROR occurred while processing CAM_CB_03_20220930123026_predseg_labels_rectified_depth_map_95_perc: Too many points (841 out of 841) failed to transform, unable to compute output bounds.
[2026-01-28 00:04:19]     -> An ERROR occurred while processing CAM_CB_03_20220930123026_predseg_labels_rectified_wse_map_95_perc: Too many points (841 out of 841) failed to transform, unable to compute output bounds.
[2026-01-28 00:04:21]     -> An ERROR occurred while processing CAM_CB_03_20220930123626_predseg_labels_rectified_depth_map_95_perc: Too many points (841 out of 841) failed to transform, unable to compute output bounds.
[2026-01-28 00:04:29]     -> An ERROR occurred while processing CAM_CB_03_20220930123626_predseg_labels_rectified_wse_map_95_perc: Too many points (841 out of 841) failed to transform, unable to compute output bounds.
[2026-01-28 00:04:32]     -> An ERROR occurred while processing CAM_CB_03_20220930124226_predseg_labels_rectified_depth_map_95_perc: Too many points (841 out of 841) failed to transform, unable to compute output bounds.
[2026-01-28 00:04:39]     -> An ERROR occurred while processing CAM_CB_03_20220930124226_predseg_labels_rectified_wse_map_95_perc: Too many points (841 out of 841) failed to transform, unable to compute output bounds.
[2026-01-28 00:04:41]     -> An ERROR occurred while processing CAM_CB_03_20220930124825_predseg_labels_rectified_depth_map_95_perc: Too many points (841 out of 841) failed to transform, unable to compute output bounds.
[2026-01-28 00:04:54]     -> An ERROR occurred while processing CAM_CB_03_20220930124825_predseg_labels_rectified_wse_map_95_perc: Too many points (841 out of 841) failed to transform, unable to compute output bounds.
[2026-01-28 00:04:55]     -> An ERROR occurred while processing CAM_CB_03_20220930125425_predseg_labels_rectified_depth_map_95_perc: Too many points (841 out of 841) failed to transform, unable to compute output bounds.
[2026-01-28 00:04:55]     ...progress: 19% complete (52/272)
[2026-01-28 00:05:02]     -> An ERROR occurred while processing CAM_CB_03_20220930125425_predseg_labels_rectified_wse_map_95_perc: Too many points (841 out of 841) failed to transform, unable to compute output bounds.
[2026-01-28 00:05:05]     -> An ERROR occurred while processing CAM_CB_03_20220930130026_predseg_labels_rectified_depth_map_95_perc: Too many points (841 out of 841) failed to transform, unable to compute output bounds.
[2026-01-28 00:05:07]     -> An ERROR occurred while processing CAM_CB_03_20220930130026_predseg_labels_rectified_wse_map_95_perc: Too many points (841 out of 841) failed to transform, unable to compute output bounds.
[2026-01-28 00:05:08]     -> An ERROR occurred while processing CAM_CB_03_20220930130626_predseg_labels_rectified_depth_map_95_perc: Too many points (841 out of 841) failed to transform, unable to compute output bounds.
[2026-01-28 00:05:14]     -> An ERROR occurred while processing CAM_CB_03_20220930130626_predseg_labels_rectified_wse_map_95_perc: Too many points (841 out of 841) failed to transform, unable to compute output bounds.
[2026-01-28 00:05:16]     -> An ERROR occurred while processing CAM_CB_03_20220930131225_predseg_labels_rectified_depth_map_95_perc: Too many points (841 out of 841) failed to transform, unable to compute output bounds.
[2026-01-28 00:05:22]     -> An ERROR occurred while processing CAM_CB_03_20220930131225_predseg_labels_rectified_wse_map_95_perc: Too many points (841 out of 841) failed to transform, unable to compute output bounds.
[2026-01-28 00:05:24]     -> An ERROR occurred while processing CAM_CB_03_20220930131826_predseg_labels_rectified_depth_map_95_perc: Too many points (841 out of 841) failed to transform, unable to compute output bounds.
[2026-01-28 00:05:26]     -> An ERROR occurred while processing CAM_CB_03_20220930131826_predseg_labels_rectified_wse_map_95_perc: Too many points (841 out of 841) failed to transform, unable to compute output bounds.
[2026-01-28 00:05:26]     -> An ERROR occurred while processing CAM_CB_03_20220930132426_predseg_labels_rectified_depth_map_95_perc: Too many points (841 out of 841) failed to transform, unable to compute output bounds.
[2026-01-28 00:05:30]     -> An ERROR occurred while processing CAM_CB_03_20220930132426_predseg_labels_rectified_wse_map_95_perc: Too many points (841 out of 841) failed to transform, unable to compute output bounds.
[2026-01-28 00:05:30]     -> An ERROR occurred while processing CAM_CB_03_20220930133026_predseg_labels_rectified_depth_map_95_perc: Too many points (841 out of 841) failed to transform, unable to compute output bounds.
[2026-01-28 00:05:37]     -> An ERROR occurred while processing CAM_CB_03_20220930133026_predseg_labels_rectified_wse_map_95_perc: Too many points (841 out of 841) failed to transform, unable to compute output bounds.
[2026-01-28 00:05:37]     ...progress: 24% complete (65/272)
[2026-01-28 00:05:38]     -> An ERROR occurred while processing CAM_CB_03_20220930133626_predseg_labels_rectified_depth_map_95_perc: Too many points (841 out of 841) failed to transform, unable to compute output bounds.
[2026-01-28 00:05:44]     -> An ERROR occurred while processing CAM_CB_03_20220930133626_predseg_labels_rectified_wse_map_95_perc: Too many points (841 out of 841) failed to transform, unable to compute output bounds.
[2026-01-28 00:05:45]     -> An ERROR occurred while processing CAM_CB_03_20220930134226_predseg_labels_rectified_depth_map_95_perc: Too many points (841 out of 841) failed to transform, unable to compute output bounds.
[2026-01-28 00:05:52]     -> An ERROR occurred while processing CAM_CB_03_20220930134226_predseg_labels_rectified_wse_map_95_perc: Too many points (841 out of 841) failed to transform, unable to compute output bounds.
[2026-01-28 00:05:54]     -> An ERROR occurred while processing CAM_CB_03_20220930134826_predseg_labels_rectified_depth_map_95_perc: Too many points (841 out of 841) failed to transform, unable to compute output bounds.
[2026-01-28 00:05:58]     -> An ERROR occurred while processing CAM_CB_03_20220930134826_predseg_labels_rectified_wse_map_95_perc: Too many points (841 out of 841) failed to transform, unable to compute output bounds.
[2026-01-28 00:06:00]     -> An ERROR occurred while processing CAM_CB_03_20220930135425_predseg_labels_rectified_depth_map_95_perc: Too many points (841 out of 841) failed to transform, unable to compute output bounds.
[2026-01-28 00:06:06]     -> An ERROR occurred while processing CAM_CB_03_20220930135425_predseg_labels_rectified_wse_map_95_perc: Too many points (841 out of 841) failed to transform, unable to compute output bounds.
[2026-01-28 00:06:07]     -> An ERROR occurred while processing CAM_CB_03_20220930140025_predseg_labels_rectified_depth_map_95_perc: Too many points (841 out of 841) failed to transform, unable to compute output bounds.
[2026-01-28 00:06:10]     -> An ERROR occurred while processing CAM_CB_03_20220930140025_predseg_labels_rectified_wse_map_95_perc: Too many points (841 out of 841) failed to transform, unable to compute output bounds.
[2026-01-28 00:06:10]     -> An ERROR occurred while processing CAM_CB_03_20220930140626_predseg_labels_rectified_depth_map_95_perc: Too many points (841 out of 841) failed to transform, unable to compute output bounds.
[2026-01-28 00:06:11]     -> An ERROR occurred while processing CAM_CB_03_20220930140626_predseg_labels_rectified_wse_map_95_perc: Too many points (841 out of 841) failed to transform, unable to compute output bounds.
[2026-01-28 00:06:12]     -> An ERROR occurred while processing CAM_CB_03_20220930141226_predseg_labels_rectified_depth_map_95_perc: Too many points (841 out of 841) failed to transform, unable to compute output bounds.
[2026-01-28 00:06:12]     ...progress: 29% complete (78/272)
[2026-01-28 00:06:16]     -> An ERROR occurred while processing CAM_CB_03_20220930141226_predseg_labels_rectified_wse_map_95_perc: Too many points (841 out of 841) failed to transform, unable to compute output bounds.
[2026-01-28 00:06:16]     -> An ERROR occurred while processing CAM_CB_03_20220930141825_predseg_labels_rectified_depth_map_95_perc: Too many points (841 out of 841) failed to transform, unable to compute output bounds.
[2026-01-28 00:06:21]     -> An ERROR occurred while processing CAM_CB_03_20220930141825_predseg_labels_rectified_wse_map_95_perc: Too many points (841 out of 841) failed to transform, unable to compute output bounds.
[2026-01-28 00:06:23]     -> An ERROR occurred while processing CAM_CB_03_20220930142426_predseg_labels_rectified_depth_map_95_perc: Too many points (841 out of 841) failed to transform, unable to compute output bounds.
[2026-01-28 00:06:29]     -> An ERROR occurred while processing CAM_CB_03_20220930142426_predseg_labels_rectified_wse_map_95_perc: Too many points (841 out of 841) failed to transform, unable to compute output bounds.
[2026-01-28 00:06:32]     -> An ERROR occurred while processing CAM_CB_03_20220930143026_predseg_labels_rectified_depth_map_95_perc: Too many points (841 out of 841) failed to transform, unable to compute output bounds.
[2026-01-28 00:06:39]     -> An ERROR occurred while processing CAM_CB_03_20220930143026_predseg_labels_rectified_wse_map_95_perc: Too many points (841 out of 841) failed to transform, unable to compute output bounds.
[2026-01-28 00:06:42]     -> An ERROR occurred while processing CAM_CB_03_20220930143626_predseg_labels_rectified_depth_map_95_perc: Too many points (841 out of 841) failed to transform, unable to compute output bounds.
[2026-01-28 00:06:49]     -> An ERROR occurred while processing CAM_CB_03_20220930143626_predseg_labels_rectified_wse_map_95_perc: Too many points (841 out of 841) failed to transform, unable to compute output bounds.
[2026-01-28 00:06:51]     -> An ERROR occurred while processing CAM_CB_03_20220930144226_predseg_labels_rectified_depth_map_95_perc: Too many points (841 out of 841) failed to transform, unable to compute output bounds.
[2026-01-28 00:06:57]     -> An ERROR occurred while processing CAM_CB_03_20220930144226_predseg_labels_rectified_wse_map_95_perc: Too many points (841 out of 841) failed to transform, unable to compute output bounds.
[2026-01-28 00:06:57]     -> An ERROR occurred while processing CAM_CB_03_20220930144826_predseg_labels_rectified_depth_map_95_perc: Too many points (841 out of 841) failed to transform, unable to compute output bounds.
[2026-01-28 00:07:00]     -> An ERROR occurred while processing CAM_CB_03_20220930144826_predseg_labels_rectified_wse_map_95_perc: Too many points (841 out of 841) failed to transform, unable to compute output bounds.
[2026-01-28 00:07:00]     ...progress: 33% complete (91/272)
[2026-01-28 00:07:01]     -> An ERROR occurred while processing CAM_CB_03_20220930145426_predseg_labels_rectified_depth_map_95_perc: Too many points (841 out of 841) failed to transform, unable to compute output bounds.
[2026-01-28 00:07:03]     -> An ERROR occurred while processing CAM_CB_03_20220930145426_predseg_labels_rectified_wse_map_95_perc: Too many points (841 out of 841) failed to transform, unable to compute output bounds.
[2026-01-28 00:07:04]     -> An ERROR occurred while processing CAM_CB_03_20220930150026_predseg_labels_rectified_depth_map_95_perc: Too many points (841 out of 841) failed to transform, unable to compute output bounds.
[2026-01-28 00:07:11]     -> An ERROR occurred while processing CAM_CB_03_20220930150026_predseg_labels_rectified_wse_map_95_perc: Too many points (841 out of 841) failed to transform, unable to compute output bounds.
[2026-01-28 00:07:13]     -> An ERROR occurred while processing CAM_CB_03_20220930150626_predseg_labels_rectified_depth_map_95_perc: Too many points (841 out of 841) failed to transform, unable to compute output bounds.
[2026-01-28 00:07:19]     -> An ERROR occurred while processing CAM_CB_03_20220930150626_predseg_labels_rectified_wse_map_95_perc: Too many points (841 out of 841) failed to transform, unable to compute output bounds.
[2026-01-28 00:07:20]     -> An ERROR occurred while processing CAM_CB_03_20220930151226_predseg_labels_rectified_depth_map_95_perc: Too many points (841 out of 841) failed to transform, unable to compute output bounds.
[2026-01-28 00:07:27]     -> An ERROR occurred while processing CAM_CB_03_20220930151226_predseg_labels_rectified_wse_map_95_perc: Too many points (841 out of 841) failed to transform, unable to compute output bounds.
[2026-01-28 00:07:29]     -> An ERROR occurred while processing CAM_CB_03_20220930151826_predseg_labels_rectified_depth_map_95_perc: Too many points (841 out of 841) failed to transform, unable to compute output bounds.
[2026-01-28 00:07:34]     -> An ERROR occurred while processing CAM_CB_03_20220930151826_predseg_labels_rectified_wse_map_95_perc: Too many points (841 out of 841) failed to transform, unable to compute output bounds.
[2026-01-28 00:07:37]     -> An ERROR occurred while processing CAM_CB_03_20220930152426_predseg_labels_rectified_depth_map_95_perc: Too many points (841 out of 841) failed to transform, unable to compute output bounds.
[2026-01-28 00:07:49]     -> An ERROR occurred while processing CAM_CB_03_20220930152426_predseg_labels_rectified_wse_map_95_perc: Too many points (841 out of 841) failed to transform, unable to compute output bounds.
[2026-01-28 00:07:52]     -> An ERROR occurred while processing CAM_CB_03_20220930153026_predseg_labels_rectified_depth_map_95_perc: Too many points (841 out of 841) failed to transform, unable to compute output bounds.
[2026-01-28 00:07:52]     ...progress: 38% complete (104/272)
[2026-01-28 00:07:59]     -> An ERROR occurred while processing CAM_CB_03_20220930153026_predseg_labels_rectified_wse_map_95_perc: Too many points (841 out of 841) failed to transform, unable to compute output bounds.
[2026-01-28 00:08:00]     -> An ERROR occurred while processing CAM_CB_03_20220930153625_predseg_labels_rectified_depth_map_95_perc: Too many points (841 out of 841) failed to transform, unable to compute output bounds.
[2026-01-28 00:08:03]     -> An ERROR occurred while processing CAM_CB_03_20220930153625_predseg_labels_rectified_wse_map_95_perc: Too many points (841 out of 841) failed to transform, unable to compute output bounds.
[2026-01-28 00:08:06]     -> An ERROR occurred while processing CAM_CB_03_20220930154225_predseg_labels_rectified_depth_map_95_perc: Too many points (841 out of 841) failed to transform, unable to compute output bounds.
[2026-01-28 00:08:13]     -> An ERROR occurred while processing CAM_CB_03_20220930154225_predseg_labels_rectified_wse_map_95_perc: Too many points (841 out of 841) failed to transform, unable to compute output bounds.
[2026-01-28 00:08:14]     -> An ERROR occurred while processing CAM_CB_03_20220930154826_predseg_labels_rectified_depth_map_95_perc: Too many points (841 out of 841) failed to transform, unable to compute output bounds.
[2026-01-28 00:08:20]     -> An ERROR occurred while processing CAM_CB_03_20220930154826_predseg_labels_rectified_wse_map_95_perc: Too many points (841 out of 841) failed to transform, unable to compute output bounds.
[2026-01-28 00:08:21]     -> An ERROR occurred while processing CAM_CB_03_20220930155426_predseg_labels_rectified_depth_map_95_perc: Too many points (841 out of 841) failed to transform, unable to compute output bounds.
[2026-01-28 00:08:25]     -> An ERROR occurred while processing CAM_CB_03_20220930155426_predseg_labels_rectified_wse_map_95_perc: Too many points (841 out of 841) failed to transform, unable to compute output bounds.
[2026-01-28 00:08:25]     -> An ERROR occurred while processing CAM_CB_03_20220930160026_predseg_labels_rectified_depth_map_95_perc: Too many points (841 out of 841) failed to transform, unable to compute output bounds.
[2026-01-28 00:08:27]     -> An ERROR occurred while processing CAM_CB_03_20220930160026_predseg_labels_rectified_wse_map_95_perc: Too many points (841 out of 841) failed to transform, unable to compute output bounds.
[2026-01-28 00:08:27]     -> An ERROR occurred while processing CAM_CB_03_20220930160626_predseg_labels_rectified_depth_map_95_perc: Too many points (841 out of 841) failed to transform, unable to compute output bounds.
[2026-01-28 00:08:29]     -> An ERROR occurred while processing CAM_CB_03_20220930160626_predseg_labels_rectified_wse_map_95_perc: Too many points (841 out of 841) failed to transform, unable to compute output bounds.
[2026-01-28 00:08:29]     ...progress: 43% complete (117/272)
[2026-01-28 00:08:29]     -> An ERROR occurred while processing CAM_CB_03_20220930161225_predseg_labels_rectified_depth_map_95_perc: Too many points (841 out of 841) failed to transform, unable to compute output bounds.
[2026-01-28 00:08:35]     -> An ERROR occurred while processing CAM_CB_03_20220930161225_predseg_labels_rectified_wse_map_95_perc: Too many points (841 out of 841) failed to transform, unable to compute output bounds.
[2026-01-28 00:08:35]     -> An ERROR occurred while processing CAM_CB_03_20220930161825_predseg_labels_rectified_depth_map_95_perc: Too many points (841 out of 841) failed to transform, unable to compute output bounds.
[2026-01-28 00:08:41]     -> An ERROR occurred while processing CAM_CB_03_20220930161825_predseg_labels_rectified_wse_map_95_perc: Too many points (841 out of 841) failed to transform, unable to compute output bounds.
[2026-01-28 00:08:43]     -> An ERROR occurred while processing CAM_CB_03_20220930162426_predseg_labels_rectified_depth_map_95_perc: Too many points (841 out of 841) failed to transform, unable to compute output bounds.
[2026-01-28 00:08:50]     -> An ERROR occurred while processing CAM_CB_03_20220930162426_predseg_labels_rectified_wse_map_95_perc: Too many points (841 out of 841) failed to transform, unable to compute output bounds.
[2026-01-28 00:08:53]     -> An ERROR occurred while processing CAM_CB_03_20220930163025_predseg_labels_rectified_depth_map_95_perc: Too many points (841 out of 841) failed to transform, unable to compute output bounds.
[2026-01-28 00:08:59]     -> An ERROR occurred while processing CAM_CB_03_20220930163025_predseg_labels_rectified_wse_map_95_perc: Too many points (841 out of 841) failed to transform, unable to compute output bounds.
[2026-01-28 00:09:02]     -> An ERROR occurred while processing CAM_CB_03_20220930163626_predseg_labels_rectified_depth_map_95_perc: Too many points (841 out of 841) failed to transform, unable to compute output bounds.
[2026-01-28 00:09:10]     -> An ERROR occurred while processing CAM_CB_03_20220930163626_predseg_labels_rectified_wse_map_95_perc: Too many points (841 out of 841) failed to transform, unable to compute output bounds.
[2026-01-28 00:09:13]     -> An ERROR occurred while processing CAM_CB_03_20220930164225_predseg_labels_rectified_depth_map_95_perc: Too many points (841 out of 841) failed to transform, unable to compute output bounds.
[2026-01-28 00:09:19]     -> An ERROR occurred while processing CAM_CB_03_20220930164225_predseg_labels_rectified_wse_map_95_perc: Too many points (841 out of 841) failed to transform, unable to compute output bounds.
[2026-01-28 00:09:23]     -> An ERROR occurred while processing CAM_CB_03_20220930164826_predseg_labels_rectified_depth_map_95_perc: Too many points (841 out of 841) failed to transform, unable to compute output bounds.
[2026-01-28 00:09:23]     ...progress: 48% complete (130/272)
[2026-01-28 00:09:26]     -> An ERROR occurred while processing CAM_CB_03_20220930164826_predseg_labels_rectified_wse_map_95_perc: Too many points (841 out of 841) failed to transform, unable to compute output bounds.
[2026-01-28 00:09:26]     -> An ERROR occurred while processing CAM_CB_03_20220930165426_predseg_labels_rectified_depth_map_95_perc: Too many points (841 out of 841) failed to transform, unable to compute output bounds.
[2026-01-28 00:09:30]     -> An ERROR occurred while processing CAM_CB_03_20220930165426_predseg_labels_rectified_wse_map_95_perc: Too many points (841 out of 841) failed to transform, unable to compute output bounds.
[2026-01-28 00:09:31]     -> An ERROR occurred while processing CAM_CB_03_20220930170026_predseg_labels_rectified_depth_map_95_perc: Too many points (841 out of 841) failed to transform, unable to compute output bounds.
[2026-01-28 00:09:35]     -> An ERROR occurred while processing CAM_CB_03_20220930170026_predseg_labels_rectified_wse_map_95_perc: Too many points (841 out of 841) failed to transform, unable to compute output bounds.
[2026-01-28 00:09:38]     -> An ERROR occurred while processing CAM_CB_03_20220930170626_predseg_labels_rectified_depth_map_95_perc: Too many points (841 out of 841) failed to transform, unable to compute output bounds.
[2026-01-28 00:09:42]     -> An ERROR occurred while processing CAM_CB_03_20220930170626_predseg_labels_rectified_wse_map_95_perc: Too many points (841 out of 841) failed to transform, unable to compute output bounds.
[2026-01-28 00:09:44]     -> An ERROR occurred while processing CAM_CB_03_20220930171225_predseg_labels_rectified_depth_map_95_perc: Too many points (841 out of 841) failed to transform, unable to compute output bounds.
[2026-01-28 00:09:47]     -> An ERROR occurred while processing CAM_CB_03_20220930171225_predseg_labels_rectified_wse_map_95_perc: Too many points (841 out of 841) failed to transform, unable to compute output bounds.
[2026-01-28 00:09:49]     -> An ERROR occurred while processing CAM_CB_03_20220930171826_predseg_labels_rectified_depth_map_95_perc: Too many points (841 out of 841) failed to transform, unable to compute output bounds.
[2026-01-28 00:09:55]     -> An ERROR occurred while processing CAM_CB_03_20220930171826_predseg_labels_rectified_wse_map_95_perc: Too many points (841 out of 841) failed to transform, unable to compute output bounds.
[2026-01-28 00:09:58]     -> An ERROR occurred while processing CAM_CB_03_20220930172426_predseg_labels_rectified_depth_map_95_perc: Too many points (841 out of 841) failed to transform, unable to compute output bounds.
[2026-01-28 00:10:05]     -> An ERROR occurred while processing CAM_CB_03_20220930172426_predseg_labels_rectified_wse_map_95_perc: Too many points (841 out of 841) failed to transform, unable to compute output bounds.
[2026-01-28 00:10:05]     ...progress: 53% complete (143/272)
[2026-01-28 00:10:05]     -> An ERROR occurred while processing CAM_CB_03_20220930173026_predseg_labels_rectified_depth_map_95_perc: Too many points (841 out of 841) failed to transform, unable to compute output bounds.
[2026-01-28 00:10:09]     -> An ERROR occurred while processing CAM_CB_03_20220930173026_predseg_labels_rectified_wse_map_95_perc: Too many points (841 out of 841) failed to transform, unable to compute output bounds.
[2026-01-28 00:10:09]     -> An ERROR occurred while processing CAM_CB_03_20220930173625_predseg_labels_rectified_depth_map_95_perc: Too many points (841 out of 841) failed to transform, unable to compute output bounds.
[2026-01-28 00:10:13]     -> An ERROR occurred while processing CAM_CB_03_20220930173625_predseg_labels_rectified_wse_map_95_perc: Too many points (841 out of 841) failed to transform, unable to compute output bounds.
[2026-01-28 00:10:13]     -> An ERROR occurred while processing CAM_CB_03_20220930174226_predseg_labels_rectified_depth_map_95_perc: Too many points (841 out of 841) failed to transform, unable to compute output bounds.
[2026-01-28 00:10:18]     -> An ERROR occurred while processing CAM_CB_03_20220930174226_predseg_labels_rectified_wse_map_95_perc: Too many points (841 out of 841) failed to transform, unable to compute output bounds.
[2026-01-28 00:10:18]     -> An ERROR occurred while processing CAM_CB_03_20220930174826_predseg_labels_rectified_depth_map_95_perc: Too many points (841 out of 841) failed to transform, unable to compute output bounds.
[2026-01-28 00:10:21]     -> An ERROR occurred while processing CAM_CB_03_20220930174826_predseg_labels_rectified_wse_map_95_perc: Too many points (841 out of 841) failed to transform, unable to compute output bounds.
[2026-01-28 00:10:21]     -> An ERROR occurred while processing CAM_CB_03_20220930175426_predseg_labels_rectified_depth_map_95_perc: Too many points (841 out of 841) failed to transform, unable to compute output bounds.
[2026-01-28 00:10:25]     -> An ERROR occurred while processing CAM_CB_03_20220930175426_predseg_labels_rectified_wse_map_95_perc: Too many points (841 out of 841) failed to transform, unable to compute output bounds.
[2026-01-28 00:10:25]     -> An ERROR occurred while processing CAM_CB_03_20220930180026_predseg_labels_rectified_depth_map_95_perc: Too many points (841 out of 841) failed to transform, unable to compute output bounds.
[2026-01-28 00:10:28]     -> An ERROR occurred while processing CAM_CB_03_20220930180026_predseg_labels_rectified_wse_map_95_perc: Too many points (841 out of 841) failed to transform, unable to compute output bounds.
[2026-01-28 00:10:28]     -> An ERROR occurred while processing CAM_CB_03_20220930180626_predseg_labels_rectified_depth_map_95_perc: Too many points (841 out of 841) failed to transform, unable to compute output bounds.
[2026-01-28 00:10:28]     ...progress: 57% complete (156/272)
[2026-01-28 00:10:33]     -> An ERROR occurred while processing CAM_CB_03_20220930180626_predseg_labels_rectified_wse_map_95_perc: Too many points (841 out of 841) failed to transform, unable to compute output bounds.
[2026-01-28 00:10:35]     -> An ERROR occurred while processing CAM_CB_03_20220930181226_predseg_labels_rectified_depth_map_95_perc: Too many points (841 out of 841) failed to transform, unable to compute output bounds.
[2026-01-28 00:10:43]     -> An ERROR occurred while processing CAM_CB_03_20220930181226_predseg_labels_rectified_wse_map_95_perc: Too many points (841 out of 841) failed to transform, unable to compute output bounds.
[2026-01-28 00:10:46]     -> An ERROR occurred while processing CAM_CB_03_20220930181826_predseg_labels_rectified_depth_map_95_perc: Too many points (841 out of 841) failed to transform, unable to compute output bounds.
[2026-01-28 00:10:54]     -> An ERROR occurred while processing CAM_CB_03_20220930181826_predseg_labels_rectified_wse_map_95_perc: Too many points (841 out of 841) failed to transform, unable to compute output bounds.
[2026-01-28 00:10:56]     -> An ERROR occurred while processing CAM_CB_03_20220930182426_predseg_labels_rectified_depth_map_95_perc: Too many points (841 out of 841) failed to transform, unable to compute output bounds.
[2026-01-28 00:11:10]     -> An ERROR occurred while processing CAM_CB_03_20220930182426_predseg_labels_rectified_wse_map_95_perc: Too many points (841 out of 841) failed to transform, unable to compute output bounds.
[2026-01-28 00:11:11]     -> An ERROR occurred while processing CAM_CB_03_20220930183026_predseg_labels_rectified_depth_map_95_perc: Too many points (841 out of 841) failed to transform, unable to compute output bounds.
[2026-01-28 00:11:19]     -> An ERROR occurred while processing CAM_CB_03_20220930183026_predseg_labels_rectified_wse_map_95_perc: Too many points (841 out of 841) failed to transform, unable to compute output bounds.
[2026-01-28 00:11:20]     -> An ERROR occurred while processing CAM_CB_03_20220930183625_predseg_labels_rectified_depth_map_95_perc: Too many points (841 out of 841) failed to transform, unable to compute output bounds.
[2026-01-28 00:11:27]     -> An ERROR occurred while processing CAM_CB_03_20220930183625_predseg_labels_rectified_wse_map_95_perc: Too many points (841 out of 841) failed to transform, unable to compute output bounds.
[2026-01-28 00:11:29]     -> An ERROR occurred while processing CAM_CB_03_20220930184225_predseg_labels_rectified_depth_map_95_perc: Too many points (841 out of 841) failed to transform, unable to compute output bounds.
[2026-01-28 00:11:39]     -> An ERROR occurred while processing CAM_CB_03_20220930184225_predseg_labels_rectified_wse_map_95_perc: Too many points (841 out of 841) failed to transform, unable to compute output bounds.
[2026-01-28 00:11:39]     ...progress: 62% complete (169/272)
[2026-01-28 00:11:42]     -> An ERROR occurred while processing CAM_CB_03_20220930184825_predseg_labels_rectified_depth_map_95_perc: Too many points (841 out of 841) failed to transform, unable to compute output bounds.
[2026-01-28 00:11:47]     -> An ERROR occurred while processing CAM_CB_03_20220930184825_predseg_labels_rectified_wse_map_95_perc: Too many points (841 out of 841) failed to transform, unable to compute output bounds.
[2026-01-28 00:11:50]     -> An ERROR occurred while processing CAM_CB_03_20220930185425_predseg_labels_rectified_depth_map_95_perc: Too many points (841 out of 841) failed to transform, unable to compute output bounds.
[2026-01-28 00:11:55]     -> An ERROR occurred while processing CAM_CB_03_20220930185425_predseg_labels_rectified_wse_map_95_perc: Too many points (841 out of 841) failed to transform, unable to compute output bounds.
[2026-01-28 00:11:58]     -> An ERROR occurred while processing CAM_CB_03_20220930190025_predseg_labels_rectified_depth_map_95_perc: Too many points (841 out of 841) failed to transform, unable to compute output bounds.
[2026-01-28 00:12:03]     -> An ERROR occurred while processing CAM_CB_03_20220930190025_predseg_labels_rectified_wse_map_95_perc: Too many points (841 out of 841) failed to transform, unable to compute output bounds.
[2026-01-28 00:12:06]     -> An ERROR occurred while processing CAM_CB_03_20220930190626_predseg_labels_rectified_depth_map_95_perc: Too many points (841 out of 841) failed to transform, unable to compute output bounds.
[2026-01-28 00:12:15]     -> An ERROR occurred while processing CAM_CB_03_20220930190626_predseg_labels_rectified_wse_map_95_perc: Too many points (841 out of 841) failed to transform, unable to compute output bounds.
[2026-01-28 00:12:18]     -> An ERROR occurred while processing CAM_CB_03_20220930191226_predseg_labels_rectified_depth_map_95_perc: Too many points (841 out of 841) failed to transform, unable to compute output bounds.
[2026-01-28 00:12:26]     -> An ERROR occurred while processing CAM_CB_03_20220930191226_predseg_labels_rectified_wse_map_95_perc: Too many points (841 out of 841) failed to transform, unable to compute output bounds.
[2026-01-28 00:12:29]     -> An ERROR occurred while processing CAM_CB_03_20220930191826_predseg_labels_rectified_depth_map_95_perc: Too many points (841 out of 841) failed to transform, unable to compute output bounds.
[2026-01-28 00:12:36]     -> An ERROR occurred while processing CAM_CB_03_20220930191826_predseg_labels_rectified_wse_map_95_perc: Too many points (841 out of 841) failed to transform, unable to compute output bounds.
[2026-01-28 00:12:38]     -> An ERROR occurred while processing CAM_CB_03_20220930192426_predseg_labels_rectified_depth_map_95_perc: Too many points (841 out of 841) failed to transform, unable to compute output bounds.
[2026-01-28 00:12:38]     ...progress: 67% complete (182/272)
[2026-01-28 00:12:40]     -> An ERROR occurred while processing CAM_CB_03_20220930192426_predseg_labels_rectified_wse_map_95_perc: Too many points (841 out of 841) failed to transform, unable to compute output bounds.
[2026-01-28 00:12:41]     -> An ERROR occurred while processing CAM_CB_03_20220930193026_predseg_labels_rectified_depth_map_95_perc: Too many points (841 out of 841) failed to transform, unable to compute output bounds.
[2026-01-28 00:12:43]     -> An ERROR occurred while processing CAM_CB_03_20220930193026_predseg_labels_rectified_wse_map_95_perc: Too many points (841 out of 841) failed to transform, unable to compute output bounds.
[2026-01-28 00:12:43]     -> An ERROR occurred while processing CAM_CB_03_20220930193626_predseg_labels_rectified_depth_map_95_perc: Too many points (841 out of 841) failed to transform, unable to compute output bounds.
[2026-01-28 00:12:48]     -> An ERROR occurred while processing CAM_CB_03_20220930193626_predseg_labels_rectified_wse_map_95_perc: Too many points (841 out of 841) failed to transform, unable to compute output bounds.
[2026-01-28 00:12:50]     -> An ERROR occurred while processing CAM_CB_03_20220930194225_predseg_labels_rectified_depth_map_95_perc: Too many points (841 out of 841) failed to transform, unable to compute output bounds.
[2026-01-28 00:12:58]     -> An ERROR occurred while processing CAM_CB_03_20220930194225_predseg_labels_rectified_wse_map_95_perc: Too many points (841 out of 841) failed to transform, unable to compute output bounds.
[2026-01-28 00:12:58]     -> An ERROR occurred while processing CAM_CB_03_20220930194826_predseg_labels_rectified_depth_map_95_perc: Too many points (841 out of 841) failed to transform, unable to compute output bounds.
[2026-01-28 00:13:06]     -> An ERROR occurred while processing CAM_CB_03_20220930194826_predseg_labels_rectified_wse_map_95_perc: Too many points (841 out of 841) failed to transform, unable to compute output bounds.
[2026-01-28 00:13:09]     -> An ERROR occurred while processing CAM_CB_03_20220930195425_predseg_labels_rectified_depth_map_95_perc: Too many points (841 out of 841) failed to transform, unable to compute output bounds.
[2026-01-28 00:13:15]     -> An ERROR occurred while processing CAM_CB_03_20220930195425_predseg_labels_rectified_wse_map_95_perc: Too many points (841 out of 841) failed to transform, unable to compute output bounds.
[2026-01-28 00:13:15]     -> An ERROR occurred while processing CAM_CB_03_20220930200026_predseg_labels_rectified_depth_map_95_perc: Too many points (841 out of 841) failed to transform, unable to compute output bounds.
[2026-01-28 00:13:18]     -> An ERROR occurred while processing CAM_CB_03_20220930200026_predseg_labels_rectified_wse_map_95_perc: Too many points (841 out of 841) failed to transform, unable to compute output bounds.
[2026-01-28 00:13:18]     ...progress: 72% complete (195/272)
[2026-01-28 00:13:18]     -> An ERROR occurred while processing CAM_CB_03_20220930200626_predseg_labels_rectified_depth_map_95_perc: Too many points (841 out of 841) failed to transform, unable to compute output bounds.
[2026-01-28 00:13:23]     -> An ERROR occurred while processing CAM_CB_03_20220930200626_predseg_labels_rectified_wse_map_95_perc: Too many points (841 out of 841) failed to transform, unable to compute output bounds.
[2026-01-28 00:13:24]     -> An ERROR occurred while processing CAM_CB_03_20220930201225_predseg_labels_rectified_depth_map_95_perc: Too many points (841 out of 841) failed to transform, unable to compute output bounds.
[2026-01-28 00:13:28]     -> An ERROR occurred while processing CAM_CB_03_20220930201225_predseg_labels_rectified_wse_map_95_perc: Too many points (841 out of 841) failed to transform, unable to compute output bounds.
[2026-01-28 00:13:28]     -> An ERROR occurred while processing CAM_CB_03_20220930201826_predseg_labels_rectified_depth_map_95_perc: Too many points (841 out of 841) failed to transform, unable to compute output bounds.
[2026-01-28 00:13:30]     -> An ERROR occurred while processing CAM_CB_03_20220930201826_predseg_labels_rectified_wse_map_95_perc: Too many points (841 out of 841) failed to transform, unable to compute output bounds.
[2026-01-28 00:13:31]     -> An ERROR occurred while processing CAM_CB_03_20220930202425_predseg_labels_rectified_depth_map_95_perc: Too many points (841 out of 841) failed to transform, unable to compute output bounds.
[2026-01-28 00:13:33]     -> An ERROR occurred while processing CAM_CB_03_20220930202425_predseg_labels_rectified_wse_map_95_perc: Too many points (841 out of 841) failed to transform, unable to compute output bounds.
[2026-01-28 00:13:33]     -> An ERROR occurred while processing CAM_CB_03_20220930203026_predseg_labels_rectified_depth_map_95_perc: Too many points (841 out of 841) failed to transform, unable to compute output bounds.
[2026-01-28 00:13:39]     -> An ERROR occurred while processing CAM_CB_03_20220930203026_predseg_labels_rectified_wse_map_95_perc: Too many points (841 out of 841) failed to transform, unable to compute output bounds.
[2026-01-28 00:13:39]     -> An ERROR occurred while processing CAM_CB_03_20220930203625_predseg_labels_rectified_depth_map_95_perc: Too many points (841 out of 841) failed to transform, unable to compute output bounds.
[2026-01-28 00:13:44]     -> An ERROR occurred while processing CAM_CB_03_20220930203625_predseg_labels_rectified_wse_map_95_perc: Too many points (841 out of 841) failed to transform, unable to compute output bounds.
[2026-01-28 00:13:44]     -> An ERROR occurred while processing CAM_CB_03_20220930204225_predseg_labels_rectified_depth_map_95_perc: Too many points (841 out of 841) failed to transform, unable to compute output bounds.
[2026-01-28 00:13:44]     ...progress: 76% complete (208/272)
[2026-01-28 00:13:48]     -> An ERROR occurred while processing CAM_CB_03_20220930204225_predseg_labels_rectified_wse_map_95_perc: Too many points (841 out of 841) failed to transform, unable to compute output bounds.
[2026-01-28 00:13:48]     -> An ERROR occurred while processing CAM_CB_03_20220930204825_predseg_labels_rectified_depth_map_95_perc: Too many points (841 out of 841) failed to transform, unable to compute output bounds.
[2026-01-28 00:13:52]     -> An ERROR occurred while processing CAM_CB_03_20220930204825_predseg_labels_rectified_wse_map_95_perc: Too many points (841 out of 841) failed to transform, unable to compute output bounds.
[2026-01-28 00:13:52]     -> An ERROR occurred while processing CAM_CB_03_20220930205425_predseg_labels_rectified_depth_map_95_perc: Too many points (841 out of 841) failed to transform, unable to compute output bounds.
[2026-01-28 00:13:55]     -> An ERROR occurred while processing CAM_CB_03_20220930205425_predseg_labels_rectified_wse_map_95_perc: Too many points (841 out of 841) failed to transform, unable to compute output bounds.
[2026-01-28 00:13:56]     -> An ERROR occurred while processing CAM_CB_03_20220930210026_predseg_labels_rectified_depth_map_95_perc: Too many points (841 out of 841) failed to transform, unable to compute output bounds.
[2026-01-28 00:14:04]     -> An ERROR occurred while processing CAM_CB_03_20220930210026_predseg_labels_rectified_wse_map_95_perc: Too many points (841 out of 841) failed to transform, unable to compute output bounds.
[2026-01-28 00:14:07]     -> An ERROR occurred while processing CAM_CB_03_20220930210625_predseg_labels_rectified_depth_map_95_perc: Too many points (841 out of 841) failed to transform, unable to compute output bounds.
[2026-01-28 00:14:16]     -> An ERROR occurred while processing CAM_CB_03_20220930210625_predseg_labels_rectified_wse_map_95_perc: Too many points (841 out of 841) failed to transform, unable to compute output bounds.
[2026-01-28 00:14:17]     -> An ERROR occurred while processing CAM_CB_03_20220930211225_predseg_labels_rectified_depth_map_95_perc: Too many points (841 out of 841) failed to transform, unable to compute output bounds.
[2026-01-28 00:14:21]     -> An ERROR occurred while processing CAM_CB_03_20220930211225_predseg_labels_rectified_wse_map_95_perc: Too many points (841 out of 841) failed to transform, unable to compute output bounds.
[2026-01-28 00:14:22]     -> An ERROR occurred while processing CAM_CB_03_20220930211825_predseg_labels_rectified_depth_map_95_perc: Too many points (841 out of 841) failed to transform, unable to compute output bounds.
[2026-01-28 00:14:28]     -> An ERROR occurred while processing CAM_CB_03_20220930211825_predseg_labels_rectified_wse_map_95_perc: Too many points (841 out of 841) failed to transform, unable to compute output bounds.
[2026-01-28 00:14:28]     ...progress: 81% complete (221/272)
[2026-01-28 00:14:28]     -> An ERROR occurred while processing CAM_CB_03_20220930212426_predseg_labels_rectified_depth_map_95_perc: Too many points (841 out of 841) failed to transform, unable to compute output bounds.
[2026-01-28 00:14:30]     -> An ERROR occurred while processing CAM_CB_03_20220930212426_predseg_labels_rectified_wse_map_95_perc: Too many points (841 out of 841) failed to transform, unable to compute output bounds.
[2026-01-28 00:14:30]     -> An ERROR occurred while processing CAM_CB_03_20220930213025_predseg_labels_rectified_depth_map_95_perc: Too many points (841 out of 841) failed to transform, unable to compute output bounds.
[2026-01-28 00:14:33]     -> An ERROR occurred while processing CAM_CB_03_20220930213025_predseg_labels_rectified_wse_map_95_perc: Too many points (841 out of 841) failed to transform, unable to compute output bounds.
[2026-01-28 00:14:36]     -> An ERROR occurred while processing CAM_CB_03_20220930213625_predseg_labels_rectified_depth_map_95_perc: Too many points (841 out of 841) failed to transform, unable to compute output bounds.
[2026-01-28 00:14:42]     -> An ERROR occurred while processing CAM_CB_03_20220930213625_predseg_labels_rectified_wse_map_95_perc: Too many points (841 out of 841) failed to transform, unable to compute output bounds.
[2026-01-28 00:14:43]     -> An ERROR occurred while processing CAM_CB_03_20220930214226_predseg_labels_rectified_depth_map_95_perc: Too many points (841 out of 841) failed to transform, unable to compute output bounds.
[2026-01-28 00:14:49]     -> An ERROR occurred while processing CAM_CB_03_20220930214226_predseg_labels_rectified_wse_map_95_perc: Too many points (841 out of 841) failed to transform, unable to compute output bounds.
[2026-01-28 00:14:51]     -> An ERROR occurred while processing CAM_CB_03_20220930214826_predseg_labels_rectified_depth_map_95_perc: Too many points (841 out of 841) failed to transform, unable to compute output bounds.
[2026-01-28 00:14:56]     -> An ERROR occurred while processing CAM_CB_03_20220930214826_predseg_labels_rectified_wse_map_95_perc: Too many points (841 out of 841) failed to transform, unable to compute output bounds.
[2026-01-28 00:14:59]     -> An ERROR occurred while processing CAM_CB_03_20220930215426_predseg_labels_rectified_depth_map_95_perc: Too many points (841 out of 841) failed to transform, unable to compute output bounds.
[2026-01-28 00:15:06]     -> An ERROR occurred while processing CAM_CB_03_20220930215426_predseg_labels_rectified_wse_map_95_perc: Too many points (841 out of 841) failed to transform, unable to compute output bounds.
[2026-01-28 00:15:09]     -> An ERROR occurred while processing CAM_CB_03_20220930220025_predseg_labels_rectified_depth_map_95_perc: Too many points (841 out of 841) failed to transform, unable to compute output bounds.
[2026-01-28 00:15:09]     ...progress: 86% complete (234/272)
[2026-01-28 00:15:14]     -> An ERROR occurred while processing CAM_CB_03_20220930220025_predseg_labels_rectified_wse_map_95_perc: Too many points (841 out of 841) failed to transform, unable to compute output bounds.
[2026-01-28 00:15:15]     -> An ERROR occurred while processing CAM_CB_03_20220930220626_predseg_labels_rectified_depth_map_95_perc: Too many points (841 out of 841) failed to transform, unable to compute output bounds.
[2026-01-28 00:15:21]     -> An ERROR occurred while processing CAM_CB_03_20220930220626_predseg_labels_rectified_wse_map_95_perc: Too many points (841 out of 841) failed to transform, unable to compute output bounds.
[2026-01-28 00:15:22]     -> An ERROR occurred while processing CAM_CB_03_20220930221226_predseg_labels_rectified_depth_map_95_perc: Too many points (841 out of 841) failed to transform, unable to compute output bounds.
[2026-01-28 00:15:30]     -> An ERROR occurred while processing CAM_CB_03_20220930221226_predseg_labels_rectified_wse_map_95_perc: Too many points (841 out of 841) failed to transform, unable to compute output bounds.
[2026-01-28 00:15:32]     -> An ERROR occurred while processing CAM_CB_03_20220930221826_predseg_labels_rectified_depth_map_95_perc: Too many points (841 out of 841) failed to transform, unable to compute output bounds.
[2026-01-28 00:15:38]     -> An ERROR occurred while processing CAM_CB_03_20220930221826_predseg_labels_rectified_wse_map_95_perc: Too many points (841 out of 841) failed to transform, unable to compute output bounds.
[2026-01-28 00:15:40]     -> An ERROR occurred while processing CAM_CB_03_20220930222426_predseg_labels_rectified_depth_map_95_perc: Too many points (841 out of 841) failed to transform, unable to compute output bounds.
[2026-01-28 00:15:46]     -> An ERROR occurred while processing CAM_CB_03_20220930222426_predseg_labels_rectified_wse_map_95_perc: Too many points (841 out of 841) failed to transform, unable to compute output bounds.
[2026-01-28 00:15:49]     -> An ERROR occurred while processing CAM_CB_03_20220930223025_predseg_labels_rectified_depth_map_95_perc: Too many points (841 out of 841) failed to transform, unable to compute output bounds.
[2026-01-28 00:15:55]     -> An ERROR occurred while processing CAM_CB_03_20220930223025_predseg_labels_rectified_wse_map_95_perc: Too many points (841 out of 841) failed to transform, unable to compute output bounds.
[2026-01-28 00:15:57]     -> An ERROR occurred while processing CAM_CB_03_20220930223626_predseg_labels_rectified_depth_map_95_perc: Too many points (841 out of 841) failed to transform, unable to compute output bounds.
[2026-01-28 00:16:01]     -> An ERROR occurred while processing CAM_CB_03_20220930223626_predseg_labels_rectified_wse_map_95_perc: Too many points (841 out of 841) failed to transform, unable to compute output bounds.
[2026-01-28 00:16:01]     ...progress: 91% complete (247/272)
[2026-01-28 00:16:04]     -> An ERROR occurred while processing CAM_CB_03_20220930224226_predseg_labels_rectified_depth_map_95_perc: Too many points (841 out of 841) failed to transform, unable to compute output bounds.
[2026-01-28 00:16:10]     -> An ERROR occurred while processing CAM_CB_03_20220930224226_predseg_labels_rectified_wse_map_95_perc: Too many points (841 out of 841) failed to transform, unable to compute output bounds.
[2026-01-28 00:16:12]     -> An ERROR occurred while processing CAM_CB_03_20220930224826_predseg_labels_rectified_depth_map_95_perc: Too many points (841 out of 841) failed to transform, unable to compute output bounds.
[2026-01-28 00:16:23]     -> An ERROR occurred while processing CAM_CB_03_20220930224826_predseg_labels_rectified_wse_map_95_perc: Too many points (841 out of 841) failed to transform, unable to compute output bounds.
[2026-01-28 00:16:25]     -> An ERROR occurred while processing CAM_CB_03_20220930225426_predseg_labels_rectified_depth_map_95_perc: Too many points (841 out of 841) failed to transform, unable to compute output bounds.
[2026-01-28 00:16:30]     -> An ERROR occurred while processing CAM_CB_03_20220930225426_predseg_labels_rectified_wse_map_95_perc: Too many points (841 out of 841) failed to transform, unable to compute output bounds.
[2026-01-28 00:16:32]     -> An ERROR occurred while processing CAM_CB_03_20220930230026_predseg_labels_rectified_depth_map_95_perc: Too many points (841 out of 841) failed to transform, unable to compute output bounds.
[2026-01-28 00:16:40]     -> An ERROR occurred while processing CAM_CB_03_20220930230026_predseg_labels_rectified_wse_map_95_perc: Too many points (841 out of 841) failed to transform, unable to compute output bounds.
[2026-01-28 00:16:43]     -> An ERROR occurred while processing CAM_CB_03_20220930230626_predseg_labels_rectified_depth_map_95_perc: Too many points (841 out of 841) failed to transform, unable to compute output bounds.
[2026-01-28 00:16:49]     -> An ERROR occurred while processing CAM_CB_03_20220930230626_predseg_labels_rectified_wse_map_95_perc: Too many points (841 out of 841) failed to transform, unable to compute output bounds.
[2026-01-28 00:16:52]     -> An ERROR occurred while processing CAM_CB_03_20220930231227_predseg_labels_rectified_depth_map_95_perc: Too many points (841 out of 841) failed to transform, unable to compute output bounds.
[2026-01-28 00:16:57]     -> An ERROR occurred while processing CAM_CB_03_20220930231227_predseg_labels_rectified_wse_map_95_perc: Too many points (841 out of 841) failed to transform, unable to compute output bounds.
[2026-01-28 00:17:00]     -> An ERROR occurred while processing CAM_CB_03_20220930231830_predseg_labels_rectified_depth_map_95_perc: Too many points (841 out of 841) failed to transform, unable to compute output bounds.
[2026-01-28 00:17:00]     ...progress: 96% complete (260/272)
[2026-01-28 00:17:06]     -> An ERROR occurred while processing CAM_CB_03_20220930231830_predseg_labels_rectified_wse_map_95_perc: Too many points (841 out of 841) failed to transform, unable to compute output bounds.
[2026-01-28 00:17:09]     -> An ERROR occurred while processing CAM_CB_03_20220930232430_predseg_labels_rectified_depth_map_95_perc: Too many points (841 out of 841) failed to transform, unable to compute output bounds.
[2026-01-28 00:17:15]     -> An ERROR occurred while processing CAM_CB_03_20220930232430_predseg_labels_rectified_wse_map_95_perc: Too many points (841 out of 841) failed to transform, unable to compute output bounds.
[2026-01-28 00:17:17]     -> An ERROR occurred while processing CAM_CB_03_20220930233031_predseg_labels_rectified_depth_map_95_perc: Too many points (841 out of 841) failed to transform, unable to compute output bounds.
[2026-01-28 00:17:23]     -> An ERROR occurred while processing CAM_CB_03_20220930233031_predseg_labels_rectified_wse_map_95_perc: Too many points (841 out of 841) failed to transform, unable to compute output bounds.
[2026-01-28 00:17:24]     -> An ERROR occurred while processing CAM_CB_03_20220930233631_predseg_labels_rectified_depth_map_95_perc: Too many points (841 out of 841) failed to transform, unable to compute output bounds.
[2026-01-28 00:17:30]     -> An ERROR occurred while processing CAM_CB_03_20220930233631_predseg_labels_rectified_wse_map_95_perc: Too many points (841 out of 841) failed to transform, unable to compute output bounds.
[2026-01-28 00:17:34]     -> An ERROR occurred while processing CAM_CB_03_20220930234231_predseg_labels_rectified_depth_map_95_perc: Too many points (841 out of 841) failed to transform, unable to compute output bounds.
[2026-01-28 00:17:41]     -> An ERROR occurred while processing CAM_CB_03_20220930234231_predseg_labels_rectified_wse_map_95_perc: Too many points (841 out of 841) failed to transform, unable to compute output bounds.
[2026-01-28 00:17:44]     -> An ERROR occurred while processing CAM_CB_03_20220930234830_predseg_labels_rectified_depth_map_95_perc: Too many points (841 out of 841) failed to transform, unable to compute output bounds.

------------------------------------------------------------
Sender: LSF System <lsfadmin@gpu15>
Subject: Job 52259: <plot_depths> in cluster <Hazel> Exited

Job <plot_depths> was submitted from host <login03.hpc.ncsu.edu> by user <rmccune> in cluster <Hazel> at Tue Jan 27 22:17:43 2026
Job was executed on host(s) <32*gpu15>, in queue <gpu>, as user <rmccune> in cluster <Hazel> at Tue Jan 27 22:17:44 2026
</home/rmccune> was used as the home directory.
</rsstu/users/k/kanarde/NASA-Sunnyverse/rmccune/poseidon/poseidon_deploy/hpc_submission_scripts> was used as the working directory.
Started at Tue Jan 27 22:17:44 2026
Terminated at Wed Jan 28 00:18:21 2026
Results reported at Wed Jan 28 00:18:21 2026

Your job looked like:

------------------------------------------------------------
# LSBATCH: User input
#! /bin/bash

#BSUB -J plot_depths
#BSUB -W 120
#BSUB -n 32
#BSUB -R "span[hosts=1]"
#BSUB -R "rusage[mem=8G]"
#BSUB -R "select[a100 || l40 || l40s || h100]"
#BSUB -gpu "num=1:mode=shared"
#BSUB -q gpu    
#BSUB -o plotting.%J.out
#BSUB -e plotting.%J.err

source ~/.bashrc

export MPI4PY_RC_INITIALIZE=False
export TMPDIR=/tmp

SUBMIT_DIR="${LS_SUBCWD:-$PWD}"
ENV_FILE="$SUBMIT_DIR/../hpc_paths.env"

if [ -f "$ENV_FILE" ]; then
    source "$ENV_FILE"
    echo "Loaded environment variables from $ENV_FILE"
else
    echo "Warning: No hpc_paths.env file found at $ENV_FILE"
fi

echo "Activating conda environment..."
conda activate $POSEIDON_ENV

REPO_ROOT=$(cd $LS_SUBCWD/../.. && pwd)
RUNNER_SCRIPT="$REPO_ROOT/poseidon_deploy/naiads/run_plotter.py"
EVENT_DIR="$REPO_ROOT/data/carolina_beach/flood_events"

echo "Starting plotter Python script with MPI..."

# Using CB_03 extents based on your snippet
# Change --location to "DE_01" and update extents if running for Down East
mpirun python -u $RUNNER_SCRIPT \
    --event_dir $EVENT_DIR \
    --location "CB_03" \
    --min_x 712160 \
    --max_x 712230 \
    --min_y 33100 \
    --max_y 33170 \
    --bbox_crs "EPSG:32119" \
    --resolution 0.05 \
    --stats "95_perc"


(... more ...)
------------------------------------------------------------

TERM_RUNLIMIT: job killed after reaching LSF run time limit.
Exited with exit code 140.

Resource usage summary:

    CPU time :                                   429400.00 sec.
    Max Memory :                                 23 GB
    Average Memory :                             22.45 GB
    Total Requested Memory :                     8.00 GB
    Delta Memory :                               -15.00 GB
    Max Swap :                                   -
    Max Processes :                              68
    Max Threads :                                479
    Run time :                                   7260 sec.
    Turnaround time :                            7238 sec.

The output (if any) is above this job summary.



PS:

Read file <plotting.52259.err> for stderr output of this job.

